SKU,Part#,DESC EN,img links
10-219,31110000000170,FOLCON GLOVES,https://i.ibb.co/tDTbPYH/20230219-150710.jpg
1-100,6110013-BS13,GAMO BLACK SHADOW 4.5 CAL,https://alrimaya.com/image/cache/catalog/SKU:%201-/1-100-800x800.png
1-101,6110009-FO13,GAMO FOREST 4.5 CAL,https://alrimaya.com/image/cache/catalog/SKU:%201-/1-101-800x800.png
1-111,61100105513,GAMO MAXIMA 5.5 CAL,https://www.gamo.com/wp-content/uploads/2021/12/HUNTER-MAXXIM-IGT-ref-611005655-MIGT-1.jpg
1-117,31101000000087,AIRRIFLE MOD 55S TR CAL 4.5,https://alrimaya.com/image/catalog/SKU:%201-/1-117%D8%A8%D9%86%D8%AF%D9%82%D9%8A%D8%A9.png
1-118,31101000000088,AIRRIFLE MOD 85 CAL 4.5,https://alrimaya.com/image/catalog/SKU:%201-/1-118%D8%A8%D9%86%D8%AF%D9%82%D9%8A%D8%A9.png
1-120,31101000000090,AIRRIFLE MOD 95 CAL 4.5,https://alrimaya.com/image/catalog/SKU:%201-/1-120%D8%A8%D9%86%D8%AF%D9%82%D9%8A%D8%A9.png
11-224,31111000000133,X5MT-WT,https://alrimaya.com/image/cache/catalog/product/2383/11-224%20(3)-2383-thumb-800x800.jpg
11-236,31111000000145,X1MT-WB / WT  Led Spotlight  INOVA,https://www.travers.com/media/catalog/product/9/9/99-002-620_08-03-18.jpg?optimize=medium&fit=bounds&height=&width=&canvas=:
11-252,31111000000161,XOMT-WB/WT  Spotlight,https://i.ibb.co/s3g3J5H/11-252-Large.jpg
11-259,31111000000168,XO3MT - WT / WB,https://www.police.com.tw/inova/xo3-800-2.jpg
11-260,31111000000169,T1-WB White Led Black Case (671192-22005-9),https://alrimaya.com/image/catalog/11-12-13-14/1.png
11-261,31111000000170,T2-WB White Led Black Case (671192-22020-2),https://alrimaya.com/image/catalog/11-12-13-14/11-261-(20).png
11-262,31111000000171,T3-WB White Led Black Case (671192-22010-3),https://alrimaya.com/image/cache/catalog/11-12-13-14/11-262%20(10)%20%D9%83%D8%B4%D8%A7%D9%81%20%D8%B1%D8%A3%D8%B3%20-800x800.png
1-127,31101000000097,GAMO SHADOW IGT 4.5 CAL,https://www.gamo.com/wp-content/uploads/2020/05/61100295-IGT.jpg
11-305,31111000000214,T 4 BLACK,https://www.elfadistrelec.no/Web/WebShopImages/landscape_large/8_/v2/INOVA-T4RC-01-R8_V2.jpg
11-306,31111000000215,CB-W,https://i.ebayimg.com/images/g/s-MAAOSw4UtWRfwj/s-l500.jpg
1-131,31101000000101,AIR RIFLE MOD 90TR(CAL 4.5),https://alrimaya.com/image/catalog/SKU:%201-/1-131%D8%A8%D9%86%D8%AF%D9%82%D9%8A%D8%A9.png
11-323,31111000000232,R2C-T Carbon Fiber Balck/Titanium Head,https://www.copsplus.com/products/large/mi-r2c-t.jpg
11-324,31111000000233,"T5 Black Knurled Handle, white led(671192-22015-8)",https://i.ibb.co/Rv99G2r/11-324-1-Large.jpg
11-326,31111000000235,R2A-T Carbon Fiber Balck/Titanium Head,https://i.ibb.co/6yK97Pz/11-326-2-Large.jpg
1-135,31101000000105,AIR RIFLE BT65 SB FIBER (CAL 4.5),https://alrimaya.com/image/catalog/product/1542/1-135-(2)-1542-thumb.jpg
11-350,31111000000259,CAMP LIGHT,https://i.ibb.co/M2gYsZy/11-350-3-Large.jpg
11-358,31111000000265,HEAD LIGHT GREEN -CREE-AAA,https://alrimaya.com/image/cache/catalog/11-12-13-14/11-358%20%20(1)%D9%83%D8%B4%D8%A7%D9%81%20%D8%B1%D8%A3%D8%B3%20-800x800.png
1-136,6110052-FO13,GAMO DELTA FOREST 4.5 CAL,https://alrimaya.com/image/catalog/SKU:%201-/1-136.png
11-360,31111000000266,HEAD LIGHT BLACK-CREE-AAA,https://alrimaya.com/image/cache/catalog/11-12-13-14/11-360%20(10)%20%D9%83%D8%B4%D8%A7%D9%81%20%D9%83%D8%A8%D8%B3-800x800.png
11-362,31111000000271,RECHARGEABLE 35W HID SPOTLIGHT WITH AC &DC CHARGER,https://alrimaya.com/image/cache/catalog/11-12-13-14/11-362%20(5)%D9%83%D8%B4%D8%A7%D9%81%20-800x800.png
11-367,31111000000276,EMISSIVE BOLT3A FLASH LIGHT BLT34,https://alrimaya.com/image/cache/catalog/11-12-13-14/11-367%20%D9%83%D8%B4%D8%A7%D9%81%20%D8%A5%D9%86%D9%88%D9%81%D8%A7%20(4)-800x800.png
11-368,31111000000277,EMISSIVE BOLT 2A FLASH LIGHT BLT2A,https://alrimaya.com/image/cache/catalog/product-11-12-13-14/11-368%20(4)-800x800.png
1-137,31101000000107,HUNTER IGT CAL-4.5,https://www.afg-defense.eu/sub/afg.sk/shop/product/vzduchovka-gamo-hunter-se-igt-kal.45mm-2151.jpg.webp?1658232619&1658232619
11-371,851310000001,HALOGEN SPOTLIGHT - 12V 100W,https://alrimaya.com/image/cache/catalog/11-12-13-14/11-371%20%D9%83%D8%B4%D8%A7%D9%81%20%D9%83%D8%A8%D8%B3%20(3)-800x800.png
11-373,31111000000282,12 V HLDR+5M WIRE(4XE27),https://i.ibb.co/WkKng9v/11-373-Large.jpg
11-377,31111000000285,"35W HID BULB 150MM HANDHELDSPOTLIGHT,12VCARCHARGER",https://alrimaya.com/image/catalog/11-12-13-14/11-377%20%D9%83%D8%B4%D8%A7%D9%81%20%D9%83%D8%A8%D8%B3%20(4).png
11-378,31111000000286,LED LIGHT LED AND  LIGHT PARTS,https://i.ibb.co/Xpqs43t/Whats-App-Image-2023-03-12-at-12-10-55-PM.jpg
11-379,31111000000287,HID BULB AND SPARE,https://i.ibb.co/PCWrRj3/11-379.jpg
1-138,6110029513,GAMO SHADOW DX AIR CARBINE 4.5 CAL,https://alrimaya.com/image/catalog/SKU:%201-/1-138.png
11-380,31111000000289,LAMP,https://alrimaya.com/image/catalog/000/11-380-(1).jpg
11-385,31111000000292,LED LIGHT WITHOUT LAMP,https://alrimaya.com/image/catalog/11-12-13-14/11-385-(3).png
11-387,31111000000294,LED SPOT LIGHT HML-018-10W-6400K,https://alrimaya.com/image/catalog/11-12-13-14/11-387%20%D9%83%D8%B4%D8%A7%D9%81%20%D8%AC%D9%84%D8%B3%D8%A9%20(1).png
11-393,31111000000302,T4-(DC ADAPTER),https://i.ibb.co/FnRpqCV/11-393-Large.jpg
11-394,31111000000303,T4-(CHARGING CRADLE),https://sep.yimg.com/ca/I/theshorelinemarket_2613_3626026
11-399,31111000000307,4X1W LED,https://i.ibb.co/JpnqS2C/11-399-1-Large.jpg
11-400,31111000000308,DC 12V LIGHT (3W),https://alrimaya.com/image/catalog/11-12-13-14/11-400%20%D9%84%D9%85%D8%A8%D8%A9%20(3).png
11-405,31111000000313,T3R- RECHARGE FLASH LIGHT,https://m.media-amazon.com/images/I/71nVn70zE4L._AC_SL1500_.jpg
11-406,31111000000315,35W HANDHELD SPOTLIGHT,https://i.ibb.co/18J5Jgg/11-406-1-Large.jpg
11-407,31111000000316,CREE R5 LED WORK LIGHT WITH SUCK BASE,https://i.ibb.co/wSjq2wz/11-407-Large.jpg
11-408,31111000000317,CREE R5 LED WORK LIGHT WITH MAGNETIC BASE,https://i.ibb.co/f8kWc69/11-408-Large.jpg
11-409,31111000000318,REMOTE 55W HID SERCHLIGHT,https://alrimaya.com/image/cache/catalog/11-12-13-14/11-409%D9%83%D8%B4%D8%A7%D9%81%20%D9%85%D8%AA%D8%AD%D8%B1%D9%83%20%D8%A8%D8%A7%D9%84%D8%B1%D9%8A%D9%85%D9%88%D8%AA%20%20(4)-800x800.png
11-411,31111000000320,4W SOLAR DC LIGHTING KIT,https://alrimaya.com/image/cache/catalog/11-12-13-14/11-411%20%D9%84%D9%85%D8%A8%D8%A7%D8%AA%20%D8%AC%D9%84%D8%B3%D8%A9%20%D8%B9%D9%84%D9%89%20%D8%A7%D9%84%D8%B7%D8%A7%D9%82%D8%A9%20%D8%A7%D9%84%D8%B4%D9%85%D8%B3%D9%8A%D8%A9%20%20%20(5)-800x800.png
11-412,31111000000321,SOLA LED LIGHT BULB(YELLOW),https://i.ibb.co/LxY39kB/20230219-151240.jpg
11-414,31111000000323,LED SPOT LIGHT HML-028-10W-6400K,https://alrimaya.com/image/catalog/product/1456/11-414-1000-1456-thumb.jpg
11-415,31111000000324,LED 4SIDE,https://alrimaya.com/image/cache/catalog/11-12-13-14/11-415%20%D9%84%D9%85%D8%A8%D8%A9%20%D8%AC%D9%84%D8%B3%D8%A9%20%20(1)-800x800.png
11-416,31111000000325,LED-LIGHT WITH COVER,https://alrimaya.com/image/catalog/11-12-13-14/11-416%20%D9%83%D8%B4%D8%A7%D9%81%20%D8%AC%D9%84%D8%B3%D8%A9%20(2).png
11-417,31111000000326,12V-LED Llight,https://i.ibb.co/5Tt4gWm/11-417-2-Large.jpg
11-418,31111000000327,LED-8502,https://alrimaya.com/image/catalog/product/1457/11-418-1000-1-1457-thumb.jpg
11-419,31111000000328,X2DM-HB-I,https://i.ibb.co/vvzcKZQ/11-419-3-Large.jpg
11-420,31111000000329,X3RDMA-HB-I,https://alrimaya.com/image/catalog/product/2384/11-420%20(2)-2384-thumb.jpg
11-428,31111000000337,LED LIGHT DC-12V-0215L,https://alrimaya.com/image/cache/catalog/11-12-13-14/11-428%20%20%D9%83%D8%B4%D8%A7%D9%81%20%D8%AC%D9%84%D8%B3%D8%A9%20%20(2)-800x800.png
11-429,31111000000338,LED SPOT LIGHT HML-1410-6400K,https://alrimaya.com/image/catalog/product-11-12-13-14/11-429%20(5).png
11-430,31111000000339,LED SPOT LIGHT HML -0920-20W-6400K,https://alrimaya.com/image/cache/catalog/11-12-13-14/11-430%20%20%D9%83%D8%B4%D8%A7%D9%81%20%D8%AC%D9%84%D8%B3%D8%A9%20%20(1)-800x800.png
11-431,31111000000340,LED SPOT LIGHT HML -1518-18W-6400K,https://i.ibb.co/dGbFqKH/11-431-Large.jpg
11-432,31111000000341,LED LIGHT DC-12V-005,https://i.ibb.co/6NhVxFR/11-432-2-Large.jpg
11-433,31111000000342,LED LIGHT DC-12V-101,https://alrimaya.com/image/catalog/product/1458/11-433-1000-(4)-1458-thumb.jpg
11-435,31111000000344,30 W SPOT LIGHT NLD-1239,https://i.ibb.co/zVX5qch/11-435.jpg
11-438,31111000000347,EXTENSION SOCKET WITH USB,https://i.ibb.co/R3XdWZK/11-438.jpg
11-440,31111000000349,"LED WORK LIGHT, 80W,CREE, 9-60V, SPOT BEAM, 6500K",https://i.ibb.co/qrnPPkX/11-440.jpg
11-442,31111000000351,12V LIGHT CAR TYPE,https://alrimaya.com/image/catalog/product/1459/11-442-1000-(1)-1459-thumb.jpg
11-443,31111000000352,12V 1X3 LED WITH CABLE,https://i.ibb.co/LJd1G3s/11-443-1-Large.jpg
11-444,31111000000353,INPUT 220V - OUTPUT 4 USB,https://i.ibb.co/MC5ftMZ/11-444.jpg
11-445,31111000000354,12V LED 3X3W-CREE,https://i.ibb.co/bN9QJ7c/11-445.jpg
11-447,31111000000356,10W RECHARGEABLE LED FLOOD LIGHT,https://alrimaya.com/image/cache/catalog/11-12-13-14/11-447%20%D9%83%D8%B4%D8%A7%D9%81%20%D8%AC%D9%84%D8%B3%D8%A9%20%20(5)-800x800.png
11-448,31111000000357,"43"" 240W LED LIGHT BAR, SPOT BEAM",https://alrimaya.com/image/cache/catalog/11-12-13-14/11-448%20%D9%84%D9%8A%D8%AF%20%D8%A8%D8%A7%D8%B1%20%20(3)-800x800.png
11-449,31111000000358,FLASH LIGHT 150 LUMIN( GOLD)-W/USB CHARGER-,https://alrimaya.com/image/catalog/11-12-13-14/11-449%20%D9%83%D8%B4%D8%A7%D9%81%20%D9%8A%D8%AF%D9%88%D9%8A%20(1).png
11-450,31111000000359,MINI FLASHLIGHT-123 BATTRY,https://alrimaya.com/image/catalog/product/1460/11-450-1000-(4)-1460-thumb.jpg
11-452,31111000000361,12V X 5W LED LIGHT WITH HOLDER,https://i.ibb.co/1fhGDvm/11-452-1-Large.jpg
11-453,31111000000362,12V X 5W LED LIGHT,https://alrimaya.com/image/catalog/16-4-2018/11-453-(1).jpg
11-454,31111000000363,BOLT 2L FLASHLIGHT-I,https://i.ibb.co/fpGR7gw/11-454-5-Large.jpg
11-455,31111000000364,25W LED WORK LIGHT WITH MAGNETIC BASE,https://alrimaya.com/image/catalog/11-12-13-14/11-456%20(4)%D9%83%D8%B4%D8%A7%D9%81%20%D9%84%D9%84%D8%B1%D8%AD%D9%84%D8%A7%D8%AA.png
11-456,31111000000365,15W LED WORK LIGHT WITH MAGNETIC BASE,https://i.ibb.co/d5vPVTC/11-456-1-Large.jpg
11-457,31111000000366,"40W LED WORK LIGHT, FLOOD BEAM, WITH MAGNATIC BASE",https://i.ibb.co/TcVJJ3y/11-457-1-Large.jpg
11-458,31111000000367,"288W LIGHT BAR, COMBO BEAN",https://alrimaya.com/image/catalog/11-12-13-14/11-458%20%D9%84%D9%8A%D8%AF%20%D8%A8%D8%A7%D8%B1%20(3).png
11-459,31111000000368,36W LED LIGHT BAR,https://alrimaya.com/image/cache/catalog/11-12-13-14/11-459%20%20%20%D9%84%D9%8A%D8%AF%20%D8%A8%D8%A7%D8%B1%20(2)-800x800.png
1-146,6110019213,GAMO DELTAMAX FORCE 4.5 CAL,https://alrimaya.com/image/catalog/SKU:%201-/1-146.png
11-460,31111000000369,72W LED LIGHT BAR,https://alrimaya.com/image/cache/catalog/11-12-13-14/11-460%20%20%D9%84%D9%8A%D8%AF%20%20%D8%A8%D8%A7%D8%B14)%20(1)-800x800.png
11-461,31111000000370,FLOOR LED,https://i.ibb.co/jfWTHdm/11-461-1-Large.jpg
11-463,31111000000372,FLOOR LED WITH CARRY BAG,https://alrimaya.com/image/cache/catalog/11-12-13-14/11-463%20%D9%83%D8%B4%D8%A7%D9%81%20(1)-800x800.png
11-465,31111000000374,CREE LED LIGHT 2x10W=20W,https://alrimaya.com/image/catalog/11-12-13-14/11-465%20%D9%83%D8%B4%D8%A7%D9%81%20%D9%84%D9%84%D8%B1%D8%AD%D9%84%D8%A7%D8%AA%20(5).png
11-466,31111000000375,LED LIGHT 12x3W=36W TWO MOUNT,https://i.ibb.co/jw77PPt/11-466-Large.jpg
11-467,31111000000376,CREE LED LIGHT 1x10W=10W,https://alrimaya.com/image/catalog/11-12-13-14/11-467%20%D9%83%D8%B4%D8%A7%D9%81%20%D9%84%D9%84%D8%B1%D8%AD%D9%84%D8%A7%D8%AA%20(2).png
11-468,31111000000377,DC 12V LIGHT (9W),https://alrimaya.com/image/cache/catalog/11-12-13-14/11-468%20%D9%83%D8%B4%D8%A7%D9%81%20%D9%84%D9%84%D8%B1%D8%AD%D9%84%D8%A7%D8%AA%20%20(2)-800x800.png
1-147,31101000000117,"HUNTER 1250 AL CAL.5,5",https://alrimaya.com/image/catalog/SKU:%201-/1-147.png
11-471,31111000000380,12V LED LIGHT 8x1W=8W,https://i.ibb.co/Kx8j37m/11-471-1-Large.jpg
11-473,31111000000382,LED LIGHT,https://i.ibb.co/dKhdSBJ/11-473-1-Large.jpg
11-475,31111000000384,12V LED 40W WITH BAG WHITE,https://alrimaya.com/image/catalog/16-4-2018/11-475-(3).jpg
11-476,31111000000385,12V LED 12W WITH BAG WHITE,https://alrimaya.com/image/catalog/product/2506/11-476%20(1)-min-2506-thumb.jpg
11-477,31111000000386,12V LED MINI WITH BAG,https://i.ibb.co/b7h5dnL/11-477-1-Large.jpg
11-480,31111000000389,HEAD LIGHT DOBULE T6 RE-CHARGER,https://alrimaya.com/image/catalog/16-4-2018/11-480-(3).jpg
11-481,31111000000390,HEAD LIGHT REGHARGE LED,https://i.ibb.co/B35ZvY0/11-481-Large.jpg
11-484,31111000000393,AT-203-12V  BATTERY WITH 3LED,https://i.postimg.cc/T3HHzJhJ/11-484-2-Large.jpg
11-488,31111000000397,120W LED LIGHT BAR,https://i.postimg.cc/QN1GcwVG/11-488-2-Large.jpg
11-489,31111000000398,"288W CURVED LIGHT BAR,9-32V, COMBO BEAM",https://s.alicdn.com/@sc04/kf/Hcd5e04607082485695ac6d3dde3316e1s.jpg_960x960.jpg
1-149,31101000000119,AIR RIFLE BT65 SB  WOOD CAL 4.5,https://alrimaya.com/image/catalog/product/1543/1-156-1-149-(2)-1543-thumb.jpg
11-490,31111000000399,LED LANTERN + SOLAR CHARGE DS-7607A+AC/DC CRG,https://alrimaya.com/image/catalog/product/1461/11-490-1000-(20)-1461-thumb.jpg
11-491,31111000000400,LED LIGHT  HML-008 3LED LAMP-6400K,https://alrimaya.com/image/catalog/product-11-12-13-14/11-491%20(4)%20%D9%84%D8%A8%D9%85%D8%A7%D8%AA%20%D9%84%D9%8A%D8%AF%20%D8%A8%D8%AA%D9%88%D8%B5%D9%8A%D9%84%D8%A9.png
11-492,31111000000401,LED LIGHT  HML-007-2 LED LAMP-6400K,https://alrimaya.com/image/catalog/product-11-12-13-14/11-492%20(3)%20%D8%AA%D9%88%D8%B5%D9%8A%D9%84%D8%A9%20%D9%85%D8%B9%202%20%D9%84%D9%85%D8%A8%D8%A9.png
11-493,31111000000402,LED LIGHT  HML-031-1 LED LAMP-6400K,https://alrimaya.com/image/catalog/product/1462/11-493-1000-(2)-1462-thumb.jpg
11-494,31111000000403,HEAD LIGHT,https://i.postimg.cc/T3GRyGc4/11-494-1-Large.jpg
11-495,31111000000404,FLASH LIGHT,https://i.postimg.cc/L5nSp82J/11-495-1.jpg
11-497,31111000000406,FLASHLIGHT ALRIMAYA BATTERY,https://alrimaya.com/image/catalog/product/1173/11-497-(1)-1173-thumb.jpg
11-499,31111000000408,LED 15W,https://alrimaya.com/image/catalog/product-11-12-13-14/11-499%20(2)%20%D9%84%D9%85%D8%A8%D8%A9%20%D9%84%D9%8A%D8%AF%20%D8%A8%D8%AA%D9%88%D8%B5%D9%8A%D9%84%D8%A9.png
11-500,31111000000409,SPOT LIGHT,https://alrimaya.com/image/catalog/product-11-12-13-14/11-500%20(4)%20%D9%83%D8%B4%D8%A7%D9%81%20%D8%AC%D9%84%D8%B3%D8%A9%20%D9%83%D8%A8%D8%B3.png
11-501,31111000000410,CAMPING LED LIGHT,https://alrimaya.com/image/catalog/product-11-12-13-14/11-501%20(3)%20%D9%83%D8%B4%D8%A7%D9%81%20%D8%AC%D9%84%D8%B3%D8%A9.png
11-503,31111000000412,LED LIGHT,https://alrimaya.com/image/cache/catalog/product-11-12-13-14/11-503%20(4)%20%D9%83%D8%B4%D8%A7%D9%81%20%D8%B4%D8%AD%D9%86-800x800.png
11-504,31111000000413,LED LIGHT,https://alrimaya.com/image/catalog/product-11-12-13-14/11-504%20(4)%20%D9%83%D8%B4%D8%A7%D9%81%20%D8%AC%D9%84%D8%B3%D8%A9%20%D9%84%D9%8A%D8%AF.png
11-505,31111000000414,LED LIGHT,https://alrimaya.com/image/catalog/product-11-12-13-14/11-505%20(3)%20%D9%83%D8%B4%D8%A7%D9%81%20%D8%AC%D9%84%D8%B3%D8%A9%20%D9%84%D9%8A%D8%AF.png
11-506,31111000000415,LED LIGHT,https://i.postimg.cc/mZXZ60Bc/11-506-Large.jpg
11-507,31111000000416,2700K 15W LED LIGHT MAGNETIC BASE&3M CABLE+1M WIRE,https://alrimaya.com/image/catalog/product-11-12-13-14/11-507%20(5)%20%D9%83%D8%B4%D8%A7%D9%81%20%D9%84%D9%8A%D8%AF%20%D9%83%D8%B1%D9%8A.png
11-508,31111000000417,2700L 42W LED LIGHT WITH MEGNETIC TASE 3M+ 1M WIRE,https://alrimaya.com/image/catalog/product-11-12-13-14/11-508%20(4)%20%D9%83%D8%B4%D8%A7%D9%81%20%D9%84%D9%8A%D8%AF%20%D9%83%D8%B1%D9%8A.png
11-510,31111000000419,"180W CURVED LIGHT BAR, COMBO BEAM",https://alrimaya.com/image/catalog/product-11-12-13-14/11-510%20(4)%20%D9%84%D9%8A%D8%AF%20%D8%A8%D8%A7%D8%B1.png
11-511,31111000000420,216W LIGHT BAR,https://alrimaya.com/image/catalog/product-11-12-13-14/11-511%20(3)%20%D9%84%D9%8A%D8%AF%20%D8%A8%D8%A7%D8%B1.png
11-513,31111000000422,35W HID HANDHELD SPOTLIGHT WITH 12VCIGAR PLUG,https://alrimaya.com/image/catalog/product-11-12-13-14/1.png
11-514,31111000000423,51W DC 12V HML-1040,https://alrimaya.com/image/catalog/product-11-12-13-14/11-514%20(5).png
11-515,31111000000424,10W DC 12V HML-1039,https://alrimaya.com/image/catalog/product-11-12-13-14/11-515%20(2).png
11-516,31111000000425,RECHARGEABLE LED LIGHT 6400K AC/DC  50/60HZ 10W,https://alrimaya.com/image/catalog/product/2519/11-516-min-2519-thumb.jpg
11-517,31111000000426,RECHARGEABLE LED LIGHT 6400K AC/DC  50/60HZ 10W,https://i.ibb.co/MsKdnP7/11-517-Large.jpg
11-518,31111000000427,LIGHT 10W,https://alrimaya.com/image/catalog/product-11-12-13-14/11-518%20(2).png
11-519,31111000000428,LIGHT 5W,https://alrimaya.com/image/catalog/product-11-12-13-14/11-519%20(2).png
11-520,31111000000429,LIGHT 8W,https://alrimaya.com/image/catalog/product-11-12-13-14/11-520%20(1).png
11-521,31111000000430,LIGHT 220V 3U 2700K 23W,https://alrimaya.com/image/catalog/product/2520/11-521%20(3)-min-2520-thumb.jpg
11-522,31111000000431,HEAD LIGHT,https://alrimaya.com/image/catalog/product-11-12-13-14/11-522%20(2).png
11-524,31111000000433,TORCH LIGHT-T6,https://alrimaya.com/image/catalog/product-11-12-13-14/11-524%20(3).png
11-525,31111000000434,FLASH LIGHT,https://i.ibb.co/tMZNHgT/Whats-App-Image-2023-03-11-at-5-46-41-PM.jpg
11-526,31111000000435,TORCH LIGHT SMALL-T6,https://alrimaya.com/image/catalog/product-11-12-13-14/11-526%20(6).png
11-527,31111000000436,FLASH LIGHT,https://alrimaya.com/image/catalog/11-12-13-14/11-527-(1).png
11-528,31111000000437,CAMPING LED LIGHT,https://alrimaya.com/image/catalog/product-11-12-13-14/11-528%20(3).png
11-529,31111000000438,CAMPING LED LIGHT,https://alrimaya.com/image/catalog/product-11-12-13-14/11-529%20(1).png
11-530,31111000000439,FLASHLIGHT 330 Lumen - 3 W,https://alrimaya.com/image/catalog/product-11-12-13-14/11-530%20(4).png
11-531,31111000000440,330 lum RECHARGEABLE FlashLight + AC/DC CHARGER,https://alrimaya.com/image/catalog/product-11-12-13-14/11-531%20(6).png
11-532,31111000000441,25 W HANDHELD SPOTLIGHT WITH 12V CIGAR PLUG,https://i.ibb.co/QFXtVcT/11-532-Large.jpg
11-534,31111000000443,FLASH LIGHT,https://alrimaya.com/image/catalog/11-12-13-14/11-534-(5).png
11-535,31111000000444,HEAD LIGHT GOLD OUTPUT USB  ROUND,https://alrimaya.com/image/catalog/11-12-13-14/11-535-(23.png
11-536,31111000000445,HEAD LIGHT GOLD OUTPUT USB  SQUARE,https://alrimaya.com/image/cache/catalog/product-11-12-13-14/11-536%20(2)-800x800.png
11-537,31111000000446,CAMPING LED LIGHT,https://alrimaya.com/image/catalog/product-11-12-13-14/11-537%20(3).png
11-539,31111000000448,5W LED 5M,https://alrimaya.com/image/catalog/product/2521/11-539%20(2)-min-2521-thumb.jpg
11-541,31111000000450,CAMPING LED LIGHT,https://alrimaya.com/image/catalog/product-11-12-13-14/11-541%20(3).png
11-542,31111000000451,CAMPING LED LIGHT,https://alrimaya.com/image/catalog/product-11-12-13-14/11-542%20(1).png
11-544,31111000000453,MINI TORCH LIGHT,https://alrimaya.com/image/catalog/product-11-12-13-14/11-544%20(4).png
11-546,31111000000455,HEAD LIGHT WITH POWER BANK,https://alrimaya.com/image/catalog/11-12-13-14/11-546-(2).png
11-547,31111000000456,FLASH LIGHT WITH BATTERY & CHARGER,https://alrimaya.com/image/catalog/11-12-13-14/11-547-(7).png
11-549,31111000000458,DC 12V LIGHT (12W),https://alrimaya.com/image/catalog/product-11-12-13-14/11-549%20(3).png
1-155,31101000000125,AIR RIFLE BT65 SB FIBER CAL 5.5,https://alrimaya.com/image/catalog/product/3055/1-155-(5)-min-3055-thumb.jpg
11-550,31111000000459,DC 12V LIGHT (16W),https://alrimaya.com/image/catalog/product-11-12-13-14/11-550%20(3).png
11-551,31111000000460,15W LED Rechargeable Light Magnetic base,https://alrimaya.com/image/catalog/product-11-12-13-14/11-551%20(1).png
11-553,31111000000462,10W Emergency light with alligator clip,https://alrimaya.com/image/catalog/product-11-12-13-14/11-553%20(2).png
11-554,31111000000463,"cree led 25w rechargeable spotlight  AC,DC charger",https://alrimaya.com/image/catalog/product-11-12-13-14/11-554%20(2).png
11-557,31111000000466,120W LED LIGHT BAR,https://i.ibb.co/dcnKtD5/11-557.jpg
1-156,31101000000126,AIR RIFLE BT65 SB  WOOD CAL 5.5,https://alrimaya.com/image/catalog/product/1544/1-156-1-149-(2)-1544-thumb.jpg
11-560,31111000000469,LED HAND LIGHT RECHARGER USB,https://alrimaya.com/image/catalog/product/1184/11-560-(2)-1184-thumb.jpg
11-561,31111000000470,LED HAND LIGHT RECHARGER,https://alrimaya.com/image/catalog/product/1463/11-561-1000-(5)-1463-thumb.jpg
11-562,31111000000471,12V LED WORKING LIGHT,https://alrimaya.com/image/catalog/product-11-12-13-14/11-562%20(3).png
11-563,31111000000472,"LED MAP LIGHT,WHITE COLOR",https://alrimaya.com/image/catalog/product-11-12-13-14/11-563%20(2).png
11-564,31111000000473,LED POWER BANK 3 WAY CHARGER,https://alrimaya.com/image/catalog/product-11-12-13-14/11-564%20(5).png
11-565,31111000000474,LED WORK LIGHT,https://alrimaya.com/image/catalog/product/1383/11-565-(2)-1383-thumb.jpg
11-566,31111000000475,AAA -TORCH LIGHT W-MAGANTIC,https://i.postimg.cc/6qjQrP5v/11-566-1.jpg
11-567,31111000000476,AAA-UV LIGHT 51 LED,https://alrimaya.com/image/catalog/product-11-12-13-14/11-567%20(2).png
11-568,31111000000477,AAA-UV LIGHT 21 LED,https://alrimaya.com/image/catalog/product-11-12-13-14/11-568%20(3).png
1-157,31101000000127,GAMO COYOTE   .22 HP 5.5 CAL,https://alrimaya.com/image/catalog/product/1930/gamo-coyote-6300-1930-thumb.jpg
11-570,31111000000479,WORKING LIGHT,https://alrimaya.com/image/catalog/product-11-12-13-14/11-570%20(5).png
11-572,31111000000481,CAMPING LANTERN,https://alrimaya.com/image/catalog/product-11-12-13-14/11-572%20(1).png
11-573,31111000000482,4M STAINLESS STEEL STICK 1600LM REMOTE BAG 7.5M,https://alrimaya.com/image/catalog/11-12-13-14/11-573-(2).png
11-574,31111000000483,10W CREE T6 LED RECHARGEABLE SPOTLIGHT 1100LM,https://i.ibb.co/7K84Gkq/Whats-App-Image-2023-03-12-at-6-39-03-PM.jpg
11-576,31111000000485,27W OUTDOOR SCENE LIGHT/CAMPING LIGHT 1800LM,https://alrimaya.com/image/catalog/product/1180/11-576-(7)-1180-thumb.jpg
11-577,31111000000486,CAMPING LIGHT 6.3M FULL FIBER 27W,https://alrimaya.com/image/cache/catalog/product-11-12-13-14/11-577%20(1)-800x800.png
11-579,31111000000488,SOLAR LIGHT,https://alrimaya.com/image/catalog/product-11-12-13-14/11-579%20(2).png
1-158,31101000000129,GAMO COYOTE .377 HP 4.5 CAL,https://gamo.co.za/wp-content/uploads/nc/g/a/gamo_coyote_pcp_4.5mm_air_rifle.jpg
11-580,31111000000489,SOLAR LIGHT,https://alrimaya.com/image/catalog/11-12-13-14/11-580%20(1).png
11-582,31111000000491,MOSQUITO KILLER LAMP WITH REMOTE-220-240V 18W ,https://alrimaya.com/image/catalog/product-11-12-13-14/11-582%20(1).png
11-583,31111000000492,MOSQUITO KILLER LAMP WITH REMOTE-12V/18W ,https://alrimaya.com/image/catalog/product-11-12-13-14/11-583%20(2).png
11-584,31111000000493,DC 12V 20W LED LIGHT (WHITE COLOR) BIG MAGNET,https://alrimaya.com/image/cache/catalog/product-11-12-13-14/11-584%20%20(1)-800x800.png
11-587,31111000000496,Alrimaya 3W Z5 COB WORKLIGHT -130 lumen,https://alrimaya.com/image/catalog/product/1940/c700x420%20-%201-1940-thumb.jpg
11-588,31111000000497,COB LED Work-Light and Flashlight-ALUMINUM,https://alrimaya.com/image/catalog/product-11-12-13-14/11-588%20(3).png
11-589,31111000000498,FISHING LIGHT 2.8M WITH MOUNT AND PLASTIC BOX,https://alrimaya.com/image/catalog/000/11-589-(4).jpg
11-590,31111000000499,1W LED POP-UP CAMPING LANTERN,https://alrimaya.com/image/catalog/16-4-2018/11-590-(6).jpg
11-591,31111000000500,CAMOUFLAGE CAMPING LIGHT,https://alrimaya.com/image/catalog/product/1435/11-591-(6)-1435-thumb.jpg
11-592,31111000000501,LED SILICON NECK LIGHT,https://alrimaya.com/image/catalog/0001/11-592-(2).jpg
11-597,31111000000507,LED LIGHT 2 PCS IN 1 PACK,https://i.ibb.co/1dMWxxf/11-597.jpg
11-599,31111000000509,REMOTE CONTROLER,https://i.ibb.co/dcrpV83/11-599.jpg
1-160,31101000000131,AIR RIFLE  AT44W-10     (CAL 5.5),https://cdn.airgundepot.com/ay/airgundepot/hatsan-at44w-10-2.jpg
11-603,31111000000513,FLASHLIGHT 2 X 123CR BATTERY (NOT INCLUDED),https://i.postimg.cc/MTft2CgW/11-603-1.jpg
11-605,31111000000515,NITECORE EA41 1020 LUMEN flashlight ,https://alrimaya.com/image/catalog/product/1941/EA41_1-800x800-1941-thumb.png
11-606,MH20GT,NITECORE MH20GT 1000LM,https://alrimaya.com/image/catalog/product/1942/11-606%20(4)-min-1942-thumb.jpg
11-607,T360,Rechargeable headlamp T360,https://i.postimg.cc/wv14xyRY/11-607-2.jpg
11-608,31111000000518,FLASHLIGHT 2 X 123CR BATTERY (NOT INCLUDED),https://i.postimg.cc/vT6rk5gD/11-608-1.jpg
11-609,31111000000519,NITECORE EXPLORER SERIES FLASHLIGHT,https://alrimaya.com/image/catalog/product/1219/11-609-(1)-1219-thumb.jpg
11-610,31111000000520,FLEX BANK (POWER BANK CHARGER),https://m.media-amazon.com/images/I/61oASy55u+L._AC_SL1200_.jpg
11-611,NEW I2,NITECORE BATTERY CHARGER,https://alrimaya.com/image/cache/catalog/0001/11-611-(2)-800x800.jpg
11-612,31111000000522,18650 BATTERY (LI-ON 2600mAh) (NL186),https://static.bhphoto.com/images/images500x500/1386853570_1018864.jpg
11-613,31111000000523,18650 BATTERY (LI-ON 3400mAh) (NL189),https://www.knifecountryusa.com/store/image/products/magnified/211581_211604.jpg
11-615,31111000000525,CAMPING LED LIGHT RECHARGEABLE,https://alrimaya.com/image/catalog/11-12-13-14/11-615%20(3).png
11-616,31111000000526,CAMPING LED LIGHT RECHARGEABLE,https://alrimaya.com/image/catalog/product/838/11-616%20(3)1-838-thumb.jpg
11-617,31111000000527,LED SWITCH LIGHT,https://alrimaya.com/image/catalog/product/1467/11-617-(2)-1467-thumb.jpg
11-618,31111000000528,LED LIGHT  DC 12V COB 20W,https://alrimaya.com/image/catalog/0001/11-618-(5).jpg
11-619,31111000000529,LED LIGHT DC 12V COB 35W,https://alrimaya.com/image/catalog/product/2316/11-619%20(1)-min-2316-thumb.jpg
11-620,31111000000530,OUTDOOR MULTIFUNCTION LIGHT 220W 16000LM,https://alrimaya.com/image/catalog/0001/11-620-(6).jpg
11-621,31111000000531,OUTDOOR MULTIFUNCTION LIGHT 110W 8000LM,https://alrimaya.com/image/catalog/0001/11-621-(5).jpg
11-622,31111000000532,SINNARA LIGHT,https://alrimaya.com/image/catalog/product/1384/11-622-(4)-1384-thumb.jpg
11-623,31111000000533,SINNARA LIGHT,https://i.postimg.cc/WbnS0wvw/11-623-3-Large.jpg
11-624,31111000000534,POWER LIGHT 7W,https://alrimaya.com/image/catalog/product/1174/11-624-(12)-1174-thumb.jpg
11-625,31111000000535,LIGHT WITH HAGER PRTBLE,https://alrimaya.com/image/catalog/001/11-625-(4).jpg
11-626,31111000000536,"CAMPING LIGHT WITH HANGER, HOOK,MAGNATIC",https://alrimaya.com/image/catalog/001/11-626-(2).jpg
11-627,TM28 SET,NITECORE FLASHLIGHT TINY MONSTER 6000 LUMENS,https://alrimaya.com/image/catalog/1new_product/11-627-(8).jpg
11-628,31111000000538,Precise Series flashlight P30,https://alrimaya.com/image/catalog/1new_product/11-628-(10).jpg
11-629,31111000000539,Precise Series flashlight P20,https://alrimaya.com/image/catalog/1new_product/11-629-(8).jpg
11-630,31111000000540,Precise Series flashlight P36,https://alrimaya.com/image/catalog/1new_product/11-630-(7).jpg
11-631,31111000000541,SmartRing Tactical Series SRT7GT,https://alrimaya.com/image/catalog/1new_product/11-631-(8).jpg
11-632,MH27UV,NITECORE HYBRID SERIES RECHARGEABLE UV FLASHLIGHT,https://alrimaya.com/image/catalog/1new_product/11-632-(9).jpg
11-633,MH40GT,FLASH LIGHT MH40GT,https://alrimaya.com/image/catalog/1new_product/11-633-(7).jpg
11-634,MH41,NITECORE FLASH LIGHT MH41,https://alrimaya.com/image/catalog/1new_product/11-634-(11).jpg
11-635,31111000000545,Multi-Task Series flashlight MT1A,https://alrimaya.com/image/catalog/1new_product/11-635-(7).jpg
11-636,31111000000546,NITECORE EXPLORER SERIES FLASHLIGHT,https://alrimaya.com/image/catalog/1new_product/11-636-(8).jpg
11-637,31111000000547,Explorer Series flashlight EA11,https://alrimaya.com/image/catalog/1new_product/11-637-(10).jpg
11-638,TIP,KEY CHAIN LIGHT BLACK TIP ,https://alrimaya.com/image/catalog/1new_product/11-638-(3).jpg
11-639,NU10,NITECORE RECHARGEABLE HEADLAMP,https://alrimaya.com/image/catalog/product/2081/11-639-(9)-min-min-2081-thumb.jpg
1-164,31101000000135,GAMO COYOTE BLACK WHISPER 5.5 CAL,https://alrimaya.com/image/catalog/product/1929/IMG_2679-936x770-1929-thumb.jpg
11-640,NU30,Headlamp NU30,https://alrimaya.com/image/catalog/1new_product/11-640-(3).jpg
11-641,851310000001,NITECORE RECHARGEABLE HEADLAMP,https://alrimaya.com/image/catalog/1new_product/11-641-(2).jpg
11-642,31111000000552,NITECORE CAMPING LANTERN,https://alrimaya.com/image/catalog/1new_product/11-642-(5).jpg
11-643,MH12GT,NITECORE FLASHLIG MH12GT,https://alrimaya.com/image/catalog/1new_product/11-643-(8).jpg
11-644,NL1834R,NITECORE USB RECHARGEABLE BATTERY 3400MAH NL1834R,https://alrimaya.com/image/catalog/2new_product/11-644-(2).jpg
11-645,31111000000555,"MH40GT, White filter, hunting kit box",https://alrimaya.com/image/catalog/2new_product/11-645-(2).jpg
11-646,31111000000556,2 slot battery charger,https://alrimaya.com/image/catalog/2new_product/11-646-(4).jpg
11-647,STCK-11-R8,Steelie Original Vent Kit - Nite Ize,https://alrimaya.com/image/catalog/2new_product/11-647-(4).jpg
11-648,STVK-11-R8,STEELIE VENT MOUNT KIT,https://alrimaya.com/image/catalog/2new_product/11-648-(4).jpg
11-649,R200H-09-R7,RADIANT 200 HEADLAMP,https://alrimaya.com/image/catalog/product/2202/11-649-(3)-min-2202-thumb.jpg
1-165,31101000000136,Air cylinder 7 liter 1/165,https://alrimaya.com/image/catalog/SKU:%201-/1-165-(2).png
11-650,NL1A-01-R7,3-IN-1 LED MINI FLASHLIGHT-BLACK,https://alrimaya.com/image/catalog/2new_product/11-650-(5).jpg
11-651,NL3A-01-R7,3-IN-1 LED FLASHLIGHT-BLACK,https://alrimaya.com/image/catalog/2new_product/11-651-(8).jpg
11-652,XPB-01-R7-I,X PEN LIGHT-BLACK INTL.,https://alrimaya.com/image/catalog/2new_product/11-652-(6).jpg
11-653,XSC-01-R7-I,XS FLASHLIGHT-BLACK INTL,https://alrimaya.com/image/catalog/2new_product/11-653-(5).jpg
11-654,31111000000564,UV Flash Light with Battery Charger,https://alrimaya.com/image/catalog/product/1477/11-654-(2)-1477-thumb.jpg
11-655,851310000001,HID SPOTLIGHT - 12V 35W,https://alrimaya.com/image/catalog/product/1610/11-655-(10)-1610-thumb.jpg
11-656,31111000000566,RECHARGEABLE LED PEN LIGHT / UV LED,https://alrimaya.com/image/catalog/product/2273/11-656%20(2)-2273-thumb.jpg
11-657,31111000000567,3AAA LED PEN LIGHT + UV LIGHT,https://alrimaya.com/image/catalog/product/1547/11-657-(2)-1547-thumb.jpg
11-658,31111000000568,3W 3AAA LED PEN LIGHT,https://alrimaya.com/image/catalog/product/1548/11-658-(3)-1548-thumb.jpg
11-659,NU10 CRI,RECHARGEABLE HEADLAMP/NU10 CRI,https://alrimaya.com/image/catalog/0001/11-659-(2).jpg
1-166,31101000000137,Air cylinder 12 liter 1/166,https://alrimaya.com/image/catalog/product/1307/1-166-(2)-1307-thumb.jpg
11-660,31111000000570,i8 Multi-slot Intelligent Charger,https://alrimaya.com/image/catalog/0001/11-660-(5).jpg
11-661,851310000001,NITECORE MULTITASK HYBRID HUNTING LIGHT,https://alrimaya.com/image/catalog/0001/11-661-(7).jpg
11-662,NEW I4,NITECORE BATTERY CHARGER,https://alrimaya.com/image/catalog/001/11-662-(2).jpg
11-663,D4,NITECORE BATTERY CHARGER,https://alrimaya.com/image/catalog/0001/11-663-(4).jpg
11-664,31111000000574,"SANNARA 10,000W",https://alrimaya.com/image/catalog/product/1191/11-664-(3)-1191-thumb.jpg
11-665,31111000000575,"SANNARA 6,000W",https://alrimaya.com/image/catalog/product/1213/11-665-(4)-1213-thumb.jpg
11-667,31111000000577,FISHING LIGHT WITH BAG,https://alrimaya.com/image/catalog/product/1182/11-666-11-667-(4)-1182-thumb.jpg
11-668,31111000000578,HEADLIGHT WITH 7LED WITH USB CHARGER,https://alrimaya.com/image/catalog/product/1619/11-668-(2)-1619-thumb.jpg
11-669,851310000001,AL RIMAYA SEARCH LIGHT 10W,https://alrimaya.com/image/catalog/product/1646/11-669-(5)-1646-thumb.jpg
1-167,31101000000138,GAMO HUNTER EXTREME 6.35 CAL,https://alrimaya.com/image/catalog/product/1929/IMG_2679-936x770-1929-thumb.jpg
11-670,851310000001,Searchlight 2 * 1- 10 Watts 11/669,https://alrimaya.com/image/catalog/product/1647/11-670-(4)-1647-thumb.jpg
11-671,R100ML-09-R8,Radiant 100 MiniLantern,https://alrimaya.com/image/catalog/product/1549/11-671-(2)-1549-thumb.jpg
11-672,NL1A-17-R7,3-in 1LED Mini Flashlight-Lime,https://i.postimg.cc/cCtTQpdK/11-672-2.jpg
11-673,HLSA-19-R7-I,STS Headlamp-Orange-INTL,https://alrimaya.com/image/catalog/product/2385/11-673%20(2)-2385-thumb.jpg
11-674,HLSA-03-R7-I,STS Headlamp-Blue-INTL,https://alrimaya.com/image/catalog/product/1550/11-674-(7)-1550-thumb.jpg
11-675,HLSA-09-R7-I,STS Headlamp-Charcoal-INTL,https://alrimaya.com/image/catalog/product/1551/11-675-(2)-1551-thumb.jpg
11-678,31111000000588,NITECORE HIGH PERFORMANCE POCKET SEARCH LIGHT,https://alrimaya.com/image/catalog/product/1680/11-678-(10)-1680-thumb.jpg
11-679,NU30,HEADLAMP DESERT TAN NU30,https://alrimaya.com/image/catalog/product/1681/11-679-(2)-1681-thumb.jpg
1-168,31101000000139,GAMO HUNTER EXTREME 5.5 CAL,"https://m.media-amazon.com/images/S/aplus-media/vc/21cacccc-81a8-47ac-9b89-c08a799471c5._SR970,300_.png"
11-680,31111000000590,NITECORE TM38 FLASHLIGHT - 1800 LUMENS,https://alrimaya.com/image/catalog/product/1682/11-680-(3)-1682-thumb.jpg
11-681,HC33,NITECORE HIGH PERFORMANCE L-SHAPED HEADLAMP,https://alrimaya.com/image/catalog/product/1683/11-681-(3)-1683-thumb.jpg
11-682,TIP,KEY CHAIN LIGHT GRAY TIP,https://alrimaya.com/image/catalog/product/1679/11-682-(5)-1679-thumb.jpg
11-683,31111000000593,RECHARGEABLE KEYCHAIN LIGHT/TINI,https://alrimaya.com/image/catalog/product/1678/11-683-(3)-1678-thumb.jpg
11-684,31111000000594,FLASH LIGHT (GRAY) TINI ,https://alrimaya.com/image/catalog/product/1677/11-684-(4)-1677-thumb.jpg
11-685,TUBE,KEY CHAIN LIGHT/BLACK/TUBE ,https://alrimaya.com/image/catalog/product/1675/11-685-(5)-1675-thumb.jpg
11-686,31111000000596,KEY CHAIN LIGHT (OLIVE),https://alrimaya.com/image/catalog/product/1676/11-686-(6)-1676-thumb.jpg
11-687,NL1835,NITECORE RECHARGEABLE BATTERY,https://alrimaya.com/image/catalog/product/1684/11-687-(4)-1684-thumb.jpg
11-688,NL1835HP,NITECORE RECHARGEABLE BATTERY,https://alrimaya.com/image/catalog/product/1685/11-688-(4)-1685-thumb.jpg
11-689,NBP68HD,BATTERY NBP68HD,https://m.media-amazon.com/images/I/71ehnUC-oWL._AC_SL1200_.jpg
1-169,31101000000140,"CYLINDER 300B 4L +BOOT,VALVE.GAUGE & HOSE ",https://alrimaya.com/image/catalog/product/1385/1-169-(2)-1385-thumb.jpg
11-690,TOBY-11690,SANNARA LIGHT1 PLATE 48W WITH BAG,https://alrimaya.com/image/catalog/product/1706/11-690-(4)-1706-thumb.jpg
11-691,TOBY-11691,SANNARA LIGHT 4 PLATES 120W WITH BAG,https://alrimaya.com/image/catalog/product/1717/11-691-(2)-1717-thumb.jpg
11-692,HL-FL0013,RECHARGEABLE FLOOD LIGHT,https://alrimaya.com/image/catalog/product/1926/11-692-1-1926-thumb.jpg
11-693,HL-RC5053-1,RECHARGEABLE WORKING LAMP,https://alrimaya.com/image/catalog/product/1924/11-693-1924-thumb.jpg
11-694,31111000000609,AL RIMAYA SINNARA COB 350W,https://alrimaya.com/image/catalog/product/1820/11-694-4-1820-thumb.jpg
11-695,31111000000610,SINNARA LIGHT COB 06,https://alrimaya.com/image/catalog/product/1819/11-695-(6)-1819-thumb-1819-thumb.jpg
11-698,TUP,NITECORE INTELLIGENT POCKET LIGHT 1000 LUMENS TUP,https://alrimaya.com/image/catalog/product/1853/201811121046315858-1853-thumb.jpg
11-699,31111000000603,NITECORE HIGH PERFORMANCE TACTICAL FLASHLIGHT,https://alrimaya.com/image/catalog/product/1854/201809131247592688-1854-thumb.jpg
1-170,31101000000141,"VALVE GUN CHG KIT 300 BAR C/W VALVE, GAUGE, BLEED",https://alrimaya.com/image/catalog/product/2344/1-170%20(4)-2344-thumb.jpg
11-700,MH40GTR,NITECORE RECHARGEABLE FLASH LIGHT,https://alrimaya.com/image/catalog/product/1855/201809271720585980-1855-thumb.jpg
11-701,TM10K,NITECORE TM10K RECHARGEABLE LED TORCH,https://alrimaya.com/image/catalog/product/1856/201808091359515266-1856-thumb.jpg
11-702,MH12GTS,RECHARGEABLE ULTRA COMPACT DUAL-FUEL SEARCHLIGHT,https://alrimaya.com/image/catalog/product/1857/201808311557563458-1857-thumb.png
11-703,31111000000607,RECHARGEABLE FLASH LIGHT/CONCEPT 2,https://alrimaya.com/image/catalog/product/1858/746b34a0-fc43-4fcc-9652-233680e9af96-1858-thumb.png
11-704,VCL10,NITECORE MULTIFUNCTIONAL ALL-IN-ONE VEHICLE GADGET,https://alrimaya.com/image/catalog/product/1817/03-1817-thumb.jpg
11-705,TOBY-11705,CAMPING LIGHT SET,https://alrimaya.com/image/catalog/product/2256/11-705-(3)-min-2256-thumb.jpg
11-706,TOBY-CRL-N12,SINNARA LIGHT 45W - 4500LM ,https://alrimaya.com/image/catalog/product/2522/11-706%20(1)-min-2522-thumb.jpg
11-707,LR50,NITECORE CAMPING LANTERN,https://alrimaya.com/image/catalog/product/2033/61+gLrhZidL-2033-thumb.jpg
11-708,TIP2,NITECORE KEYCHAIN LIGHT 720 LUMENS TIP2,https://alrimaya.com/image/catalog/product/2034/a038daf2-2a52-4f30-be7a-172a530333f0-2034-thumb.jpg
11-709,EF1,NITECORE EXPLOSION-PROOF FLASHLIGHT 830 LUMENS EF1,https://alrimaya.com/image/catalog/product/2035/theshorelinemarket_2598_688299491-2035-thumb.jpg
11-710,NU32,HIGH-PERFORMANCE RECHARGEABLE HEADLAMP/BLACK/NU32,https://alrimaya.com/image/catalog/product/2036/11-710%20(1)-2036-thumb.jpg
11-711,NU32,HIGH-PERFORMANCE RECHARGEABLE HEADLAMP/TAN/NU32,https://alrimaya.com/image/catalog/product/2270/11-711%20(6)-2270-thumb.jpg
11-712,HC65,NITECORE HEADLAMP,https://alrimaya.com/image/catalog/product/2037/a27fd198-a680-4fea-a5bf-f2bd1540623c-2037-thumb.jpg
11-713,LC10,NITECORE PORTABLE MAGNETIC USB BATTERY CHARGER,https://alrimaya.com/image/catalog/product/2038/f6d48d61-982e-4373-9c59-5ff3e5c9e3c5-2038-thumb.jpg
11-714,IMR18650,NITECORE BATTERY FOR TM28 - IMR18650,https://alrimaya.com/image/catalog/product/2201/11-714-(3)-min-2201-thumb.jpg
11-715,851310000001,RECHARGABLE FLASHLIGHT - WORK LIGHT,https://alrimaya.com/image/catalog/product/2604/11-715%20(1)-min-2604-thumb.jpg
11-716,851310000001,FLASHLIGHT LED P50,https://alrimaya.com/image/catalog/product/2440/11-716-2-2440-thumb.jpg
11-717,F50,SEARCH LIGHT LED F50,https://alrimaya.com/image/catalog/product/2441/11-717-1-min-2441-thumb.jpg
11-717SP1,,BATTERY FOR 11-717 ,https://i.ibb.co/PGYb3rtc/11-717-SP1.jpg
11-718,HL-WL2169,WORKING LAMP  400 - 800 LM,https://alrimaya.com/image/catalog/product/2587/11-718%20(1)-min-2587-thumb.jpg
11-719,HL-WL2138-1,WORKING LAMP  180 LM,https://alrimaya.com/image/catalog/product/2588/11-719%20(2)-min-2588-thumb.jpg
1-172,31101000000143,"HATSAN AIRRIFLE BULL BOSS 5,5CAL.",https://alrimaya.com/image/catalog/16-4-2018/1-172-(5).jpg
11-720,11-720,WATERPROOF AND FLOATING LED RECHARGEABLE SPOTLIGHT,https://alrimaya.com/image/catalog/product/2810/11-720%20(2)-min-2810-thumb.jpg
11-721,11-721,LED RECHARGEABLE SPOTLIGHT,https://alrimaya.com/image/catalog/product/2811/11-721%20(3)-min-2811-thumb.jpg
11-722,TM39,NITECORE FLASHLIGHT 5200 LUMENS TM39,https://alrimaya.com/image/catalog/product/3064/11-722-3-min-3064-thumb.jpg
11-723,MH12S,Superior Performance Compact Flash Light/MH12S,https://alrimaya.com/image/catalog/product/2906/11-723%20(1)-min-2906-thumb.jpg
11-724,TINI2,NITECORE DUAL-CORE INTELLIGENT KEYCHAIN LIGHT,https://alrimaya.com/image/catalog/product/2876/11-724%20(3)-min-2876-thumb.jpg
11-725,TOBY-11725,DOUBLE SINNARA LIGHT 8000LMS,https://alrimaya.com/image/catalog/product/2417/11-725%20(2)-min-2417-thumb.jpg
11-726,MH12 V2,NITECORE FLASHLIGHT 1200 LUMENS,https://alrimaya.com/image/catalog/product/2658/11-726-4-min-2658-thumb.jpg
11-727,NEW P30,NITECORE HUNTING FLASHLIGHT 1000 LUMENS,https://alrimaya.com/image/catalog/product/2659/11-727-3-min-2659-thumb.jpg
11-728,E4K,NITECORE FLASHLIGHT 4400 LUMENS E4K,https://alrimaya.com/image/catalog/product/2660/202001131824571420-min-2660-thumb.jpg
11-729,I4000R,NITECORE TACTICAL FLASHLIGHT 4400 LUMENS,https://www.downundercamping.com.au/assets/full/I4000R.png?20210309034434
1-173,31101000000144,"HATSAN AIRRIFLE BULL BOSS-W 5,5CAL.",https://alrimaya.com/image/catalog/16-4-2018/1-173-(3).jpg
11-730,P22R,RECHARGEABLE FLASH LIGHT/P22R,https://nitecore.e2ecdn.com/Products/Nitecore-P22R-FL.jpg?h=758&quality=80&scale=canvas
11-731,HC35,NITECORE HEADLAMP 2700 LUMENS HC35,https://alrimaya.com/image/catalog/product/2664/nitecore_hc35_usb_rechargeable_led_1537199-2664-thumb.jpg
11-732,TIKI UV,NITECORE MINI FUTURISTIC KEYCHAIN LIGHT UV,https://alrimaya.com/image/catalog/product/2665/NITECORE-TIKI-300-Lumen-USB-Rechargeable-Keychain-Flashlight-UV-CRI-2665-thumb.jpg
11-733,TIKI LE,NITECORE KEYCHAIN LIGHT 300 LUMENS TIKI LE,https://alrimaya.com/image/catalog/product/2666/11-717-min-2666-thumb.jpg
11-734,UI1,NITECORE PORTABLE USB LI-ION BATTERY CHARGER,https://alrimaya.com/image/catalog/product/2667/201903041511519074-min-2667-thumb.jpg
11-735,UI2,NITECORE DUAL-SLOT USB LI-ION BATTERY CHARGER U12,https://alrimaya.com/image/catalog/product/2668/201903041515402753-min-2668-thumb.jpg
11-736,TM9K,NITECORE FLASHLIGHT 9500 LUMENS TM9K,https://alrimaya.com/image/catalog/product/2663/11-736-4-min-2663-thumb.jpg
11-737,TOBY-11737,OUTDOOR MULTIFUNCTION LIGHT,https://alrimaya.com/image/catalog/product/2742/11-737%20(1)-min-2742-thumb.jpg
11-738,HL-11738,RECHARGABLE WORK LAMP & FLASHLIGHT ,https://alrimaya.com/image/catalog/product/2874/11-738%20(5)-min-2874-thumb.jpg
11-739,HL-11739,RECHARGABLE WORK LIGHT ,https://alrimaya.com/image/catalog/product/2875/11-739%20(1)-min-2875-thumb.jpg
1-174,31101000000145,"HATSAN AIRRIFLE AT44-10 TACT LONG QE 5,5CAL",https://alrimaya.com/image/catalog/0001/1-174-(2).jpg
11-740,NU10 CRI,RECHARGEABLE HEADLAMP/NU10 CRI/YEL,https://alrimaya.com/image/cache/catalog/product/2669/yel-2669-thumb-800x800.jpg
11-741,NU10 CRI,RECHARGEABLE HEADLAMP/NU10 CRI/BLU,https://alrimaya.com/image/cache/catalog/product/2669/blue---2669-thumb-800x800.jpg
11-742,NU10 CRI,RECHARGEABLE HEADLAMP/NU10 CRI/GRE,https://alrimaya.com/image/cache/catalog/product/2669/green--2669-thumb-800x800.jpg
11-743,NU10 CRI,RECHARGEABLE HEADLAMP/NU10 CRI/RED,https://alrimaya.com/image/cache/catalog/product/2669/red-2669-thumb-800x800.jpg
11-744,NU10 CRI,RECHARGEABLE HEADLAMP/NU10 CRI/WHI,https://alrimaya.com/image/cache/catalog/product/2669/white--2669-thumb-800x800.jpg
11-745,HL-H0612-1,HEADLAMP WITH SENSOR SWITCH ,https://alrimaya.com/image/catalog/product/2974/11-745%20(1)-min-2974-thumb.jpg
11-746,HL-WL2188-1,WORK LIGHT WITH SOLAR PANEL ,https://alrimaya.com/image/catalog/product/2975/11-746%20(1)-min-2975-thumb.jpg
11-747,HL-FL0014, FLOODLIGHT WITH ALUMINUM HANDLE ,https://alrimaya.com/image/catalog/product/2976/11-747%20(1)-min-2976-thumb.jpg
11-748,HL-H0615, SLIM HEADLAMP ,https://alrimaya.com/image/catalog/product/3000/11-748%20(1)-min-3000-thumb.jpg
11-749,HL-H0599,LED HEADLAMP WITH CLIP ,https://alrimaya.com/image/catalog/product/3001/11-749%20(1)-min-3001-thumb.jpg
1-175,31101000000146,"HATSAN AIRRIFLE BULL AIRMAX (5,5 CAL.)",https://alrimaya.com/image/catalog/0001/1-175-(2).jpg
11-750,HL-RC5066,FLASHLIGHT 180° SWIVEL HEAD ,https://alrimaya.com/image/catalog/product/3002/11-750%20(1)-min-3002-thumb.jpg
11-752,NPS400,PORTABLE OUTDOOR POWER STATION / NPS400,https://alrimaya.com/image/catalog/product/2924/11-752-3-min-2924-thumb.jpg
11-753,NPS600,NITECORE 300W OUTDOOR POWER STATION NPS600,https://alrimaya.com/image/catalog/product/2923/11-753-1-min-2923-thumb.jpg
11-754,HL-C2152,FLASHLIGHT WITH KNIFE,https://alrimaya.com/image/catalog/product/3126/11-754%20(6)-min-3126-thumb.jpg
11-755,TOBY-11755,OUTDOOR MULTIFUNCTION LIGHT ,https://alrimaya.com/image/catalog/product/2968/11-755-(3)-min-2968-thumb.jpg
11-756,BR25,NITECORE NITECORE BIKE LIGHT 1400 LUMENS,https://alrimaya.com/image/catalog/product/2996/11-756-4-min-2996-thumb.jpg
11-757,T4K,NITECORE KEYCHAIN LIGHT 4000 LUMENS T4K ,https://alrimaya.com/image/catalog/product/2997/11-757-4-min-2997-thumb.jpg
11-758,TOBY-11758,MULTIFUNCTIONAL SEARCH LIGHT,https://alrimaya.com/image/catalog/product/3858/11-758-(1)-3858-thumb.jpg
11-759,TOBY-11759,RECHARGEABLE DOCKING WORK LAMP,https://alrimaya.com/image/catalog/product/3201/11-759-(2)-min-3201-thumb.jpg
1-176,31101000000147,"HATSAN AIRRIFLE BARRAGE-W ( 5,5)",https://alrimaya.com/image/catalog/0001/1-176-(2).jpg
11-760,TOBY-11760,PORTABLE OUTDOOR POWER STATION,https://alrimaya.com/image/catalog/product/3210/11-760-(2)-min-3210-thumb.jpg
11-761,TOBY-11761,OUTDOOR MULTIFUNCTIONAL LIGHT - 2500 LUMENS,https://alrimaya.com/image/catalog/product/3227/11-761-(2)-min-3227-thumb.jpg
11-762,TOBY-11762,OUTDOOR MULTIFUNCTIONAL LIGHT - 8000 LUMENS,https://alrimaya.com/image/catalog/product/3228/11-762-(2)-min-3228-thumb.jpg
11-763,TOBY-11763,PORTABLE POWER STATION - 60000MAH,https://alrimaya.com/image/catalog/product/3570/11-763-(1)-3570-thumb.jpg
11-764,TOBY-11764,RECHARGEABLE FLASHLIGHT TORCH,https://alrimaya.com/image/catalog/product/3354/11-764-(2)-min-3354-thumb.jpg
11-765,TOBY-11765,MULTI-FUNCTIONAL KEYCHAIN LIGHT,https://alrimaya.com/image/cache/catalog/product/3535/11-765%20(1)-3535-thumb-800x800.jpg
11-766,TOBY-11766,OUTDOOR MULTI-FUNCTIONAL LIGHT 10000LM,https://alrimaya.com/image/cache/catalog/product/3615/11-766-(1)-3615-thumb-800x800.jpg
11-767,TOBY-11767,HYBRID TWIN HEAD WORK LAMP WITH TRIPOD,https://alrimaya.com/image/cache/catalog/product/3668/11-767-(3)-min-3668-thumb-800x800.jpg
11-768,TOBY-CRL-M12,MULTI-FUNCTIONAL REPAIR LIGHT - BLUE,https://alrimaya.com/image/cache/catalog/product/3599/11-768-(4)-min-3599-thumb-800x800.jpg
11-769,TOBY-CRL-M12,MULTI-FUNCTIONAL REPAIR LIGHT - RED,https://alrimaya.com/image/cache/catalog/product/3599/11-769-(4)-min-3599-thumb-800x800.jpg
1-177,31101000000148,"HATSAN AIRRIFLE GLADIUS LONG (5,5)",https://alrimaya.com/image/catalog/0001/1-177-(2).jpg
11-770,TOBY-CRL-M12,MULTI-FUNCTIONAL REPAIR LIGHT - COPPER,https://alrimaya.com/image/cache/catalog/product/3599/11-770-(4)-min-3599-thumb-800x800.jpg
11-771,TOBY-11771,TRIP COLOR FULL LIGHT 10M,https://alrimaya.com/image/cache/catalog/product/3891/11-771-(2)-min-3891-thumb-800x800.jpg
11-772,TOBY-11772,TRIP WARM WHITE LIGHT 10M,https://alrimaya.com/image/cache/catalog/product/3892/11-772-(2)-min-3892-thumb-800x800.jpg
11-773,TOBY-11773,RECHARGEABLE FLASHLIGHT 3000LM,https://alrimaya.com/image/catalog/product/4091/11-773-4091-thumb.jpg
11-774,TOBY-11774,CAMPING LANTERN - 1000LM,https://alrimaya.com/image/catalog/product/4092/11-774-4092-thumb.jpg
11-775,TOBY-CPL-T07,RECHARGEABLE KEYCHAIN LIGHT - 150LM ,https://alrimaya.com/image/cache/catalog/product/4093/11-775-(6)-4093-thumb-800x800.jpg
11-776,TOBY-TBS-55A,OUTDOOR POWER STATION/33000mAh,https://alrimaya.com/image/cache/catalog/product/4139/11-776-(1)-4139-thumb-800x800.jpg
11-777,TOBY-11777,OUTDOOR MULTI-FUNCTION LAMP 2500LM,https://alrimaya.com/image/catalog/product/4094/0001-4094-thumb.jpg
11-799,MH25S,FLASH LIGHT-MH25S,https://alrimaya.com/image/catalog/product/3063/11-799-4-min-3063-thumb.jpg
11-800,851310000001,NITECORE CAMPING LANTERN ,https://alrimaya.com/image/catalog/product/2998/11-800-4-min-2998-thumb.jpg
11-801,HL-H0629,HEADLAMP WITH SENSOR- 300LUMENS,https://alrimaya.com/image/catalog/product/3385/11-801-(1)-min-3385-thumb.jpg
11-802,HL-WL2198,MULTI-TOOL SLIM WORK LIGHT,https://alrimaya.com/image/cache/catalog/product/3595/11-802-(7)-min-3595-thumb-800x800.jpg
11-803,HL-TC6233,360' ROTATABLE WORK LIGHT,https://alrimaya.com/image/cache/catalog/product/3596/11-803-(3)-min-3596-thumb-800x800.jpg
11-804,HL-H0632,RECHARGEABLE HEADLAMP WITH CLIP ,https://alrimaya.com/image/cache/catalog/product/3597/11-804-(2)-min-3597-thumb-800x800.jpg
11-805,HL-H0625,RECHARGEABLE CAP CLIP LIGHT,https://alrimaya.com/image/cache/catalog/product/3598/11-805-(1)-min-3598-thumb-800x800.jpg
11-806,NU33/B,NITECORE HEADLAMP 700 LUMENS NU33 BLACK,https://alrimaya.com/image/catalog/product/3587/11-806-3587-thumb.jpg
11-807,HC60 V2,NITECORE RECHARGEABLE HEADLAMP,https://alrimaya.com/image/catalog/product/3588/ezgif.com-gif-maker-3588-thumb.jpg
11-808,HC65 V2,TRIPLE OUTPUT USB-C RECHARGEABLE HEADLAMP,https://alrimaya.com/image/catalog/product/3589/202110261409083388-3589-thumb.jpg
11-809,MH12SE,SUPERIOR PERFORMANCE COMPACT FLASH LIGHT MH12SE,https://alrimaya.com/image/cache/catalog/product/3590/11-809-3590-thumb-800x800.jpg
11-810,TM9K TAC,NITECORE FLASHLIGHT 9800 LUMENS,https://alrimaya.com/image/cache/catalog/product/3591/11-810-3591-thumb-800x800.jpg
11-811,P35I,NITECORE ULTRA LONG DISTANCE DUEL BEAM FLASHLIGHT,https://alrimaya.com/image/cache/catalog/product/3592/11-811-3592-thumb-800x800.jpg
11-812,NES1200,NITECORE PORTABLE OUTDOOR POWER STATION,https://alrimaya.com/image/cache/catalog/product/3593/11-812-3593-thumb-800x800.jpg
11-813,NB20000,NITECORE POWER BANK 20000 mAh,https://alrimaya.com/image/cache/catalog/product/3594/ezgif.com-gif-maker-3594-thumb-800x800.jpg
11-814,LM-F17232,RECHARGEABLE FLASHLIGHT 1300LUMENS,https://alrimaya.com/image/cache/catalog/product/3813/11-814-(3)-min-3813-thumb-800x800.jpg
11-815,LM-F17235,RECHARGEABLE FLASHLIGHT 1100LUMENS,https://alrimaya.com/image/cache/catalog/product/3814/11-815-(1)-min-3814-thumb-800x800.jpg
11-816,HL-WL2207,MULTIFUNCTIONAL WORK LAMP,https://alrimaya.com/image/cache/catalog/product/3914/11-816-(2)-min-3914-thumb-800x800.jpg
11-817,HL-H0637,HEADLAMP 2 IN 1,https://alrimaya.com/image/cache/catalog/product/3915/11-817-(2)-min-3915-thumb-800x800.jpg
11-818,HL-H0646,RECHARGEABLE HEADLAMP WITH SENSOR ,https://alrimaya.com/image/cache/catalog/product/3916/11-818-(1)-min-3916-thumb-800x800.jpg
11-819,HL-H0620,MULTIFUNCTIONAL HEADLAMP FOCUS HEADLAMP,https://alrimaya.com/image/cache/catalog/product/3917/11-819-(1)-min-3917-thumb-800x800.jpg
1-182,31101000000153,"HATSAN AIRRIFLE BULL MASTER (5,5 CAL.)",https://alrimaya.com/image/catalog/0001/1-182-(4).jpg
11-820,LM-F17232,RECHARGEABLE UV FLASHLIGHT,https://alrimaya.com/image/cache/catalog/product/3919/11-820-(1)-min-3919-thumb-800x800.jpg
11-821,NES2000,NITECORE PORTABLE OUTDOOR POWER STATION -NES2000,https://alrimaya.com/image/catalog/product/3957/11-821-3957-thumb.jpg
11-822,HL-WL2200,MULTI-FUNCTIONAL WORK LAMP,https://alrimaya.com/image/cache/catalog/product/3901/11-822-(1)-min-3901-thumb-800x800.jpg
11-823,YX-1002,RECHARGEABLE KEYCHAIN LIGHT,https://alrimaya.com/image/cache/catalog/product/4003/11-823-(1)(1)-4003-thumb-800x800.jpg
11-824,YX-1003,RECHARGEABLE CAMPING LIGHT,https://alrimaya.com/image/cache/catalog/product/4004/11-824-(1)-4004-thumb-800x800.jpg
11-825,YX-S26,PORTABLE MULTI-FUNCTION TOOL LAMP,https://alrimaya.com/image/cache/catalog/product/4006/11-825-(1)-4006-thumb-800x800.jpg
11-826,WL2303010,RECHARGEABLE CAP LIGHT - BLACK + SILVER,https://alrimaya.com/image/catalog/product/4069/11-826---WHITE-BACKGROUND-4069-thumb.jpg
11-827,LY02,CAMPING LANTERN WITH FOLDABLE HANDLE - ARMY GREEN ,https://alrimaya.com/image/catalog/product/4103/11-827-(1)-4103-thumb.jpg
11-828,HL-WF0501,RECHARGEABLE FLASHLIGHT – 600LM,https://alrimaya.com/image/catalog/product/4032/11-828-(5)-4032-thumb.jpg
11-829,HL-WF0501,RECHARGEABLE FLASHLIGHT – 1500LM,https://alrimaya.com/image/catalog/product/4033/11-829-(1)-4033-thumb.jpg
1-183,31101000000154,DELTA FOX GT CAL 4.5,https://alrimaya.com/image/catalog/0001/1-183-(11).jpg
11-830,HL-WF0501,RECHARGEABLE FLASHLIGHT - 1800LM,https://alrimaya.com/image/catalog/product/4034/11-830-(1)-4034-thumb.jpg
11-831,HL-11831,MULTIFUNCTIONAL OUTDOOR WRIST LIGHT,https://alrimaya.com/image/catalog/product/4035/11-831-(1)-4035-thumb.jpg
11-832,FSP100,NITECORE FOLDABLE SOLAR PANEL/100W/FSP100,https://alrimaya.com/image/catalog/product/4454/11-832-4454-thumb.jpg
11-833,HL-BK4098,RECHARGEABLE MULTI-FUNCTIONAL BICYCLE LIGHT,https://alrimaya.com/image/catalog/product/4095/11-833 (7)-4095-thumb.jpg
11-834,MT2A PRO,NITECORE FLASHLIGHT 1000 LUMENS MT2A PRO,https://alrimaya.com/image/catalog/product/4463/11-834 (1)-4463-thumb.jpg
11-835,MH12 PRO,NITECORE FLASHLIGHT 3300 LUMENS MH12 PRO,https://alrimaya.com/image/catalog/product/4464/11-835 (1)-4464-thumb.jpg
11-836,MH25 PRO,NITECORE FLASHLIGHT 3300 LUMENS MH25 PRO,https://alrimaya.com/image/catalog/product/4465/11-836 (1)-4465-thumb.jpg
11-837,NL1836,NITECORE RECHARGEABLE BATTERY 3600mAh,https://alrimaya.com/image/cache/catalog/product/4466/11-837%20(1)-4466-thumb-600x600.jpg
11-838,NW5000,NITECORE MAGNETIC POWER BANK 5000mAh,https://alrimaya.com/image/catalog/product/4467/11-838 (7)-4467-thumb.jpg
11-839,HL-WF0539,RECHARGEABLE UV FLASHLIGHT,https://alrimaya.com/image/catalog/product/4491/11-839-(1)-4491-thumb.jpg
1-184,61100371-Q13,"GAMO QUIKER 10 WITH SCOPE, MOUNT & MAGAZIN 4.5 CAL",https://alrimaya.com/image/catalog/0001/1-184-(13).jpg
11-840,HL-K0911,MULTIFUNCTIONAL KEYCHAIN FLASHLIGHT S4,https://alrimaya.com/image/catalog/product/4451/11-840-(1)-4451-thumb.jpg
11-841,HL-K0912,MULTIFUNCTIONAL KEYCHAIN FLASHLIGHT S3,https://alrimaya.com/image/catalog/product/4452/11-841 (20)-4452-thumb.jpg
11-842,HL-K0913,MULTIFUNCTIONAL KEYCHAIN FLASHLIGHT S5,https://alrimaya.com/image/catalog/product/4453/11-842 (18)-4453-thumb.jpg
11-843,HL-WF0534,RECHARGEABLE FLASHLIGHT 2500 LUMENS,https://alrimaya.com/image/catalog/product/4492/11-843-(1)-4492-thumb.jpg
11-844,HL-WF0533-3LED,RECHARGEABLE FLASHLIGHT 1000 LUMENS,https://alrimaya.com/image/catalog/product/4493/11-844-(1)-4493-thumb.jpg
11-845,SN-SL-PL-T001,15LED BULBS G40 TYPE SOLAR STRING LIGHT 10M,https://alrimaya.com/image/catalog/product/4494/11-845-(1)-4494-thumb.jpg
11-846,KXK-168,CAR RECHARGEABLE FLASHLIGHT,https://alrimaya.com/image/catalog/product/4543/11-846-(2)-4543-thumb.jpg
1-185,31101000000156,GAMO RUNNING 4.5 CAL,https://alrimaya.com/image/catalog/0001/1-185-(12).jpg
1-186,31101000000157,"BLACK FUSION CAL,5.5",https://alrimaya.com/image/catalog/0001/1-186-(10).jpg
1-187,930400900001,GAMO G-MAGNUM 120 5.5 CAL,https://alrimaya.com/image/catalog/0001/1-187-(11).jpg
1-188,31101000000159,"HATSAN AIRRIFLE SUPERNOVA RG CAL.5,5",https://alrimaya.com/image/catalog/product/1536/1-188-(17)-1536-thumb.jpg
1-189,31101000000160,"HATSAN AIRRIFLE HERCULES CAL.5,5",https://alrimaya.com/image/catalog/product/1400/1-189-(1)-1400-thumb.jpg
1-190,31101000000161,HATSAN AIRRIFLE GALATIANI CAL.5.5,https://alrimaya.com/image/catalog/product/1232/1-190-(12)-1232-thumb.jpg
1-191,731100100000,CARBON FIBER AIR CYLINDER 6.8 LITER,https://alrimaya.com/image/catalog/product/1655/1-191-(2)-1655-thumb.jpg
1-192,731100100000,CARBON FIBER AIR CYLINDER 9 LITER,https://i.ibb.co/5LFxcZ1/1-192.jpg
1-193,731100100000,CARBON FIBER AIR CYLINDER 3 LITER,https://alrimaya.com/image/catalog/product/1725/1-193-(2)-1725-thumb.jpg
1-194,731100100000,AIR CYLINDER HOSE AND GAUGE,https://alrimaya.com/image/catalog/product/1651/1-194-(2)-1651-thumb.jpg
1-195,731100100000,AIR CYLINDER RED VALVE,https://i.ibb.co/RhC8bP0/1-195-3-Large.jpg
1-196,731100100000,AIR CYLINDER CHARGING HOSE,https://alrimaya.com/image/catalog/product/1736/1-196-(4)-1736-thumb.jpg
1-197,930400900001,GAMO BLACK MAXXIM 5.5 CAL,https://cdn.webshopapp.com/shops/309865/files/357815829/1600x1600x2/gamo-gamo-black-maxxim-igt-mach1-55mm-3-9x40-scope.jpg
1-198,31101000000169,GAMO HUNTER GRIZZLY 1250 5.5 CAL,https://www.gamo.com/wp-content/uploads/2020/05/61100611-MIGT.jpg
1-199,31101000000170,GAMO COYOTE WHISPER .22 HP 5.5 CAL,https://alrimaya.com/image/catalog/product/1932/gamo-coyote-whisper-50-1932-thumb.jpg
1-200,31101000000171,GAMO G-FORCE TAC 4.5 CAL,https://www.afg-defense.eu/sub/afg.sk/shop/product/vzduchovka-gamo-g-force-15-kal.-4.5-mm-2138.jpg.webp?1660302822&1660302822
1-202,6110079155-MIGT13,GAMO HPA MI  WITH SCOPE & BIPOD 5.5 CAL,https://alrimaya.com/image/cache/catalog/product/4002/HPA-MI-ref-61100791-MIGT-2-780x520-4002-thumb-800x800.jpg
1-203,31101000000174,GAMO GX-40 .22 HP (No Silencer),https://alrimaya.com/image/catalog/product/1934/1-203-(4)-1934-thumb.jpg
1-204,31101000000175,GAMO COYOTE BLACK .22 HP,https://alrimaya.com/image/catalog/product/1931/1-204-(2)-1931-thumb.jpg
1-205,31101000000176,Gun Power PCP Air Gun SSS 5.5mm Spin-Loc,https://alrimaya.com/image/cache/catalog/product/3512/1-205-(2)-3512-thumb-800x800.jpg
1-206,31101000000177,GunPower PCP Air Gun Stealth 5.5mm Spin-Loc,https://i.ibb.co/BKBxTrC/Stealth-Full.jpg
1-207,31101000000178,Gun Power PCP Air Gun XS 5.5mm Spin-Loc,https://alrimaya.com/image/catalog/product/1935/1-207-(3)-min-1935-thumb.jpg
1-208,31101000000179,Gun Power PCP Air Gun XS 5.5mm Spin-Loc -W BIPOD,https://i.ibb.co/DtsGpRp/XS-Full.jpg
12-101,31112000000076,COMPASS DC45-6B,https://alrimaya.com/image/catalog/product-11-12-13-14/12-15%20(4).png
12-103,31112000000080,COMPASS,https://alrimaya.com/image/catalog/product-11-12-13-14/12-103%20(3).png
12-105,31112000000078,COMPASS,https://alrimaya.com/image/catalog/product/1171/12-105-1171-thumb.jpg
12-106,31112000000079,PRAYER CAMPASS,https://alrimaya.com/image/catalog/product-11-12-13-14/12-106.png
12-107,31112000000082,ARMY COMPASS,https://alrimaya.com/image/catalog/product/2386/12-107%20(2)-2386-thumb.jpg
12-108,31112000000083,VIP COMPASS,https://alrimaya.com/image/catalog/product-11-12-13-14/12-108%20(3).png
12-109,31112000000084,PRAYER COMPASS,https://alrimaya.com/image/catalog/product-11-12-13-14/12-109.png
12-110,31112000000085,DS 102 - DIGITAL COMPASS,https://alrimaya.com/image/catalog/product-11-12-13-14/12-110%20(4).png
1-214,,GAMO COYOTE FURIA 5.5M HP,https://i.ibb.co/6Xq6NTn/1-214-6-Large.jpg
12-15,31112000000004,COMPASS-G1 ISSUE PHOSPHORESCENT/OD,https://alrimaya.com/image/catalog/product-11-12-13-14/12-15%20(4).png
1-215,930400900001,CROWN MKII .22 EXP SYNTHETIC-CONTINUUM ,https://alrimaya.com/image/catalog/product/2949/Crown%20MK%20II-%20Synthetic%20Right-2949-thumb.jpg
1-217,930400900001,CROWN MKII .22 EXP WALNUT - STANDARD,https://alrimaya.com/image/catalog/product/2950/Crown%20MK%20II-%20Walnut%20Left-min-2950-thumb.jpg
1-218,9304009000001,IMPACT M3 .22 EXP BLACK - FIXED SHROUD,https://alrimaya.com/image/catalog/product/2978/1-218%20IMPACT%20M3%20.22%20EXP%20BLACK%20-%20FIXED%20SHROUD-min-2978-thumb.jpg
1-220,9304009000001,IMPACT M3 .22 EXP BRONZE - COMPACT,https://alrimaya.com/image/catalog/product/2979/1-219%20IMPACT%20M3%20.22%20EXP%20bronze%20-%20combact-2979-thumb.jpg
1-221,930400900001,DREAM-LITE .22 EXP SYNTHETIC-CARBONFIBRE,https://alrimaya.com/image/catalog/product/2953/1-221%20(1)-min-2953-thumb.jpg
1-222,9304009000001,DREAM-PUP .22 EXP SYNTHETIC-CARBON FIBER,https://alrimaya.com/image/catalog/product/2977/1-222%20Bullpup-Left-min-2977-thumb.jpg
1-223,930400900001,WILDCAT MK3 .22 EXP SYNTHETIC-SNIPER,https://alrimaya.com/image/catalog/product/2951/Wildcat%20MK%20III%20Right%20Side-min-2951-thumb.jpg
1-224,930400900001,MAVERICK .22 EXP BLACK - SNIPER,https://alrimaya.com/image/catalog/product/2952/Sniper-2952-thumb.jpg
1-225,611003865513,REPLAY-10 MAGNUM IGT GEN2 5.5CAL,https://alrimaya.com/image/catalog/product/3832/1-225-(1)-3832-thumb.jpg
1-226,61100297-STC13,GAMO CARBON STORM 4.5 CAL,https://www.airgunhubindia.com/wp-content/uploads/2020/05/G-MAGNUM-1250-2-e14551119011171.jpg
1-227,9304009000001,IMPACT M3 .22 EXP BLACK - SNIPER,https://alrimaya.com/image/catalog/product/3106/1-227-(1)-min-3106-thumb.jpg
1-228,,GAMO ARROW PCP 5.5 CAL,https://alrimaya.com/image/cache/catalog/product/3743/IMG_8181-scaled-3743-thumb-800x800.jpg
1-229,,G-MAGNUM 1250 IGT MACH 1- 5.5,https://alrimaya.com/image/cache/catalog/product/3745/G-MAGNUM-1250-IGT-ref.-6110061-IGT-3-4-USA-(1)-min-3745-thumb-800x800.jpg
1-230,,JUNIOR DELTA - 4.5,https://alrimaya.com/image/cache/catalog/product/3746/gamo_junior_delta_air_rifle_2732-1-3746-thumb-800x800.jpg
1-231,6110021155-IGT13,GAMO VIPER PRO 10X IGT G3I WITH SCOPE 5.5CAL,https://alrimaya.com/image/catalog/product/4509/1-231---001-4509-thumb.jpg
1-232,6110029-WM13,GAMO WILD MASK 4.5 CAL,https://alrimaya.com/image/catalog/product/4510/1-232---001-4510-thumb.jpg
1-233,6212668,PCP PORTATABLE AIR COMPRESSOR GAMO,https://alrimaya.com/image/catalog/product/4511/1-233---001-4511-thumb.jpg
1-234,,BLACK VALVE WITH 300 BAR WORKING PRESSURE,https://alrimaya.com/image/catalog/product/4589/1-234-(1)-4589-thumb.jpg
1-235,600004P13,GAMO PCP ARROW AIR CARBINE 4.5 CAL - 600004P,https://alrimaya.com/image/catalog/product/4954/IMG_8181-780x520-4954-thumb.jpg
1-236,6110061155-MIGT13,GAMO HUNTER 1250 GRIZZLY PRO CARABINE CAL. 4.5MM -,https://alrimaya.com/image/catalog/product/4955/1-236 - 001-4955-thumb.jpg
12-68,31112000000044,FLUID COMPASS 3820,https://i.ibb.co/x2g0nPp/Whats-App-Image-2023-03-11-at-5-51-57-PM.jpg
12-84,31112000000060,CD-508PM,https://alrimaya.com/image/catalog/product/2447/12-84%20(1)-min-2447-thumb.jpg
13-44,31113000000044,SLING SHOT SPARE,https://i.ibb.co/xJY2BGr/Whats-App-Image-2023-03-11-at-5-53-43-PM.jpg
13-45,31113000000045,SLING SHOT VIP,https://alrimaya.com/image/catalog/product-11-12-13-14/13-45%20(1).png
13-46,950691000002,OUTDOOR ADJUSTABLE SLINGSHOT - RED/BLACK,https://alrimaya.com/image/catalog/product/1901/13-46-(2)-min-1901-thumb.jpg
13-47,950691000002,OUTDOOR ADJUSTABLE SLINGSHOT - BLUE/BLACK,https://alrimaya.com/image/catalog/product/2162/13-47-(5)-min-2162-thumb.jpg
13-48,13-48,SLINGSHOT SPARE (BLUE RUBBER),https://i.ibb.co/RYSX3JM/13-48-1-Large.jpg
13-49,13-49,SLINGSHOT RUBBER RED,https://i.ibb.co/gyMpbJH/13-49-1-Large.jpg
13-50,YIWU-1350,SLINGSHOT RED & BLACK,https://alrimaya.com/image/catalog/product/3086/13-50-(1)-min-3086-thumb.jpg
13-51,KWSS,KNIFE WITH SLINGSHOT - LIGHT GREEN,https://alrimaya.com/image/cache/catalog/product/3067/13-51-(3)-min-3067-thumb-800x800.jpg
13-52,950691000002,SLINGSHOT RUBBER,https://i.ibb.co/TKQqdmV/Whats-App-Image-2023-02-25-at-10-31-27-PM.jpg
13-53,KWSS,KNIFE WITH SLINGSHOT - RED,https://alrimaya.com/image/cache/catalog/product/3067/13-53-(2)-min-3067-thumb-800x800.jpg
14-16,31114000000006,FISHING KIT,https://i.ibb.co/vsKn2DP/14-16-3-Large.jpg
14-60,31114000000048,FISHING HOOK J NO-9,https://i.ibb.co/mhRnCQk/14-60.jpg
14-61,31114000000049,FISHING HOOK J NO-14,https://i.ibb.co/RQVfFMk/14-61.jpg
14-67,31114000000057,"FISHING POOL 7,2M",https://alrimaya.com/image/cache/catalog/product-11-12-13-14/14-67%20(2)-800x800.png
14-68,31114000000055,FISHING POOL,https://alrimaya.com/image/catalog/product-11-12-13-14/14-68%20(2).png
14-69,31114000000056,FISHING POOL 6.3M,https://i.ibb.co/xSB7Drd/14-69-2.jpg
14-72,31114000000060,FISHING NET,https://alrimaya.com/image/catalog/product/1302/14-72-(7)-1302-thumb.jpg
14-73,31114000000061,STEEL POOL 4M,https://alrimaya.com/image/catalog/0001/14-73-(5).jpg
14-75,31114000000063,FISHING POOL 2.8M,https://alrimaya.com/image/catalog/product-11-12-13-14/14-75%20(3).png
14-76,31114000000064,FISHING SET PVC BOX,https://i.ibb.co/4F6tqb0/14-76-3-Large.jpg
14-77,31114000000065,STEEL POLE,https://i.ibb.co/r7sb7h2/14-77-4-Large.jpg
14-79,95079000000,FISHING ROD SET - BLACK,https://alrimaya.com/image/catalog/product/2321/14-79%20(2)-min-2321-thumb.jpg
14-80,95079000000,FISHING LINE(100M),https://alrimaya.com/image/catalog/product/2337/14-80%20(1)-min-2337-thumb.jpg
14-81,95079000000,FISHING HOOK,https://i.ibb.co/D7THhc9/14-81.jpg
16-36,31116000000018,PAPER TARGET SMALL,https://i.ibb.co/nsZKFHrY/16-36.jpg
1-64,930400900001,GAMO HUNTER 440 4.5 CAL,https://alrimaya.com/image/catalog/product/1933/wiatrowka-gamo-hunter-440-17J-6110056-16J-1933-thumb.jpg
16-45,31116000000026,PAPER TARGET MEDIUM,https://i.ibb.co/4nd00R2q/16-45.jpg
16-46,31116000000027,PAPER TARGET LARGE,https://i.ibb.co/1BvSk3y/16-46.jpg
16-55,31116000000036,TARGET,https://alrimaya.com/image/catalog/A-16-18-19/16-55.png
16-57,31116000000038,CLAY TARGET,https://alrimaya.com/image/catalog/A-16-18-19/16-57%20(1).png
16-58,31116000000039,TARGETS,https://alrimaya.com/image/catalog/A-16-18-19/16-58%20(1).png
16-60,31116000000041,PLASTIC THROWER FOR TARGETS,https://alrimaya.com/image/catalog/A-16-18-19/16-60%20(2).png
16-61,31116000000042,SHOOTING SQUARES ADHESIVE BACKED TARGET,https://alrimaya.com/image/catalog/product/1386/16-61-(4)-1386-thumb.jpg
16-62,482110000000,SHOOTING PAPER TARGET - ORANGE/YELLOW,https://alrimaya.com/image/catalog/16-62/16-62-(5).jpg
16-63,31116000000044,RABBIT TARGET,https://alrimaya.com/image/catalog/A-16-18-19/16-63%20(1).png
16-64,31116000000045,TARGET RIMAYA,https://i.ibb.co/jbFcV7b/16-64-2.jpg
16-66,482110000000,SHOOTING PAPER TARGET - BLACK/YELLOW,https://alrimaya.com/image/catalog/A-16-18-19/16-66.png
16-67,31116000000048,"8"" PRAIRIE CHUCK TARGET KIT",https://alrimaya.com/image/catalog/A-16-18-19/16-67%20(1).png
16-68,482110000000,"8""MULTI-COLOR BULL'S-EYE, 6 EYE TARGETS",https://alrimaya.com/image/catalog/A-16-18-19/16-68.png
16-69,482110000000,"6"" SELF-ADHESIVE TARGETS",https://alrimaya.com/image/catalog/A-16-18-19/16-69%20(1).png
16-70,31116000000051,"1""+2""+3"" SELF  ADHESIVE TARGETS",https://alrimaya.com/image/catalog/A-16-18-19/16-70%20(1).png
16-71,950699000000,DOUBLE SPINNER  TARGET - METAL,https://alrimaya.com/image/catalog/A-16-18-19/16-71%20(3).png
16-72,950699000000,AIRGUN FERRIS WHEEL 9 GOALS TARGET ,https://alrimaya.com/image/catalog/A-16-18-19/16-72.png
16-73,950699000000,AUTO RESET SPINNER  TARGET - METAL,https://alrimaya.com/image/catalog/A-16-18-19/16-73.png
16-74,31116000000055,KNOCK DOWN & RESET TARGET - RAT,https://alrimaya.com/image/catalog/A-16-18-19/16-74%20(3).png
16-75,950699000000,AUTO RESET SPINNER  TARGET - METAL,https://alrimaya.com/image/catalog/2new_product/16-75-(3).jpg
17-28,31117000000028,beez,https://i.ibb.co/S5R7WC6/17-28.jpg
18-212,820110000000,FOLDING SHOVEL BIG,https://alrimaya.com/image/catalog/product/477/18-212-477-thumb.jpg
18-294,31118000000124,Sleeping bag Dereweesh,https://alrimaya.com/image/catalog/A-16-18-19/18-294%20(2).png
18-295,31118000000125,Sleeping bag Dereweesh,https://alrimaya.com/image/cache/catalog/A-16-18-19/18-295%20(2)-800x800.png
18-343,31118000000154,BIRD NET,https://alrimaya.com/image/catalog/0001/18-343-18-844-18-845-18-846-18-847-(4).jpg
1-84,31101000000055,HUNTER - 1250  CAL 4.5,https://www.gamo.com/wp-content/uploads/2020/05/61100611-MIGT.jpg
18-429,31118000000215,CAMPING GAS CARTRIDGE  230G,https://alrimaya.com/image/catalog/product/1316/18-429-(2)-1316-thumb.jpg
18-461,31118000000247,CAMPING GAS CARTRIDGE  450G,https://alrimaya.com/image/catalog/product/1437/18-461-1437-thumb.jpg
18-462,840991300000,GAS CONNECTOR,https://alrimaya.com/image/catalog/product/1867/18-462-1867-thumb.jpg
18-567,31118000000352,PVC FLOCKED BELT,https://alrimaya.com/image/catalog/product/1438/18-567-(2)-1438-thumb.jpg
18-576,31118000000361,"AXE 600G 14""",https://alrimaya.com/image/catalog/001/18-576-(2).jpg
18-582,31118000000367,LIGHT STICK,https://alrimaya.com/image/catalog/A-16-18-19/18-582%20(2).png
18-595,HY-2005,WATER BACKPACK WITH 2.5L BLADDER,https://alrimaya.com/image/catalog/A-16-18-19/18-595%20(1).png
18-596,31118000000382,WATER CARRIER 20L,https://alrimaya.com/image/catalog/A-16-18-19/18-596%20(1).png
18-597,31118000000383,FOLDING BED KHAKI BLACK,https://alrimaya.com/image/catalog/product/1295/18-597-(5)-1295-thumb.jpg
18-617,31118000000403,BIRD NET,https://i.ibb.co/R0VYHPf/18-617-1-Large.jpg
18-618,31118000000404,WALKING STICK,https://alrimaya.com/image/catalog/16-18-19/18-618-(1).png
18-619,660200100003,WALKING STICK BROWN,https://alrimaya.com/image/catalog/A-16-18-19/18-619%20(3).png
18-625,31118000000410,SHELL  BELT,https://alrimaya.com/image/catalog/A-16-18-19/18-625%20(1).png
18-634,31118000000420,EAR PLUG,https://alrimaya.com/image/catalog/A-16-18-19/18-634%20(1).png
18-635,31118000000421,EAR PLUG,https://alrimaya.com/image/catalog/A-16-18-19/18-635%20(1).png
18-644,840991300000,BBQ SHOVEL,https://alrimaya.com/image/catalog/product/1468/18-644-(8)-1468-thumb.jpg
18-648,31118000000434,DELUXE COMMANDO SAW,https://alrimaya.com/image/catalog/product/1464/18-648-(2)-1464-thumb.jpg
18-658,31118000000449,SAFETY CLASS,https://i.ibb.co/znRrP6C/Whats-App-Image-2023-01-14-at-5-01-14-PM.jpg
18-659,31118000000451,FOLDING LINER,https://alrimaya.com/image/catalog/16-18-19/18-759 (5).jpg
18-660,31118000000442,*TW-SLIM STICK  (Made in TAIWAN),https://alrimaya.com/image/catalog/A-16-18-19/18-660%20(2).png
18-661,31118000000443,*TW-BLACK THORN STICK (Made in TAIWAN),https://alrimaya.com/image/catalog/0001/18-661-(3).jpg
18-662,31118000000444,*TW-CITY STICK.ALUMINUM HEAD,https://alrimaya.com/image/catalog/A-16-18-19/18-662%20(1).png
18-663,31118000000446,AXE,https://alrimaya.com/image/catalog/A-16-18-19/18-663%20(2).png
18-667,311180000004543,BIRD NET   12X30,https://alrimaya.com/image/catalog/product/2238/18-667-(1)-min-2238-thumb.jpg
18-668,WYSN-SAC-0007T,TOILET TENT - GREEN,https://alrimaya.com/image/catalog/A-16-18-19/18-668%20(1).png
18-669,31118000000456,EAR PLUG FITTING HELMET,https://i.ibb.co/FbsKTg2/Whats-App-Image-2023-01-14-at-5-15-07-PM.jpg
18-670,31118000000457,EAR MUFF,https://alrimaya.com/image/catalog/A-16-18-19/18-669%20(2).png
18-676,31118000000463,NEOPRENE SOFT SLING,https://alrimaya.com/image/catalog/A-16-18-19/18-676%20(2).png
18-677,31118000000464,BIPOD 9-13 INCH STANDERS LEGS,https://alrimaya.com/image/catalog/A-16-18-19/18-677%20(3).png
18-684,31118000000471,EAR MUFF,https://alrimaya.com/image/catalog/A-16-18-19/18-684%20(4).png
18-685,31118000000472,CANVAS SLEEPING BAG,https://alrimaya.com/image/catalog/ESPECIALLY%20SELECTED/18-685-(2)-%D9%81%D8%B1%D8%B4%D8%A9-%D9%86%D9%88%D9%85.png
18-686,31118000000473,AXE,https://alrimaya.com/image/catalog/product/507/18-686-axe-507-thumb.png
18-693,940171900000,TOILET CHAIR,https://alrimaya.com/image/catalog/A-16-18-19/18-693.png
18-694,94017190000,TOILET CHAIR -WITH BACK SUPPORT,https://alrimaya.com/image/catalog/A-16-18-19/18-694.png
18-697,31118000000484,CARTRIDGE CARRIER (12 CAL),https://alrimaya.com/image/catalog/product/1249/18-697-(5)-1249-thumb.jpg
18-698,31118000000485,FOLDING EAR MUFF-BLACK,https://alrimaya.com/image/catalog/A-16-18-19/18-698.png
18-701,31118000000488,STEEL WATER TANK 50LTR,https://alrimaya.com/image/catalog/product/1250/18-701-1250-thumb.jpg
18-706,31118000000493,JACKET,https://alrimaya.com/image/catalog/16-18-19/18-706-(2).png
18-709,660200100003,WALKING STICK BLACK,https://alrimaya.com/image/catalog/A-16-18-19/18-709%20(1).png
18-712,31118000000499,CAMCOT RED,https://alrimaya.com/image/catalog/A-16-18-19/18-712%20(5).png
18-713,31118000000500,GAS TORCH BRASS,https://alrimaya.com/image/catalog/A-16-18-19/18-713%20(3).png
18-714,31118000000501,SLEEPING BAG OXFORD,https://alrimaya.com/image/catalog/A-16-18-19/18-714.png
18-716,31118000000503,EAR PLUG,https://alrimaya.com/image/catalog/A-16-18-19/18-716%20(1).png
18-719,31118000000506,PADED RIFLESLING,https://alrimaya.com/image/catalog/product/1318/18-719-(2)-1318-thumb.jpg
18-720,31118000000507,PVC FLOCKED PADED RIFLE SLING,https://alrimaya.com/image/catalog/A-16-18-19/18-720%20(1).png
18-721,31118000000508,BELT,https://i.ibb.co/Nth4NQb/18-721.jpg
18-722,31118000000509,HOLDER,https://alrimaya.com/image/catalog/product/1251/18-722-(2)-1251-thumb.jpg
18-725,31118000000512,SAFTY GLASS,https://alrimaya.com/image/catalog/000/18-725.JPG
18-728,31118000000515,WALKING STICK,https://alrimaya.com/image/catalog/A-16-18-19/18-728%20(1).png
18-729,31118000000516,WALKING STICK,https://alrimaya.com/image/catalog/A-16-18-19/18-729%20(1).png
18-730,31118000000517,WALKING STICK,https://alrimaya.com/image/catalog/A-16-18-19/18-730%20(1).png
18-731,31118000000518,WALKING STICK FEET,https://i.ibb.co/chQB9N8/18-731-7-Large.jpg
18-733,31118000000520,NEOPRENE SOFT SLING,https://alrimaya.com/image/catalog/A-16-18-19/18-733%20(1).png
18-735,31118000000522,CAMPING HOSE STOVE,https://alrimaya.com/image/catalog/A-16-18-19/18-735%20(1).png
18-736,31118000000523,CAMPING STOVE,https://alrimaya.com/image/catalog/16-18-19/18-736%20(8).jpg
18-739,31118000000526,AXE GRB SMALL,https://alrimaya.com/image/catalog/product/175/18-739-knife-175-thumb.jpg
18-740,31118000000527,AXE GRB MEDIUM,https://alrimaya.com/image/catalog/A-16-18-19/18-740-فأس.png
18-759,31118000000546,WATER CARRIER,https://i.ibb.co/th6ydpw/18-759-2-Large.jpg
18-760,820110000000,FOLDING SHOVEL,https://alrimaya.com/image/catalog/product/1864/18-760-1864-thumb.jpg
18-762,31118000000549,LEATHER BELT (SINGLE LAYER),https://alrimaya.com/image/catalog/16-18-19/18-762%20(7).jpg
18-763,31118000000550,LEATHER BELT(DOUBLE LAYER),https://alrimaya.com/image/catalog/16-18-19/18-763%20(2).jpg
18-768,31118000000555,SHOVEL,https://alrimaya.com/image/catalog/16-18-19/18-768%20(5).jpg
18-769,31118000000556,PARACORD SLIP,https://alrimaya.com/image/catalog/11-12-13-14/11-769.png
18-787,31118000000574,SLEEPING BAG 2 IN 1,https://alrimaya.com/image/catalog/A-16-18-19/18-787%20(1).png
18-789,31118000000576,GAS TORCH,https://alrimaya.com/image/catalog/A-16-18-19/18-789%20(1).png
18-790,31118000000577,WALKING STICK,https://alrimaya.com/image/catalog/A-16-18-19/18-790%20(1).png
18-792,31118000000579,CAMPCOT WITH 3 AUTO LOCK,https://alrimaya.com/image/catalog/A-16-18-19/18-792%20(1).png
18-793,31118000000580,WALKING STICK,https://alrimaya.com/image/catalog/A-16-18-19/18-793%20(1).png
18-794,31118000000581,Folding Pruning Saw 130MM,https://alrimaya.com/image/catalog/product/530/18-794-knife-530-thumb.png
18-795,31118000000582,Folding Pruning Saw 210MM,https://alrimaya.com/image/catalog/product/531/18-795-knife-531-thumb.png
18-796,31118000000583,WALKING STICK BROWN HANDLE,https://alrimaya.com/image/catalog/A-16-18-19/18-796%20(1).png
18-797,31118000000584,WALKING STICK MANGO HANDLE,https://alrimaya.com/image/catalog/A-16-18-19/18-797%20(1).png
18-798,31118000000585,GAS TORCH,https://alrimaya.com/image/catalog/A-16-18-19/18-798%20(1).png
18-799,31118000000586,SLEEPING BAG,https://alrimaya.com/image/catalog/A-16-18-19/18-799%20(1).png
18-802,31118000000589,GAS TORCH,https://i.ibb.co/cXQQtHH/18-802-2-Large.jpg
18-803,31118000000590,WALKING STICK,https://alrimaya.com/image/catalog/product/1233/18-803-(1)-1233-thumb.jpg
18-804,31118000000591,RECTANGUALR SLEEPING BAG 220*120cm,https://alrimaya.com/image/catalog/A-16-18-19/18-804%20(3).png
18-805,31118000000592,EAR PLUGE,https://alrimaya.com/image/catalog/A-16-18-19/18-805%20(1).png
18-806,31118000000593,GAS TORCH,https://i.ibb.co/jHcQp4j/Whats-App-Image-2023-03-08-at-4-28-55-PM.jpg
18-807,31118000000594,SHAVEL,https://alrimaya.com/image/catalog/A-16-18-19/18-740-شيول.png
18-808,961380000004,FIRE LIGHTING FLINT,https://alrimaya.com/image/catalog/product/1252/18-808-(2)-1252-thumb.jpg
18-810,31118000000597,ROOT WOOD HIKING STICK 130CM,https://i.ibb.co/1brZnZJ/18-810-3.jpg
18-813,31118000000600,WOOD HIKING STICK 130cm,https://i.ibb.co/tXsmPZ7/18-813-3-Large.jpg
18-816,31118000000603,POCKET SURVIVAL CHAIN SAW,https://i.ibb.co/gSrjKZW/18-816-1-Large.jpg
18-817,31118000000604,PRESSORE SHAWER 20LTRS,https://alrimaya.com/image/catalog/A-16-18-19/18-817%20(2).png
18-818,31118000000605,CAMPING SHOWER,https://alrimaya.com/image/catalog/A-16-18-19/18-818%20(2).png
18-819,31118000000606,AUTOMOBILE SHOWER SET,https://alrimaya.com/image/catalog/A-16-18-19/18-819%20(2).png
18-820,31118000000607,WATER TANK FOLDING GARDEN GREEN RAIN BARREL 100 L,https://alrimaya.com/image/catalog/A-16-18-19/18-820%20(1).png
18-821,31118000000608,SLEEPING BAG 2.2m x 1.2m,https://alrimaya.com/image/catalog/A-16-18-19/18-821%20(1).png
18-822,31118000000609,SLEEPING BAG 2.2m x 1.2m,https://alrimaya.com/image/catalog/A-16-18-19/18-822%20(3).png
18-823,31118000000610,SLEEPING BAG 2.2m x 1.2m,https://alrimaya.com/image/catalog/A-16-18-19/18-823%20(4).png
18-825,392690390004,MATTRESS,https://alrimaya.com/image/catalog/product/1317/18-825-(11)-1317-thumb.jpg
18-828,660200100004,WALKING STICK ,https://alrimaya.com/image/catalog/A-16-18-19/18-828%20(1).png
18-829,31118000000616,TORCH,https://alrimaya.com/image/catalog/A-16-18-19/18-829%20(3).png
18-830,31118000000617,CAMPING STOVE WITH BAG,https://alrimaya.com/image/catalog/A-16-18-19/18-830%20(4).png
18-831,31118000000618,CAMPING STOVE WITH BAG,https://alrimaya.com/image/catalog/A-16-18-19/18-831%20(1).png
18-832,31118000000619,TORCH (LONG PIPE),https://alrimaya.com/image/catalog/A-16-18-19/18-832%20(1).png
18-833,31118000000620,LEATHER SLING,https://i.ibb.co/GRGD7VN/18-833-1-Large.jpg
18-834,31118000000621,GAITERS,https://alrimaya.com/image/catalog/product/1253/18-834-(4)-1253-thumb.jpg
18-835,31118000000622,WATERPROOF GAITERS,https://alrimaya.com/image/catalog/000/18-835-(3).jpg
18-836,31118000000623,VERSATILE SHOOTING REST,https://alrimaya.com/image/catalog/product/2523/18-836%20(2)-min-2523-thumb.jpg
18-840,840991300000,GAS ADAPTER,https://alrimaya.com/image/catalog/product/1319/18-840-(5)-1319-thumb.jpg
18-841,31118000000628,CAMPING STOVE WITH BAG,https://alrimaya.com/image/catalog/000/18-841-(4).jpg
18-842,31118000000629,AL RIMAYA PARACORD BRACELET,https://alrimaya.com/image/catalog/product/1224/18-842-(10)-1224-thumb.jpg
18-843,31118000000630,SAW,https://alrimaya.com/image/catalog/product/1465/18-843-(3)-1465-thumb.jpg
18-844,31118000000631,NET 3x30M,https://alrimaya.com/image/catalog/0001/18-343-18-844-18-845-18-846-18-847-(4).jpg
18-845,31118000000632,NET 3x25M,https://alrimaya.com/image/catalog/0001/18-343-18-844-18-845-18-846-18-847-(2).jpg
18-846,31118000000633,NET 3x20M,https://alrimaya.com/image/catalog/0001/18-343-18-844-18-845-18-846-18-847-(4).jpg
18-847,31118000000634,NET 3x15M,https://alrimaya.com/image/catalog/0001/18-343-18-844-18-845-18-846-18-847-(4).jpg
18-849,31118000000642,V-CAMP STOVE WITH GAS 450G KIT,https://alrimaya.com/image/catalog/1new_product/18-849-(7).jpg
18-850,31118000000636,ESCRIMA STICK-TAIWAN,https://alrimaya.com/image/catalog/product/1254/18-850-(3)-1254-thumb.jpg
18-851,31118000000637,BLACKTHORN SHILLELAGH-TAIWAN,https://alrimaya.com/image/catalog/000/18-851-(3).jpg
18-852,31118000000638,DRAGON WALKING STICK BLISTER PACK-TAIWAN,https://alrimaya.com/image/catalog/product/1221/18-852-(2)-1221-thumb.jpg
18-853,31118000000639,STEVEN SEAGAL TEN SHIN CLAMPACK-TAIWAN,https://i.ibb.co/rt669xY/18-853-1-Large.jpg
18-854,CS-91STAP,COLD STEEL/PISTOL GRIP CITY STICK/91STAP,https://alrimaya.com/image/catalog/product/1255/18-854-(4)-1255-thumb.jpg
18-855,31118000000641,AFRICAN WALKING STICK-TAIWAN,https://alrimaya.com/image/cache/catalog/000/18-855-(8)-800x800.jpg
18-856,31118000000659,Freespace 250 - GRAY,https://alrimaya.com/image/catalog/product/1720/18-856-(5)-1720-thumb.jpg
18-858,31118000000644,SLEEPING BAG,https://alrimaya.com/image/catalog/product/2505/18-858-1-min-2505-thumb.jpg
18-859,31118000000645,Hiking stick 120cm (3pcs detchable),https://alrimaya.com/image/catalog/00001/18-859-(7).jpg
18-861,31118000000647,WALKING STICK HAND MADE,https://i.ibb.co/VMs1Zbq/18-861-2-Large.jpg
18-862,31118000000648, Sleeping Bag,https://alrimaya.com/image/catalog/product/1620/18-862-(5)-1620-thumb.jpg
18-863,940430000001,KingCamp Sleeping Bag FOREST 600L,https://alrimaya.com/image/catalog/product/1622/18-863-(29)-1622-thumb.jpg
18-864,31118000000650, Sleeping Bag,https://alrimaya.com/image/catalog/product/1621/18-864-(10)-1621-thumb.jpg
18-865,31118000000651, Sleeping Bag,https://alrimaya.com/image/catalog/product/1535/18-865-(2)-1535-thumb.jpg
18-866,ZF30,GAS VALVE ADAPTER,https://alrimaya.com/image/catalog/product/2943/18-866-min-2943-thumb.jpg
18-867,31118000000653,NormalCarbon Fiber 4-sectionFolding Trekking Poles,https://alrimaya.com/image/catalog/product/1700/18-867-(6)-1700-thumb.jpg
18-868,31118000000654,ALL 3K CARBONFIBER 5-SECTION FOLDINGTREKKING POLES,https://alrimaya.com/image/catalog/product/1693/18-868-(6)-1693-thumb.jpg
18-870,31118000000656,SHOVEL (WOOD HANDLE),https://alrimaya.com/image/catalog/product/1669/18-870-(3)-1669-thumb.jpg
18-871,820110000000,MULTIFUNCTION OUTDOOR CAMPING SHOVEL,https://alrimaya.com/image/catalog/product/1886/22-1871%20(1)-min-1886-thumb.jpg
18-872,31118000000658,power hunter gun sling  18/873,https://alrimaya.com/image/catalog/product/1644/18-872-(4)-1644-thumb.jpg
18-873,ALBA-227G,GAS CARTRIDGES 227 GR,https://alrimaya.com/image/cache/catalog/product/2250/18-873-(2)-min-2250-thumb-800x800.jpg
18-874,31118000000660,GAS CARTRIDGES 500 GR,https://alrimaya.com/image/catalog/product/1806/18-874-1806-thumb.jpg
18-875,940171900000,FOLDABLE TOILET CHAIR,https://alrimaya.com/image/catalog/product/1894/18-875-1894-thumb.jpg
18-881,18-881,HIKING SHOVEL 49.5x9.5CM,https://alrimaya.com/image/cache/catalog/product/2439/18-883-1-min-2439-thumb-800x800.jpg
18-882,820110000000,HIKING SHOVEL 104.2x15.5CM,https://alrimaya.com/image/cache/catalog/product/2439/18-883-1-min-2439-thumb-800x800.jpg
18-883,18-883,HIKING SHOVEL 72.8x12CM,https://alrimaya.com/image/cache/catalog/product/2439/18-883-1-min-2439-thumb-800x800.jpg
18-884,,CAMPING AXE WITH TOOLS,https://alrimaya.com/image/catalog/product/2106/18-884-(1)-min-2106-thumb.jpg
18-885,18-885,FOLDING BED 200X72X46 CM,https://alrimaya.com/image/catalog/product/2423/18-885%20(4)-min-2423-thumb.jpg
18-886,820140000000,AXE 800GM - ORANGE HANDLEفأس برتقالي 800 جرام,https://alrimaya.com/image/catalog/product/2808/18-871%20(1)-min-2808-thumb.jpg
18-887,820140000000,AXE 1000GM - ORANGE HANDLE,https://alrimaya.com/image/catalog/product/2072/18-887-(1)-min-2072-thumb.jpg
18-888,18-888,SLEEPING BAG 220 X 120 CM (DARK ORANGE),https://alrimaya.com/image/catalog/product/2108/18-888-min-2108-thumb.jpg
18-889,94043000000,SLEEPING BAG 220 X 120 CM(DARK BROWN),https://i.ibb.co/zXWFcqy/18-889-min-2108-thumb-900x600-Large.jpg
18-890,23-083,AL-QARM|SLEEPING BAG 210X105cm,https://alrimaya.com/image/catalog/product/2109/18-890(2)-min-2109-thumb.jpg
18-891,18-891,SLEEPING BAG DUCK DOWN (SIZE:210*110cm) with Pillo,https://alrimaya.com/image/catalog/product/2448/18-891%20(3)-min-2448-thumb.jpg
18-892,18-892,SLEEPING BAG (SIZE: 220*110cm),https://alrimaya.com/image/catalog/product/2168/WhatsApp%20Image%202020-02-20%20at%2012.35.54%20PM%20(3)-min-2168-thumb.jpeg
18-893,18-893,SLEEPING BAG,https://alrimaya.com/image/catalog/product/2462/18-893%20(2)-min-2462-thumb.jpg
18-894,711711900000,PARACORD BRACELET - BLACK,https://alrimaya.com/image/cache/catalog/product/2312/18-894%20(1)-min-2312-thumb-800x800.jpg
18-895,711711900000,PARACORD BRACELET - CAMO,https://alrimaya.com/image/cache/catalog/product/2312/18-895%20(1)-min-2312-thumb-800x800.jpg
18-896,711711900000,PARACORD BRACELET - OLIVE GREEN,https://alrimaya.com/image/cache/catalog/product/2312/18-896%20(1)-min-2312-thumb-800x800.jpg
18-900,18-900,"WALKING STICK WITH KNIFE 37""",https://alrimaya.com/image/catalog/product/2687/18-900%20(1)-min-2687-thumb.jpg
18-901,18-901,"WALKING STICK WITH KNIFE 33.5""",https://alrimaya.com/image/catalog/product/2688/18-901%20(3)-min-2688-thumb.jpg
18-902,18-902,"WALKING STICK WITH KNIFE 33.5""",https://alrimaya.com/image/catalog/product/2689/18-902%20(5)-min-2689-thumb.jpg
18-903,18-903,"WALKING STICK WITH KNIFE 33.5""",https://alrimaya.com/image/catalog/product/2690/18-903%20(3)-min-2690-thumb.jpg
18-904,18-904,"WALKING STICK WITH KNIFE 36""",https://alrimaya.com/image/catalog/product/2691/18-904%20(3)-min-2691-thumb.jpg
18-905,18-905,"WALKING STICK WITH KNIFE 36""",https://alrimaya.com/image/catalog/product/2692/18-905%20(3)-min-2692-thumb.jpg
18-906,18-906,"WALKING STICK WITH KNIFE 36""",https://alrimaya.com/image/cache/catalog/product/2693/18-906%20(2)-min-2693-thumb-800x800.jpg
18-907,18-907,"WALKING STICK WITH KNIFE 33.5""",https://alrimaya.com/image/catalog/product/2694/18-907%20(3)-min-2694-thumb.jpg
18-908,ALBA-450G,GAS CARTRIDGES 450 GR,https://alrimaya.com/image/catalog/product/2697/18-874-1806-thumb-2697-thumb.jpg
18-909,18-909,SLEEPING BAG - AL QARM SMALL,https://alrimaya.com/image/catalog/product/2726/18-909%20(3)-min-2726-thumb.jpg
18-910,18-910,SLEEPING BAG 200X90CM,https://alrimaya.com/image/catalog/product/2727/18-910%20(1)-min-2727-thumb.jpg
18-911,18-911,SLEEPING BAG  - العلا,https://alrimaya.com/image/cache/catalog/product/2710/18-911%20(4)-min-2710-thumb-600x600.jpg
18-912,940430000001,SLEEPING BAG -  القرم,https://alrimaya.com/image/catalog/product/2711/18-912%20(4)-min-2711-thumb.jpg
18-913,18-913,SLEEPING BAG  -   طويق,https://alrimaya.com/image/catalog/product/2712/18-913%20(4)-min-2712-thumb.jpg
18-914,18-914,SLEEPING BAG -  القدية,https://alrimaya.com/image/catalog/product/2713/18-914%20(5)-min-2713-thumb.jpg
18-917,CS-88SCFE,COLD STEEL/QUICK DRAW SWORD CANE/88SCFE  ,https://alrimaya.com/image/catalog/product/3793/18-917-resized-3793-thumb.jpg
18-918,CS-88SCFH,COLD STEEL/1911 GUARDIAN I SWORD CANE/88SCFH,https://alrimaya.com/image/catalog/product/3794/18-918-resized-3794-thumb.jpg
18-919,WYSN-SAW-0007TL,TOILET TENT-130x130x190CM-CAMO,https://alrimaya.com/image/catalog/product/3107/18-919-(5)-min-3107-thumb.jpg
18-920,660200100004,3 SECTION CARBON FIBER TREKKING POLE,https://alrimaya.com/image/catalog/product/3008/18-920%20(2)-min-3008-thumb.jpg
18-921,660200100004,3 SECTION ALU 7075 TREKKING POLE - CARBON TEXTURE,https://alrimaya.com/image/catalog/product/3009/18-921%20(2)-min-3009-thumb.jpg
18-922,660200100004,3SECTION ALU 7075 TREKKING POLE,https://alrimaya.com/image/catalog/product/3010/18-922-(1)-min-3010-thumb.jpg
18-923,BH-D-002,HIKING STICK - CARBON FIBER ,https://alrimaya.com/image/catalog/product/3127/18-923%20(1)-min-3127-thumb.jpg
18-928,940430000001,AL QARM SLEEPING BAG - DARK KAKHI,https://alrimaya.com/image/catalog/product/3147/18-928-(4)-3147-thumb.jpg
18-929,940430000001,SLEEPING BAG - BROWN,https://alrimaya.com/image/catalog/product/3148/18-930-(4)-min-3148-thumb.jpg
18-930,940430000001,SLEEPING BAG - OLIVE,https://alrimaya.com/image/cache/catalog/product/3148/18-930-(4)-min-3148-thumb-800x800.jpg
18-931,940430000001,SLEEPING BAG 200X85CM - BROWN,https://alrimaya.com/image/catalog/product/3149/18-931-(2)-min-3149-thumb.jpg
18-932,940430000001,SLEEPING BAG 200X85CM - OLIVE + BEIGE,https://alrimaya.com/image/cache/catalog/product/3149/18-931-(2)-min-3149-thumb-800x800.jpg
18-933,,STEEL WATER TANK 86 ; 89  LTR,https://i.ibb.co/B3LfGK0/18-933.jpg
18-934,,WALKING STICK WITH BLACK PLASTIC HANDLE - 93CM,https://alrimaya.com/image/catalog/product/3232/22-934-(1)-min-3232-thumb.jpg
18-935,,WALKING STICK CARVED - 90CM,https://alrimaya.com/image/catalog/product/3233/18-935-(1)-min-3233-thumb.jpg
18-936,,WALKING STICK BLACK & BEIGE - 93CM,https://alrimaya.com/image/catalog/product/3234/18-936-(1)-min-3234-thumb.jpg
18-937,,WALKING STICK WITH BARKS & POLISH - 93CM,https://alrimaya.com/image/catalog/product/3235/18-937-(1)-min-3235-thumb.jpg
18-938,,WALKING STICK WITH COMPASS ON TOP - 120CM,https://alrimaya.com/image/catalog/product/3236/18-938-(1)-min-3236-thumb.jpg
18-939,,WALKING STICK NATURAL COLOR - 120CM,https://alrimaya.com/image/catalog/product/3237/18-939-(1)-min-3237-thumb.jpg
18-940,,WALKING STICK NATURE COLOR WITH TWIST- 120CM,https://alrimaya.com/image/catalog/product/3238/18-940-(1)-min-3238-thumb.jpg
18-941,,WALKING STICK WITH COMPASS ON TOP BARKS - 120CM,https://alrimaya.com/image/catalog/product/3239/18-941-(1)-min-3239-thumb.jpg
18-942,,WALKING STICK WITH GOAT HEAD - 120CM,https://alrimaya.com/image/catalog/product/3240/18-942-(1)-min-3240-thumb.jpg
18-943,,WALKING STICK 3PCS DETACHABLE-LIGHT RED-120CM,https://alrimaya.com/image/catalog/product/3241/18-943-(3)-min-3241-thumb.jpg
18-944,,WALKING STICK 3PCS DETACHABLE WITH COMPASS -120CM,https://alrimaya.com/image/catalog/product/3242/18-944-(3)-min-3242-thumb.jpg
18-945,,WALKING STICK 3PCS DETACHABLE BROWN LEATHER STRAP ,https://alrimaya.com/image/catalog/product/3243/18-945-(1)-min-3243-thumb.jpg
18-946,,WALKING STICK 3PCS DETACHABLE + ADJUSTABLE  -120CM,https://alrimaya.com/image/catalog/product/3244/18-946-(3)-min-3244-thumb.jpg
18-947,94043000000,SLEEPING BAG 220 x 120CM - OLIVE GREEN,https://alrimaya.com/image/cache/catalog/product/2108/18-947-(4)-min-2108-thumb-800x800.jpg
18-948,820140000000,6 IN 1 MULTI-FUNCTIONAL AXE,https://alrimaya.com/image/catalog/product/3403/18-948-(4)-min-3403-thumb.jpg
18-949,,عصا من خشب الأبنوس بمقبض محني,https://alrimaya.com/image/catalog/product/3513/18-949-(1)-min-3513-thumb.jpg
18-950,,عصا من خشب الأبنوس بمقبض مطعم بالعظم,https://i.ibb.co/rZz9zhj/20221215-143554.jpg
18-951,,عصا من خشب الأبنوس نحت يدوي – راس حصان,https://i.ibb.co/m8XhhwM/20221215-143500.jpg
18-952,,عصا من خشب الأبنوس بمقبض بيضاوي – قرن جاموس,https://alrimaya.com/image/catalog/product/4100/18-952-(1)-min-4100-thumb.jpg
18-953,,عصا من خشب الأبنوس – قطعة واحدة - بمقبض بيضاوي,https://alrimaya.com/image/catalog/product/3574/18-953-(1)-3574-thumb.jpg
18-954,,WALKING STICK,https://alrimaya.com/image/catalog/product/3575/18-954-(1)-3575-thumb.jpg
18-955,,Water Tank 86-89 liter with extra steel,https://i.ibb.co/254Wf50/18-955.jpg
18-956,420222000000,SLEEPING BAG (190+30)x75CM - GREEN,https://alrimaya.com/image/catalog/product/3338/18-956-(2)-min-3338-thumb.jpg
18-957,420222000000,SLEEPING BAG (190+30)x75CM - ORANGE,https://alrimaya.com/image/cache/catalog/product/3338/18-957-(2)-3338-thumb-800x800.jpg
18-959,BH-A-001,AIR BED 190x63x5CM - BEIGE,https://alrimaya.com/image/catalog/product/3514/18-959-(2)-min-3514-thumb.jpg
18-960,BH-A-002,AIR BED 190x63x5CM - YELLOW,https://alrimaya.com/image/catalog/product/3515/18-960-(2)-min-3515-thumb.jpg
18-962,BH-09,FOLDABLE ALUMINUM SHOVEL ORANGE & BLACK,https://alrimaya.com/image/cache/catalog/product/3842/18-962-(4)-min-3842-thumb-800x800.jpg
18-963,,FOLDING CAMPING SHOVEL ARMY GREEN,https://alrimaya.com/image/cache/catalog/product/3730/18-963-(3)-min-3730-thumb-800x800.jpg
18-964,,WALKING STICK WITH CAMEL HEAD - 120CM,https://alrimaya.com/image/cache/catalog/product/3849/18-964-(2)-min-3849-thumb-800x800.jpg
18-965,,WALKING STICK WITH EAGLE HEAD - 120CM,https://alrimaya.com/image/cache/catalog/product/3850/18-965-(2)-min-3850-thumb-800x800.jpg
18-966,23-081,ALWATHIR -2 SLEEPING BAG 205x100CM - BROWN+CREAM,https://alrimaya.com/image/catalog/product/3883/18-966 (4)-min-3883-thumb.jpg
18-967,23-082,AL ULA-2 SLEEPING BAG 210×105CM - BLUE,https://alrimaya.com/image/catalog/product/3884/18-967 (1)-min-3884-thumb.jpg
18-968,23-084,AL QIDDYA-2|SLEEPING BAG 200X100cm,https://alrimaya.com/image/catalog/product/3885/18-968 (2)-min-3885-thumb.jpg
18-972,23-088,TUWAIQ-2|SLEEPING BAG 215X100cm,https://alrimaya.com/image/catalog/product/3886/18-972 (1)-min-3886-thumb.jpg
18-973,YIWU-18973,CAMPING SHOVEL 68CM BLACK,https://alrimaya.com/image/cache/catalog/product/3969/18-973-(3)-3969-thumb-800x800.jpg
18-974,,CAMPING SHOVEL 93CM ORANGE & GREEN,https://alrimaya.com/image/cache/catalog/product/3970/18-974-(3)-3970-thumb-800x800.jpg
18-975,,WALKING STICK 93CM DARK BROWN,https://alrimaya.com/image/catalog/product/3983/18-975-(1)-3983-thumb.jpg
18-976,,WALKING STICK WITH KNIFE & ROUND HEAD 94CM - BLACK,https://alrimaya.com/image/catalog/product/3984/18-976-(1)-3984-thumb.jpg
18-977,,WALKING STICK WITH KNIFE & FALCON HEAD 94CM -BLACK,https://alrimaya.com/image/catalog/product/3985/18-977-(1)-3985-thumb.jpg
18-978,,FOLDING SAW 34x16CM - BLACK,https://alrimaya.com/image/catalog/product/3987/18-978-(1)-3987-thumb.jpg
18-979,,WALKING STICK 3PCS DETACHABLE 87CM BROWN,https://alrimaya.com/image/catalog/product/3986/18-979-(4)-3986-thumb.jpg
18-980,,MULTI-FUNCTIONAL HIKING STICK 103CM WITH PP CASE,https://alrimaya.com/image/catalog/product/3988/18-980-(4)-3988-thumb.jpg
18-981,NSL-273080,PASSIVE EAR MUFF-BLACK,https://alrimaya.com/image/catalog/product/4039/18-981-(1)-4039-thumb.jpg
18-982,,MULTI-FUNCTIONAL SURVIVAL AXE BLACK,https://alrimaya.com/image/catalog/product/4074/18-982-(1)-4074-thumb.jpg
18-983,,MULTI-FUNCTIONAL SURVIVAL AXE BLACK,https://alrimaya.com/image/catalog/product/4075/18-983-(1)-4075-thumb.jpg
18-984,SC2212,GAS CARTRIDGE 450G,https://i.ibb.co/XxvN9r6Y/18-984.jpg
19-160,31119000000058,Rifle Rubber Recoil Pad Slip-On 4812,https://alrimaya.com/image/catalog/A-16-18-19/19-160%20(1).png
1-92,611002913,GAMO SHADOW 1000 4.5 CAL,https://alrimaya.com/image/catalog/SKU:%201-/1-92.png
19-312,31119000000160,USTANOL SPARY -200 ML (ANTI-CORROSIV OIL) GUN CARE,https://alrimaya.com/image/catalog/A-16-18-19/19-312%20(1).png
19-320,31119000000168,BALLISTOL 100 ML,https://alrimaya.com/image/catalog/A-16-18-19/19-320%20(1).png
19-327,31119000000175,"USTA RUST-KILLER SPRAY, 2OOML ANTI-CORROSIV OIL",https://alrimaya.com/image/catalog/A-16-18-19/19-327%20(1).png
19-328,31119000000176,USTA SPRAY 400 ML,https://alrimaya.com/image/catalog/A-16-18-19/19-328%20(1).jpg
19-337,31119000000185,09/40009 - PLAST. NUOVA PIST. ACCIAIO CAL. 9,https://alrimaya.com/image/catalog/A-16-18-19/19-337%20(1).jpg
19-340,31119000000188,083/3012 - PLASTICA FUC.BAC.AC. RIC.CAL. 12,https://alrimaya.com/image/catalog/A-16-18-19/19-340%20(2).jpg
19-347,31119000000195,08/C0012 -  VALIGETTA TRASPARENTE CAL. 12,https://i.ibb.co/qkcqPZ5/19-347.jpg
19-351,31119000000199,127/1022 - BLISTER SCOVOLI CARABIN. CAL. 22,https://i.ibb.co/zVv6QjD/19-351.jpg
19-352,31119000000200,106/0017 - BACCH. OTT. 3PZ D. 5 ATTACCO USA,https://i.ibb.co/4TpnP1y/19-352-1-Large.jpg
19-353,31119000000201,116/0009 - SCOVOLO LANA FUCILE CAL. 9,https://i.ibb.co/jTTnbk0/Whats-App-Image-2023-03-05-at-4-06-35-PM.jpg
19-367,31119000000219,RIFLEL/PISTOL CLEANING KIT,https://alrimaya.com/image/catalog/A-16-18-19/19-367%20(1).jpg
19-370,31119000000221,GUN CLEANING KIT,https://alrimaya.com/image/catalog/A-16-18-19/19-370%20(1).jpg
19-374,31119000000225,CLEANING KIT WITH BAG GREEN POUCH,https://alrimaya.com/image/catalog/A-16-18-19/19-374%20(1).jpg
19-375,31119000000226,CLEANING KIT WITH  BAG GREEN POUCH,https://alrimaya.com/image/catalog/A-16-18-19/19-375%20(3).jpg
19-376,31119000000227,"KIT BACCHETTA OTTON.3PZ.C/TIR.CAL.7,62",https://alrimaya.com/image/catalog/A-16-18-19/19-376%20(1).jpg
19-377,31119000000228,KIT BACCHETTA OTTON.3PZ.C/TIR.CAL.22,https://alrimaya.com/image/catalog/A-16-18-19/19-377%20(1).jpg
19-378,31119000000229,KIT BACCHETTA OTTON.1PZ.C/TIRANTE CAL.38,https://alrimaya.com/image/catalog/A-16-18-19/19-378%20(3).jpg
19-379,Q20,Q20 - SUPER MULTI-PURPOSE LUBRICANT - 300G,https://alrimaya.com/image/catalog/product/2314/19-379%20(1)-2314-thumb.jpg
19-380,31119000000231,UNIVERSEL CLEANING KIT,https://alrimaya.com/image/catalog/A-16-18-19/19-380%20(3).jpg
19-381,31119000000232,CLEANIG KIT WITH ARMY BAG,https://alrimaya.com/image/catalog/A-16-18-19/19-381%20(3).jpg
19-382,31119000000233,Rifle Rubber Recoil Pad Slip-On SMALL,https://alrimaya.com/image/catalog/A-16-18-19/19-382%20(1).jpg
19-383,31119000000234,Rifle Rubber Recoil Pad,https://alrimaya.com/image/cache/catalog/A-16-18-19/19-383%20(1)-800x800.jpg
19-384,31119000000235,CLEANING KIT 12G,https://alrimaya.com/image/catalog/A-16-18-19/19-384%20(1).jpg
19-385,31119000000236,CLEANING KIT 7.62 CAL,https://alrimaya.com/image/catalog/A-16-18-19/19-385%20(1).jpg
19-386,31119000000237,CLEANING KIT .22 CAL,https://alrimaya.com/image/catalog/A-16-18-19/19-386%20(2).jpg
19-387,31119000000238,CLEANING KIT 9MM,https://alrimaya.com/image/catalog/A-16-18-19/19-387%20(1).jpg
19-388,31119000000239,CLEANING KIT ALL CAL,https://alrimaya.com/image/catalog/A-16-18-19/19-388%20(2).jpg
19-389,31119000000240,CLEANING KIT 4.5 CAL,https://alrimaya.com/image/catalog/product/1256/19-389-(2)-1256-thumb.jpg
19-390,31119000000241,Adjustable Leather Slip-on  Recoil pad,https://alrimaya.com/image/catalog/product/1320/19-390-(2)-1320-thumb.jpg
19-392,6026BR,GUN CLEANING KIT ,https://alrimaya.com/image/cache/catalog/product/3559/19-392-(1)-3559-thumb-800x800.jpg
19-393,6262UNV,UNIVERSAL CLEANING KIT BAG,https://alrimaya.com/image/catalog/product/2442/19-393-2-min-2442-thumb.jpg
19-394,19-394,مناديل Q 90لتنظيف اليدين - WIPES,https://alnahla.net/wp-content/uploads/2019/03/Q90-1024x1024.jpg
19-395,19-395,رش وامش 500م (PROTECTION),https://alrimaya.com/image/catalog/product/2463/19-395-min-2463-thumb.jpg
19-396,22200-AR,GUNEX-SPEZIAL WAFFENOL SPRAY 200ML,https://alrimaya.com/image/catalog/product/3350/19-396-(1)-min-3350-thumb.jpg
19-397,19-397,BALLISTOL QUICK BROWNING 50ML,https://alrimaya.com/image/catalog/product/2740/19-397-min-2740-thumb.jpg
19-398,19-398,"GunCer Waffenfett, 10g, Tube, AR",https://alrimaya.com/image/catalog/product/2739/19-398%20(1)-min-2739-thumb.jpg
19-399,22169-AR / 22191,BALLISTOL GUNCER CERAMIC GUN OIL 65ML,https://alrimaya.com/image/catalog/product/2921/19-399-2921-thumb.jpg
19-400,23532 / 23514,BALLISTOL ROBLA SOLO MIL 65ML,https://alrimaya.com/image/catalog/product/2733/19-400-min-2733-thumb.jpg
19-401,23768,BALLISTOL WET WIPES 3PCS,https://alrimaya.com/image/catalog/product/2741/19-401%20(1)-min-2741-thumb.jpg
19-402,19-402,"Ballistol Filzreiniger Spezial, Kal. .12, 30 Stück",https://alrimaya.com/image/catalog/product/2738/19-402-min-2738-thumb.jpg
19-403,381010000001,"Ballistol Filzreiniger Spezial, Kal. .22, 60 Stück",https://alrimaya.com/image/catalog/product/2735/59927-0-min-2735-thumb.jpg
19-404,19-404,"Ballistol Filzreiniger Spezial, Kal. .308, 60 Stüc",https://alrimaya.com/image/catalog/product/2734/19-404-min-2734-thumb.jpg
19-405,19-405,"Ballistol Filzreiniger Spezial, Kal. 38, 60 Stück,",https://alrimaya.com/image/catalog/product/2736/72973_038_2020-min-2736-thumb.jpg
19-406,19-406,Impragnier-spray pluvonin-200ml englisch/arabisch ,https://alrimaya.com/image/catalog/product/2732/19-406%20(1)-min-2732-thumb.jpg
19-407,21727,BALLISTOL UNIVERSAL OIL FLEX-SPRAY 350ml,https://alrimaya.com/image/catalog/product/3351/19-407-(1)-min-3351-thumb.jpg
19-408,19-408,mikrifasertuch zum reinigen von kunststoff 40x40cm,https://alrimaya.com/image/catalog/product/2730/19-408%20(2)-min-2730-thumb.jpg
19-409,19-409,flex clean .22/24 laufreiningungsschnur mit je 3= ,https://alrimaya.com/image/catalog/product/2729/BLL130303-min-2729-thumb.jpg
19-410,19-410,flex clean kal 12 GA  laufreiningungsschnur mit je,https://alrimaya.com/image/catalog/product/2737/19-410-min-2737-thumb.jpg
19-411,23651 / 23713,BALLISTOL WEAPON CLEANING BAG 44 PARTS,https://alrimaya.com/image/catalog/product/2731/19-411%20(1)-min-2731-thumb.jpg
19-412,381010000001,BALLISTOL GUN PARTS CLEANER SPRAY 250ML,https://m.media-amazon.com/images/I/61uC+cu+P1L._AC_SL1134_.jpg
19-414,25085 / 25099,BALLISTOL RIM CLEANER 750ML,https://alrimaya.com/image/cache/catalog/product/4149/19-414-4149-thumb-800x800.jpg
19-415,25440 / 25449,BALLISTOL BARBECUE CLEANER 750ML,https://alrimaya.com/image/cache/catalog/product/4150/19-415-4150-thumb-800x800.jpg
19-416,,UNIVERSAL GUN CLEANING KIT,https://alrimaya.com/image/catalog/product/4038/19-416-(1)-4038-thumb.jpg
19-417,26901,BALLISTOL MUSQUITOS PUMP SPRAY 100ML,https://alrimaya.com/image/cache/catalog/product/4227/19-417%20(1)-4227-thumb-800x800.jpg
19-418,23428,BALLISTOL CLEANER FOR OPTICS AND LENSES 30ML,https://alrimaya.com/image/cache/catalog/product/4228/19-418%20(2)-4228-thumb-800x800.jpg
19-419,23114,BALLISTOL ALU BROWNING 50ML,https://alrimaya.com/image/cache/catalog/product/4230/19-419-4230-thumb-800x800.jpg
19-420,KD-703,UNIVERSAL GUN CLEANING KIT WITH PVC CASE - 29.5x19,https://alrimaya.com/image/catalog/product/4194/19-420-(1)-4194-thumb.jpg
19-421,QS202212001,UNIVERSAL GUN CLEANING KIT WITH EVA CASE,https://alrimaya.com/image/catalog/product/4192/19-421-(13)-4192-thumb.jpg
1-99,611001013,GAMO MAXIMA 4.5 CAL,https://alrimaya.com/image/cache/catalog/SKU:%201-/1-99-800x800.png
2-10,31102000000008,MASTER 100 TINS X 250 MAGNUM CAL 4.5,https://alrimaya.com/image/catalog/product/595/2-10-(2)-595-thumb.jpg
2-11,31102000000009,MASTER 100 TINS X 250 MAGNUM CAL 5.5,https://alrimaya.com/image/cache/catalog/2-11/2-11-(3)-800x800.jpg
21-101,31121000000101,V-22 SEAR SPRING,https://www.airgunspares.com/media/catalog/product/cache/71fc518469de8fee7a024b95923583ff/w/e/webley-vulcan-sear-spring_1.jpg
21-103,31121000000102,V-100 GUARD SCREW FRONT,https://www.airgunspares.com/media/catalog/product/cache/71fc518469de8fee7a024b95923583ff/v/u/vulcan-front-guard-screw_1.jpg
21-104,31121000000103,V-19 SEAR SPRING,https://i.ebayimg.com/images/g/lyYAAOSw-a1goCoK/s-l1600.jpg
21-106,31121000000193,V-20 SEAR,https://www.airgunspares.com/media/catalog/product/cache/71fc518469de8fee7a024b95923583ff/w/e/webley-vulcan-main-sear_1.jpg
21-110,31121000000106,X-36 SEAR SPRING,https://www.airgunspares.com/media/catalog/product/cache/71fc518469de8fee7a024b95923583ff/e/c/eclipse-patriot-sear-spring_1.jpg
21-111,31121000000107,X-40 AUX. SEAR SPRING L40,https://www.airgunspares.com/media/catalog/product/cache/71fc518469de8fee7a024b95923583ff/w/e/webley-eclipse-aux-sear-spring_1.jpg
21-114,31121000000109,V-27 TRIGGER ADJUSTING SCREW,https://www.airgunspares.com/media/catalog/product/cache/71fc518469de8fee7a024b95923583ff/v/u/vulcan-trigger-adjusting-screw_1_1.jpg
21-128,31121000000123,BREECH SEAL,https://alrimaya.com/image/catalog/product/4982/21-128-(1)-4982-thumb.jpg
21-15,31121000000016,L-45 PISTON SEAL,https://www.airgunspares.com/media/catalog/product/cache/71fc518469de8fee7a024b95923583ff/w/e/webley-eclipse-piston-seal_1.jpg
21-151,31121000000146,X-15 BREECH BLOCK AXIS PIN,https://www.airgunspares.com/media/catalog/product/cache/71fc518469de8fee7a024b95923583ff/w/e/webley-eclipse-breech-axis-pin_1.jpg
21-152,31121000000147,V-13 MAIN SPRING DAMPER,https://www.airgunspares.com/media/catalog/product/cache/71fc518469de8fee7a024b95923583ff/w/e/webley-vulcan-metal-guide_1.jpg
21-153,31121000000148,V-17 BARREL STOP PIN,https://www.airgunspares.com/media/catalog/product/cache/71fc518469de8fee7a024b95923583ff/w/e/webley-vulcan-barrel-stop-pin_1.jpg
21-161,31121000000153,V 29 SAFE SLIDE                            2356,https://www.airgunspares.com/media/catalog/product/cache/71fc518469de8fee7a024b95923583ff/w/e/webley-vulcan-safe-slide_1.jpg
21-162,31121000000154,V 31 LOADING LEVER,https://www.airgunspares.com/media/catalog/product/cache/71fc518469de8fee7a024b95923583ff/w/e/webley-vulcan-cocking-lever-1.jpg
21-180,31121000000172,REGAL 80 PISTON SEAL,https://i.ibb.co/NpystNf/21-180.jpg
21-199,31121000000191,70 FILLER PROBE O - RING,https://i.ibb.co/FW7trXP/21-199.jpg
21-235,31121000000229,PIVOT SCREW M135,https://i.ibb.co/vjjyvjF/21-235.jpg
21-239,31121000000233,PIVOTSCREW M135,https://i.ibb.co/hmfK1Hq/21-239.jpg
21-303,31121000000297,Spare Parts,https://i.ibb.co/FH8qnQF/21-303.jpg
21-308,31121000000302,Spare Parts,https://i.ibb.co/sWNFNyY/21-308.jpg
21-343,31121000000337,Spare Parts,https://i.ibb.co/sQPFpn3/21-343.jpg
21-434,21-434,STEEL SPRING (SMALL),https://i.ibb.co/q9pTBVC/21-434.jpg
21-435,21-435,STEEL SPRING (Large),https://i.ibb.co/cFfn8kc/21-435.jpg
21-451,,SHOT MAGAZINE FOR BARRAGE/BULL MASTER,https://i.ibb.co/2N6LDN3/21-451.jpg
21-454,,SHOT MAGAZINE FOR HERCULES,https://i.ibb.co/1ZDdq58/21-454.jpg
2-16,31102000000014,MASTER 100 TINS X 250 ROUND CAL 4.5,https://alrimaya.com/image/cache/catalog/SKU:%202/2-16p2---%D8%B1%D8%A7%D9%88%D9%86%D8%AF-%D8%B1%D8%B5%D8%A7%D8%B5-%D8%B5%D9%8A%D8%AF-4.5-250-%D8%AD%D8%A8%D8%A9-800x800.png
21-61,31121000000062,E-41 LOADING LEVER BOLT SPRING,https://www.airgunspares.com/media/catalog/product/cache/a73757ad08468346dc356011d53d46ac/w/e/webley-tracker-catch-spring_1.jpg
21-62,31121000000063,E-44 AUXILIARY LEVER,https://www.airgunspares.com/media/catalog/product/cache/71fc518469de8fee7a024b95923583ff/w/e/webley-tracker-auxilary-lever_1.jpg
21-63,31121000000064,E-46 LOADING LEVER TENSION SPRG.,https://www.airgunspares.com/media/catalog/product/cache/71fc518469de8fee7a024b95923583ff/e/4/e46.jpg
21-64,31121000000065,E-47 LOADING LEVER FULCRUM PIN,https://www.airgunspares.com/media/catalog/product/cache/71fc518469de8fee7a024b95923583ff/l/o/loading-lever-fulcrum-pin_1.jpg
21-67,31121000000068,E-62 LOADING TAP LEVER,https://www.airgunspares.com/media/catalog/product/cache/71fc518469de8fee7a024b95923583ff/w/e/webley-loading-tap-lever_1.jpg
21-68,31121000000069,E-63 LOADING TAP LEVER SCREW,https://www.airgunspares.com/media/catalog/product/cache/71fc518469de8fee7a024b95923583ff/w/e/webley-loading-tap-lever-screw_1.jpg
21-69,31121000000070,E-64 LOADING TAP LEVER CATCH,https://www.airgunspares.com/media/catalog/product/cache/a73757ad08468346dc356011d53d46ac/e/6/e64.jpg
21-71,31121000000072,E-66 LOADING TAP SPRING,https://www.airgunspares.com/media/catalog/product/cache/71fc518469de8fee7a024b95923583ff/w/e/webley-loading-tap-lever-sprin_1.jpg
21-73,31121000000074,E-89 STOCK FIXING SCREW FRONT,https://www.airgunspares.com/media/catalog/product/cache/71fc518469de8fee7a024b95923583ff/w/e/webley-tracker-stock-screw.jpg
21-8,31121000000009,L-22 LOADING LEVER,https://www.airgunspares.com/media/catalog/product/cache/71fc518469de8fee7a024b95923583ff/w/e/webley-patriot-loading-lever_1.jpg
21-84,31121000000084,V-10 PISTON SEAL,https://www.airgunspares.com/media/catalog/product/cache/71fc518469de8fee7a024b95923583ff/i/m/img_4500-3.jpg
21-89,31121000000089,V-46 BARREL FIXING PLUNGER,https://www.airgunspares.com/media/catalog/product/cache/71fc518469de8fee7a024b95923583ff/v/u/vulcan-barrel-plunger_1.jpg
21-96,31121000000096,V- 47 BARREL FIXING PLUNGER SPRING,https://www.airgunspares.com/media/catalog/product/cache/71fc518469de8fee7a024b95923583ff/v/u/vulcan-barrel-plunger-spring_1.jpg
22-1000,31122000000792,SWITCH NO CAP,https://i.ibb.co/3pwdLBZ/22-1000.jpg
22-1002,31122000000794,"SCREW, CAP,SOCK-HD,M4X20,GR12.9,UNBRAKO",https://i.ibb.co/1RvZR9n/22-1002.jpg
22-1003,31122000000795,"O-RING, BS03IN70",https://i.ibb.co/BfMrP5q/22-1003.jpg
22-1004,31122000000796,"O-RING, BS032S70",https://i.ibb.co/yfKq5Fp/22-1004.jpg
22-1005,31122000000797,"O-RING,BS028N70",https://i.ibb.co/HGs9ZKs/22-1005.jpg
22-1006,31122000000798,"HOSE COUPLING, US STD (F), 1/4 NPT(M),P-LOCK",https://i.ibb.co/2YwKDtf/22-1006.jpg
22-1007,31122000000799,"RELAY,12V, 40A,(P1512XP),W/BRKT",https://i.ibb.co/vhFCfRg/22-1007.jpg
22-10108423,,METAL JERRY CAN 20L,https://i.ibb.co/Fbn8MDCS/22-10108423.jpg
22-1013,WYSN-SAW-0005,MEKSHAT AWNING TENT-2.8x1.8M,https://alrimaya.com/image/catalog/product/1517/22-1013-(9)-1517-thumb.jpg
22-1014,31122000000808,jack mount -jj015 brown box,https://alrimaya.com/image/catalog/SKU%20:%2022/22-1014-(7)%D9%82%D8%A7%D8%B9%D8%AF%D8%A9-%D8%AA%D8%AB%D8%A8%D9%8A%D8%AA-%D8%AC%D8%A7%D9%83-%D8%B9%D9%84%D9%89-%D8%A7%D9%84%D8%B3%D9%8A%D8%A7%D8%B1%D8%A9.png
22-1015,31122000000809,hi-lift base jj017-brown-box,https://alrimaya.com/image/catalog/SKU%20:%2022/22-1015-(3)-%D9%82%D8%A7%D8%B9%D8%AF%D8%A9-%D8%A7%D8%AA%D9%83%D8%A7%D8%B2-%D9%84%D8%AC%D8%A7%D9%83-%D8%B9%D9%81%D8%B1%D9%8A%D8%AA%D8%A9-%D9%84%D9%84%D8%B3%D9%8A%D8%A7%D8%B1%D8%A9.png
22-1018,NQ118Q,AIR COMPRESSOR 12V SILVER,https://alrimaya.com/image/catalog/SKU%20:%2022/22-1018-(6)-%D9%83%D9%85%D8%A8%D8%B1%D9%8A%D8%B3%D9%88%D8%B1-%D9%87%D9%88%D8%A7%D8%A1-%D9%84%D9%84%D8%B3%D9%8A%D8%A7%D8%B1%D8%A7%D8%AA.png
22-1024,82060000000,TYRE REPAIR KIT WITH GIFT BOX,https://alrimaya.com/image/catalog/product/1880/22-1024-(1)-min-1880-thumb.jpg
22-1026,EASY-0181D,BACK SUPPORT FLOOR CHAIR,https://alrimaya.com/image/catalog/SKU%20:%2022/22-1026.jpg
22-1027,WYSN-0108M,BACK SUPPORT FLOOR CHAIR WITH ARMREST,https://alrimaya.com/image/catalog/SKU%20:%2022/22-1027-%D9%83%D8%B1%D8%B3%D9%8A-%D8%A7%D8%B1%D8%B6%D9%8A-%D9%82%D8%A7%D8%A8%D9%84-%D9%84%D9%84%D8%B7%D9%8A-%D8%A8%D9%83%D9%84-%D8%B3%D9%87%D9%88%D9%84%D8%A9.png
22-1031,31122000000824,ALU.STORAGE CASE W/BLACK PLASTIC  L:66X28.5X32CM,https://alrimaya.com/image/catalog/SKU%20:%2022/22-1031-(6)-%D8%B5%D9%86%D8%AF%D9%88%D9%82-%D8%A3%D9%84%D9%85%D9%88%D9%86%D9%8A%D9%88%D9%85-%D8%A8%D9%85%D9%82%D8%A8%D8%B6-%D8%A8%D9%84%D8%A7%D8%B3%D8%AA%D9%8A%D9%83.png
22-1032,31122000000825,ALU.STORAGE CASE W/BLACK PLASTIC LID S:59X29X22CM.,https://alrimaya.com/image/catalog/SKU%20:%2022/22-1032-(9)-%D8%B5%D9%86%D8%AF%D9%88%D9%82-%D8%A3%D9%84%D9%85%D9%88%D9%86%D9%8A%D9%88%D9%85-%D8%A8%D9%85%D9%82%D8%A8%D8%B6-%D8%A8%D9%84%D8%A7%D8%B3%D8%AA%D9%8A%D9%83%D9%8A.png
22-1038,31122000000832,PRESSURE COOKER WHISTLE,https://i.ibb.co/McTgTLj/Whats-App-Image-2023-03-12-at-8-05-59-PM.jpg
22-1039,31122000000833,PRESSURE COOKER LID WASHER,https://i.ibb.co/jWdjy4G/22-1039.jpg
22-1040,31122000000834,PRESSURE COOKER LID HANDLE LOCK,https://i.ibb.co/Yj7zqQV/22-1040-2-Large.jpg
22-1041,31122000000835,PRESSURE COOKER CARRY HANDLE,https://i.ibb.co/xD0Kcps/22-1041.jpg
22-1042,31122000000831,FOLDING CHAIR,https://i.ibb.co/8rSFY5h/22-1042-Large.jpg
22-1067,842441100000,PRESSURE SPRAYER-3-LTRS,https://alrimaya.com/image/catalog/SKU%20:%2022/22-1067-(2).png
22-1069,820320000004,BBQ CLIP SILVER 48CM WOODEN HANDLE,https://alrimaya.com/image/catalog/product/1321/22-1069-(2)-1321-thumb.jpg
22-1070,31122000000864,BBQ GRILL,https://alrimaya.com/image/catalog/SKU%20:%2022/22-1070-(8)-%D8%B4%D8%A8%D9%83%D8%A9-%D8%B4%D9%88%D8%A7%D8%A1.png
22-1083,31122000000876,GLOVES,https://i.ibb.co/9qkBMMp/22-1084-2-Large.jpg
22-1087,31122000000880,TRACTION BOARD WITH BLACK BAG,https://alrimaya.com/image/catalog/SKU%20:%2022/22-1087-(3).jpg
22-1088,31122000000881,WATER BOTTLE STAND,https://alrimaya.com/image/catalog/SKU%20:%2022/22-1088-(2)-%D8%B3%D8%B7%D9%84-%D9%85%D8%A7%D8%A1-.jpg
22-1093,31122000000893,SPOON,https://i.ibb.co/XXgVGrj/22-1093-4-Large.jpg
22-1094,31122000000894,SPOON,https://i.ibb.co/q7krGHs/22-1094-4-Large.jpg
22-1095,31122000000892,SPOON,https://alrimaya.com/image/catalog/product/1296/22-1095-(1)-1296-thumb.jpg
22-1099,31122000000901,STEEL BOX 12.5x10,https://alrimaya.com/image/catalog/SKU%20:%2022/22-1099-%D8%B9%D9%84%D8%A8%D8%A9-%D8%A7%D8%B3%D8%AA%D9%8A%D9%84.jpg
22-1100,31122000000900,STEEL BOX 12.5x7.5,https://alrimaya.com/image/catalog/SKU%20:%2022/22-1100-(6)-%D8%B9%D9%84%D8%A8%D8%A9-%D8%A7%D8%B3%D8%AA%D9%8A%D9%84-.jpg
22-1101,31122000000896,STEEL BOX  10x7.4,https://alrimaya.com/image/catalog/SKU%20:%2022/22-1101-(2)-%D8%B9%D9%84%D8%A8%D8%A9-%D8%A7%D8%B3%D8%AA%D9%8A%D9%84-.jpg
22-1102,31122000000899,STEEL BOX  10x16,https://alrimaya.com/image/catalog/SKU%20:%2022/22-1102-(4)-%D8%B9%D9%84%D8%A8%D8%A9-%D8%A7%D8%B3%D8%AA%D9%8A%D9%84-.jpg
22-1103,31122000000898,STEEL BOX  10x12.5,https://alrimaya.com/image/catalog/SKU%20:%2022/22-1103-(6)-%D8%B9%D9%84%D8%A8%D8%A9-%D8%A7%D8%B3%D8%AA%D9%8A%D9%84-.png
22-1104,31122000000897,STEEL BOX  10x11,https://alrimaya.com/image/catalog/SKU%20:%2022/22-1104-(10)-%D8%B9%D9%84%D8%A8%D8%A9-%D8%A7%D8%B3%D8%AA%D9%8A%D9%84.png
22-1105,732310000004,CUT RESISTANT GLOVES - L,https://alrimaya.com/image/catalog/product/1410/22-1105%20(2)-min-1410-thumb.jpg
22-1106,31122000000888,WATER BUCKET 9L,https://alrimaya.com/image/catalog/SKU%20:%2022/22-1106-(10)-%D8%B3%D8%B7%D9%84-%D9%85%D8%A7%D8%A1-%D9%85%D9%86-%D8%A7%D9%84%D9%82%D9%85%D8%A7%D8%B4-%D9%82%D8%A7%D8%A8%D9%84-%D9%84%D9%84%D8%B7%D9%8A.png
22-1114,31122000000908,BBQ FAN,https://i.ibb.co/ZhfkGRY/22-1114-Large.jpg
22-1118,31122000000912,BBQ GRILL(40*30),https://alrimaya.com/image/catalog/product/282/22-1118-282-thumb.jpg
22-1119,31122000000913,"SS BBQ NET SINGLE HANDLE, WITH LEG",https://alrimaya.com/image/cache/catalog/SKU%20:%2022/22-1119-(7)-%D8%B4%D8%A8%D9%83-%D8%B4%D9%88%D9%8A-800x800.png
22-1120,31122000000914,BBQ GRILL 40x 45CM,https://alrimaya.com/image/catalog/SKU : 22/22-1120-(5)-شبك-شوي.png
22-1121,31122000000915,"BBQ SKEWERS WITH WOOD HAND, 5PCS",https://alrimaya.com/image/catalog/SKU%20:%2022/22-1121-(13)-%D8%A3%D8%B3%D9%8A%D8%A7%D8%AE-%D8%B4%D9%88%D9%8A.png
22-1124,31122000000917,ALUMINIUM BOXES SMALL (60X40X25CM),https://alrimaya.com/image/catalog/SKU%20:%2022/22-1124-(1)-%D8%B5%D9%86%D8%AF%D9%88%D9%82-%D8%A3%D9%84%D9%88%D9%85%D9%86%D9%8A%D9%88%D9%85.png
22-1126,842441100000,PRESSURE SPRAYER-5-LTRS,https://alrimaya.com/image/catalog/SKU%20:%2022/22-1126-(2).png
22-1130,820320000004,BBQ CLIP GOLD 30CM WOODEN HANDLE,https://alrimaya.com/image/catalog/product/1257/22-1130-(4)-1257-thumb.jpg
22-1131,940330100000,FOLDING TABLE (60X40CM.4MM),https://alrimaya.com/image/catalog/SKU%20:%2022/22-1131-%D8%B7%D8%A7%D9%88%D9%84%D8%A9-%D9%82%D8%A7%D8%A8%D9%84%D8%A9-%D9%84%D9%84%D8%B7%D9%8A.png
22-1137,WALMART,FOLDING CHAIR DUAL GREEN,https://alrimaya.com/image/catalog/SKU%20:%2022/22-1137-%D9%83%D8%B1%D8%B3%D9%8A-%D8%A7%D9%84%D8%B1%D8%AD%D9%84%D8%A7%D8%AA.png
22-1142,VKS-K-525-0,TEA SUGAR BAG 5PCS SET KHAKI,https://alrimaya.com/image/catalog/SKU%20:%2022/22-1142-(6)-%D8%AD%D8%A7%D9%81%D8%B8%D8%A7%D8%AA-%D9%82%D9%85%D8%A7%D8%B4-%D9%84%D9%84%D8%B3%D9%83%D8%B1-%D9%88%D8%A7%D9%84%D8%B4%D8%A7%D9%8A-%D8%B9%D8%AF%D8%AF-5-%D9%82%D8%B7%D8%B9.png
22-1144,420212109999,HUNTING KNIFE BAG,https://alrimaya.com/image/cache/catalog/SKU%20:%2022/22-1144-(3)-800x800.png
22-1146,31122000000939,PICNIC BAG,https://alrimaya.com/image/catalog/SKU%20:%2022/22-1146-(4)-%D8%B4%D9%86%D8%B7%D8%A9-%D9%82%D9%85%D8%A7%D8%B4-%D9%84%D8%AA%D8%AE%D8%B2%D9%8A%D9%86-%D8%B9%D9%84%D8%A8-%D8%A7%D9%84%D8%B4%D8%A7%D9%8A-%D9%88%D8%A7%D9%84%D9%82%D9%87%D9%88%D8%A9.png
22-1164,31122000000955,ALUMINIUM PRESSURE COOKER  11L BLACK COLOR COATED,https://alrimaya.com/image/catalog/SKU%20:%2022/22-1164%20(6)%D9%82%D8%AF%D8%B1%20%D8%B6%D8%BA%D8%B7%2011%20%D9%84%D8%AA%D8%B1.jpg
22-1170,31122000000963,WIND SCREEN SIZE 200X120,https://alrimaya.com/image/catalog/product/1258/22-1170-(10)-1258-thumb.jpg
22-1174,392690690002,RECOVERY TRACKS (TRACTION BOARD),https://alrimaya.com/image/catalog/SKU%20:%2022/22-1174-(8)-%D8%B1%D9%88%D9%88%D9%84-%D8%AA%D8%BA%D8%B1%D9%8A%D8%B2-%D8%B1%D8%A8%D9%84.png
22-1175,31122000000967,12V DC CAR JACK 2TON,https://alrimaya.com/image/catalog/SKU%20:%2022/22-1175-(10)-%D8%AC%D8%A7%D9%83-(-%D8%B9%D9%81%D8%B1%D9%8A%D8%AA%D8%A9-).png
22-1181,31122000000974,POLYESTER WEBBING SLING 3T X 3M,https://alrimaya.com/image/catalog/SKU%20:%2022/22-1181-(7)-%D8%AD%D8%A8%D9%84-%D8%B3%D8%AD%D8%A8.png
22-1182,31122000000975,POLYESTER WEBBING SLING 3T X 6M,https://alrimaya.com/image/catalog/SKU%20:%2022/22-1182-(7)-%D8%AD%D8%A8%D9%84-%D8%B3%D8%AD%D8%A8.png
22-1183,31122000000976,POLYESTER WEBBING SLING 3T X 8M,https://alrimaya.com/image/catalog/SKU%20:%2022/22-1183-(14)--%D8%AD%D8%A8%D9%84-%D8%B3%D8%AD%D8%A8.png
22-1186,31122000000979,POLYESTER WEBBING SLING,https://i.ibb.co/DDDV0JB/22-1186-5-Large.jpg
22-1187,31122000000980,POLYESTER WEBBING SLING,https://alrimaya.com/image/catalog/product/2389/22-1187%20(5)-2389-thumb.jpg
22-1192,31122000000990,FOLDING BOWL,https://alrimaya.com/image/catalog/SKU%20:%2022/22-1192%20(9)%20%D9%85%D8%B5%D9%81%D8%A7%D8%A9%20%D8%A8%D9%84%D8%A7%D8%B3%D8%AA%D9%8A%D9%83.jpg
22-1193,31122000000991,FOLDING BOWL,https://alrimaya.com/image/catalog/SKU%20:%2022/22-1193%20(10)%20%D9%85%D8%B5%D9%81%D8%A7%D8%A9%20%D8%A8%D9%84%D8%A7%D8%B3%D8%AA%D9%8A%D9%83%20%D9%84%D9%84%D8%AE%D8%B6%D8%A7%D8%B1%20%D9%88%D8%A7%D9%84%D9%81%D9%88%D8%A7%D9%83%D9%87.jpg
22-1197,31122000000995,STAINLESS STEEL BOX,https://alrimaya.com/image/catalog/SKU%20:%2022/22-1197-(8)-%D8%AD%D8%A7%D9%81%D8%B8%D8%A9-%D8%B7%D8%B9%D8%A7%D9%85.png
22-1198,31122000000996,STAINLESS STEEL BOX,https://alrimaya.com/image/catalog/SKU%20:%2022/22-1198-%D8%AD%D8%A7%D9%81%D8%B8%D8%A9-%D8%B7%D8%B9%D8%A7%D9%85.png
22-1202,31122000001000,RASS DAFOOR STOVE,https://i.ibb.co/V3wcrG2/22-1202-3-Large.jpg
22-1209,31122000001002,AIR PILLOW,https://alrimaya.com/image/cache/catalog/SKU%20:%2022/22-1209-(6)-%D9%88%D8%B3%D8%A7%D8%AF%D8%A9-%D9%87%D9%88%D8%A7%D8%A6%D9%8A%D8%A9-600x600.png
22-1211,940330100000,FOLDING TABLE (90X60CM.4MM),https://alrimaya.com/image/catalog/SKU%20:%2022/22-1211-(12)-%D8%B7%D8%A7%D9%88%D9%84%D8%A9-%D9%82%D8%A7%D8%A8%D9%84%D8%A9-%D9%84%D9%84%D8%B7%D9%8A.png
22-1212,31122000001005,PICNIC TABLE (60X40CM.3MM),https://alrimaya.com/image/catalog/SKU%20:%2022/22-1212%D8%B7%D8%A7%D9%88%D9%84%D8%A9-%D9%82%D8%A7%D8%A8%D9%84%D8%A9-%D9%84%D9%84%D8%B7%D9%8A.png
22-1213,31122000001006,PICNIC TABLE (56X34CM.3MM),https://alrimaya.com/image/catalog/SKU%20:%2022/22-1213-(1)-%D8%B7%D8%A7%D9%88%D9%84%D8%A9-%D9%82%D8%A7%D8%A8%D9%84%D8%A9-%D9%84%D9%84%D8%B7%D9%8A.png
22-1234,31122000001027,FOOD CARRIER BLOCK COLOR,https://alrimaya.com/image/catalog/SKU%20:%2022/22-1234-(15)-(1)-%D8%AD%D8%A7%D9%81%D8%B8%D8%A9-%D8%B7%D8%B9%D8%A7%D9%85.png
22-1235,31122000001028,FOOD CARRIER BROWN COLOR,https://alrimaya.com/image/catalog/000/22-1235-(5).jpg
22-1243,31122000001038,FLOOR CHAIR,https://i.ibb.co/jJpfFfb/22-1243-4-Large.jpg
22-1246,82060000000,TYRE REPAIR KIT RED CASE,https://alrimaya.com/image/cache/catalog/SKU%20:%2022/22-1246-(2)-%D8%B7%D9%82%D9%85-%D8%A8%D9%86%D8%B4%D8%B1-800x800.png
22-1254,31122000001048,BBQ BLACK COLOR BASKET,https://i.ibb.co/sWV302Z/22-1254-Large.jpg
22-1258,31122000001051,FIRE PROOF GUN SAFE(DIGITAL LOCK) 110-120KG,https://i.ibb.co/y83MkTx/Whats-App-Image-2023-03-11-at-5-56-32-PM.jpg
22-1262,31122000001055,PEPSI HOLDER BAG,https://alrimaya.com/image/catalog/product/2525/22-1262%20(2)-min-2525-thumb.jpg
22-1263,31122000001056,CAMPING BOX MEDIUM SIZE,https://alrimaya.com/image/cache/catalog/SKU%20:%2022/22-1263-(4)-%D8%B4%D9%86%D8%B7%D8%A9-%D8%B9%D8%B2%D8%A8%D8%A9-800x800.png
22-1270,31122000001066,TRAVEL MAT,https://i.ibb.co/tsd9PbB/20230214-132232.jpg
22-1276,31122000001072,STAINLESS STEEL PRESSURE COOKER CS26 9L,https://alrimaya.com/image/catalog/SKU%20:%2022/22-1276-(1)-%D9%82%D8%AF%D8%B1-%D8%B6%D8%BA%D8%B7.png
22-1277,31122000001073,STAINLESS STEEL PRESSURE COOKER CS28 11L,https://alrimaya.com/image/catalog/SKU%20:%2022/22-1276-(1)-%D9%82%D8%AF%D8%B1-%D8%B6%D8%BA%D8%B7.png
22-1298,31122000001093,60 LTR PORTABLE FRIDGE SECOP DANFOSS COMP.,https://alrimaya.com/image/catalog/SKU%20:%2022/22-1298-%D8%AB%D9%84%D8%A7%D8%AC%D8%A9.png
22-1301,31122000001096,ADAPTOR 6A,https://i.ibb.co/FKryw4x/22-1301.jpg
22-1302,31122000001097,THERMOSTAT,https://i.ibb.co/M1wzCdF/22-1302.jpg
22-1304,31122000001099,REMOTE,https://i.ibb.co/RvZsrmt/22-1304.jpg
22-1307,31122000001102,FOLDING BUCKET 6LTR,https://alrimaya.com/image/catalog/SKU%20:%2022/22-1307-%D9%88%D8%B9%D8%A7%D8%A1-%D9%85%D9%86-%D8%A7%D9%84%D9%82%D9%85%D8%A7%D8%B4-(1).png
22-1308,392620909999,WATERPROOF DRESS - 42 & 46,https://alrimaya.com/image/catalog/product/267/22-1308%20(2)-min-267-thumb.jpg
22-1309,560790200000,TIE ROPE WHITE & BLUE 1.8M,https://alrimaya.com/image/catalog/product/1439/22-1309%20(2)-1439-thumb.jpg
22-1311,31122000001106,3 IN1 COOKING SET,https://alrimaya.com/image/catalog/SKU%20:%2022/22-1311-(2)-%D9%82%D8%AF%D8%B1-%D8%B7%D8%A8%D8%AE.png
22-1312,31122000001107,COOKING POT WITH MAGNATIC,https://alrimaya.com/image/catalog/SKU%20:%2022/22-1312-%D9%82%D8%AF%D8%B1-%D9%88%D9%85%D9%82%D9%84%D8%A7%D8%A9.png
22-1313,31122000001108,MULTI SPANER,https://i.ibb.co/WFfy887/22-1313.jpg
22-1314,31122000001109,LARGE CAMPING BOX,https://alrimaya.com/image/catalog/SKU%20:%2022/22-1314-(4)-%D8%B4%D9%86%D8%B7%D8%A9-%D8%B9%D8%B2%D8%A8%D8%A9--%D9%81%D8%A7%D8%B1%D8%BA%D8%A9.png
22-1316,31122000001111,UNIVERSAL ADAPTOR BLACK,https://i.ibb.co/cTdYRbG/22-1316-1-Large.jpg
22-1317,31122000001112,UNIVERSAL ADAPTOR WHITE,https://alrimaya.com/image/catalog/000/22-1317-(1).jpg
22-1318,31122000001113,TRAVEL MAT,https://i.ibb.co/LRWVxkt/20221213-165718.jpg
22-1320,31122000001115,GAS HOSE 25MTRS,https://i.ibb.co/LJzDsvM/22-1320-2-Large.jpg
22-1324,31122000001119,12V JACK WITH WRENCH ,https://alrimaya.com/image/catalog/SKU%20:%2022/22-1324-(10)-%D8%AC%D8%A7%D9%83--(-%D8%B9%D9%81%D8%B1%D9%8A%D8%AA%D8%A9-)-%D9%85%D8%B9-%D8%AC%D9%87%D8%A7%D8%B2-%D9%81%D9%83-%D8%A7%D9%84%D9%83%D9%81%D8%B1%D8%A7%D8%AA.png
22-1326,31122000001121,FOLDING CHAIR,https://alrimaya.com/image/catalog/SKU%20:%2022/22-1326-%D9%83%D8%B1%D8%B3%D9%8A-%D8%B1%D8%AD%D9%84%D8%A7%D8%AA.png
22-1327,31122000001122,SMALL CAMPING BOX,https://alrimaya.com/image/catalog/SKU%20:%2022/22-1327-(2)-%D8%B4%D9%86%D8%B7%D8%A9-%D8%B9%D8%B2%D8%A8%D8%A9.png
22-1329,31122000001130,NAIL CUTTER SET,https://alrimaya.com/image/catalog/SKU%20:%2022/22-1329---%D8%B7%D9%82%D9%85-%D8%A3%D8%B8%D8%A7%D9%81%D8%B1.png
22-1331,31122000001124,YIWO 3RD MIX CONTAINER,https://i.ibb.co/f2mHG70/22-1331-4-Large.jpg
22-1332,31122000001125,SCREW DRIVER,https://i.ibb.co/SVCfz8r/Whats-App-Image-2023-02-22-at-6-35-43-PM.jpg
22-1333,31122000001126,CUTTING PLAYER,https://i.ibb.co/S0trT8M/22-1333-2-Large.jpg
22-1334,31122000001127,YIWO 3RD MIX CONTAINER,https://i.ibb.co/sQxXc0Z/Whats-App-Image-2023-07-15-at-6-56-37-PM.jpg
22-1335,31122000001128,CUTTING KNIFE,https://i.ibb.co/HrjWxnn/22-1335.jpg
22-1336,31122000001129,TAP 3 METER,https://i.ibb.co/yXjKCqk/Whats-App-Image-2023-02-25-at-10-34-06-PM.jpg
22-1337,31122000001132,ALUMINUM KETTLE  14CM,https://alrimaya.com/image/catalog/SKU%20:%2022/22-1337-(5).jpg
22-1338,31122000001133,ALUMINUM KETTLE  16CM,https://alrimaya.com/image/catalog/SKU%20:%2022/22-1338-(4).jpg
22-1339,31122000001134,ALUMINUM KETTLE  20CM,https://alrimaya.com/image/catalog/SKU%20:%2022/22-1338-(4).jpg
22-1340,31122000001135,ALUMINUM KETTLE  22CM,https://alrimaya.com/image/catalog/SKU%20:%2022/22-1338-(4).jpg
22-1350,31122000001145,TOYOTA 75 SERIES NARROW FRONT LANDCRUSIER,https://cars25.ru/system/product_photo/756812/ST075A_original.jpg?1529912888
22-1351,31122000001146,71.73.75.78.79 SERIES WIDE FRONT LANDCRUSIER,https://s.alicdn.com/@sc04/kf/He0ec6d9e3c8b40459e91bd95176649495.jpg_720x720q50.jpg
22-1352,31122000001147,SS78HFZ TOYOTA 78 SERIES NARROW FRONT LANDCRUSIER,https://ae01.alicdn.com/kf/A80059f77a4914882a525d6bfcd6ca65eA/78-1Hz-4-2-I6-st078a.jpg_.webp
22-1353,31122000001148,TOYOTA FJ CRUSIER 1GR-FE 4.0 LITRE V6 PETROL,https://www.tpsmotorsports.com/pub/media/catalog/product/cache/f56d0fbe1fe919530dcdcec56b9fdd7f/0/1/01-90-40-009-bl-2.jpg
22-1361,31122000001156,CAMPING BOX,https://alrimaya.com/image/catalog/SKU%20:%2022/22-1361-(1)-%D8%B9%D8%B2%D8%A8%D8%A9--%D9%84%D9%84%D8%B1%D8%AD%D9%84%D8%A7%D8%AA.png
22-1362,31122000001157,ALUMINUM CARGO CARRIER,https://alrimaya.com/image/catalog/SKU%20:%2022/22-1362-%D8%B3%D9%84%D8%A9-%D8%AE%D9%84%D9%81%D9%8A%D8%A9--%D9%84%D9%84%D8%B3%D9%8A%D8%A7%D8%B1%D8%A7%D8%AA.png
22-1367,31122000001162,CAR INVERTER DC 10-18V,https://alrimaya.com/image/catalog/SKU%20:%2022/22-1367-(7)-%D9%85%D8%AD%D9%88%D9%84-%D8%B3%D9%8A%D8%A7%D8%B1%D8%A9-----150%D9%88%D8%A7%D8%AA.png
22-1372,31122000001167,TABLE STEEL,https://alrimaya.com/image/catalog/product/2526/22-1372%20(3)-min-2526-thumb.jpg
22-1374,31122000001169,VACUUM CLEANER 12V,https://alrimaya.com/image/catalog/SKU%20:%2022/22-1374-(1)-%D9%85%D9%83%D9%86%D8%B3%D8%A9-%D8%B3%D9%8A%D8%A7%D8%B1%D8%A9.png
22-1375,31122000001170,AL RIMAYA TIE TOWN ROPE,https://alrimaya.com/image/catalog/SKU%20:%2022/22-1375-(1)-%D8%AD%D8%A8%D9%84-%D8%AA%D8%B1%D8%A8%D9%8A%D8%B7.png
22-1377,31122000001172,AIR PUMP 12V,https://alrimaya.com/image/catalog/SKU%20:%2022/22-1377-(2)-%D9%85%D9%86%D9%81%D8%A7%D8%AE-%D9%87%D9%88%D8%A7%D8%A1.png
22-1379,31122000001174,FRY PAN,https://alrimaya.com/image/catalog/SKU%20:%2022/22-1379-(8)-%D8%B7%D9%82%D9%85-%D9%82%D9%84%D8%A7%D9%8A%D8%A9.png
22-1385,31122000001180,POWER INVERTER 150W DC12V-RED,https://alrimaya.com/image/catalog/SKU%20:%2022/22-1385-(1)-محول-سيارة.png
22-1387,31122000001182,SILVER COLOR ROLLER PEN,https://i.ibb.co/rkDBZP0/Whats-App-Image-2023-03-12-at-6-20-19-PM.jpg
22-1394,31122000001189,60L DC COMPRESSOR FRIDGE AC/DC W BAG 35 COMPRESSOR,https://i.ibb.co/7psssXP/22-1394-Large.jpg
22-1396,31122000001191,HOT BOX  50 LTR,https://alrimaya.com/image/catalog/SKU%20:%2022/22-1396-(1)-%D8%AD%D8%A7%D9%81%D8%B8%D8%A9-%D8%B7%D8%B9%D8%A7%D9%85-%D8%A7%D8%B3%D8%AA%D9%8A%D9%84.gif
22-1397,31122000001192,HOT BOX 20 LTR,https://alrimaya.com/image/catalog/SKU%20:%2022/22-1396-(1)-%D8%AD%D8%A7%D9%81%D8%B8%D8%A9-%D8%B7%D8%B9%D8%A7%D9%85-%D8%A7%D8%B3%D8%AA%D9%8A%D9%84.gif
22-1400,31122000001195,TIE DOWN1/4 90-KG,https://alrimaya.com/image/catalog/product/1488/22-1400-(5)-1488-thumb.jpg
22-1401,761699500005,MANUAL HOIST 3 METERS 130KG,https://alrimaya.com/image/catalog/00001/22-1401-(1).jpg
22-1403,31122000001198,FOLDING TABLE WOOD,https://alrimaya.com/image/catalog/product/1259/22-1403-(5)-1259-thumb.jpg
22-1407,31122000001202,ALUMINIUM PRESSURE COOKER  7L  BLACK COLOR COATED,https://alrimaya.com/image/catalog/SKU%20:%2022/22-1407-%D9%82%D8%AF%D8%B1-%D8%B6%D8%BA%D8%B7.png
22-1408,31122000001203,STAINLESS STEEL PRESSURE COOKER CS22 5L,https://alrimaya.com/image/catalog/SKU%20:%2022/22-1408-(1)-%D9%82%D8%AF%D8%B1-%D8%B6%D8%BA%D8%B7--5--%D9%84%D9%8A%D8%AA%D8%B1.png
22-1411,31122000001206,REAR CARGO CARRIER,https://alrimaya.com/image/cache/catalog/product/1206/22-1411-(1)-jpg-1206-thumb-800x800.jpg
22-1412,31122000001207,REAR CARGO CARRIER BAG,https://alrimaya.com/image/catalog/SKU%20:%2022/22-1412-(2)-%D8%B4%D9%86%D8%B7%D8%A9-%D8%B9%D9%81%D8%B4-%D9%84%D8%B3%D9%84%D8%A9-%D8%AE%D9%84%D9%81%D9%8A%D8%A9.png
22-1413,31122000001208,FOLDING- BUCKET 3LT,https://alrimaya.com/image/catalog/SKU%20:%2022/22-1413-(7)-%D8%B3%D8%B7%D9%84-%D8%BA%D8%B3%D9%8A%D9%84-%D8%A8%D9%8A%D8%A7%D9%84%D8%A7%D8%AA-%D9%88%D9%81%D9%86%D8%A7%D8%AC%D9%8A%D9%84.png
22-1414,31122000001209,MARKAB,https://i.ibb.co/cwFgv3y/22-1414-1-Large.jpg
22-1416,31122000001211,COOL BAG CAMO,https://alrimaya.com/image/catalog/SKU%20:%2022/22-1416-(3)-%D8%AD%D8%A7%D9%81%D8%B8%D8%A9-%D9%84%D9%84%D8%A8%D8%A7%D8%B1%D8%AF-%D9%88%D8%A7%D9%84%D8%AD%D8%A7%D8%B1.png
22-1419,31122000001214,COOL BAG,https://i.ibb.co/x3qT7HF/22-1419-Large.jpg
22-1420,732119000000,SHAWAYA AC/DC UK PIN 50/60HZ,https://alrimaya.com/image/catalog/product/251/22-1420-(2)-251-thumb.jpg
22-1427,31122000001222,PORTABLE GAS STOVE W/LPG ADAPTOR 1.5KG,https://alrimaya.com/image/catalog/SKU%20:%2022/22-1427-(4)-%D8%AF%D8%A7%D9%81%D9%88%D8%B1-%D8%B4%D9%86%D8%B7%D8%A9.png
22-1428,31122000001223,ALARM LOCK,https://i.ibb.co/pPL0pyK/20230126-105811.jpg
22-1431,31122000001226,POWER BANK 4500MAH,https://i.ibb.co/MkGRVJ5/22-1431-Large.jpg
22-1432,31122000001227,SPRAYER LONG SLIM,https://alrimaya.com/image/catalog/product/2527/22-1432-(4)-min-2527-thumb.jpg
22-1433,31122000001228,TOOL SETS,https://i.ibb.co/p40GmFM/22-1433-Large.jpg
22-1434,31122000001229,POWER INVERTER - 120W,https://alrimaya.com/image/catalog/SKU%20:%2022/22-1434-(1)--محول-سيارة.png
22-1435,31122000001230,POWER INVERTER - 160W,https://alrimaya.com/image/catalog/SKU%20:%2022/22-1435-(5)-محول-كهرباء-للسيارة.png
22-1436,31122000001231,POWER INVERTER 300W,https://alrimaya.com/image/catalog/SKU%20:%2022/22-1436-(3)-محول-للسيارة.png
22-1437,31122000001232,POWER INVERTER - 600WT,https://i.ibb.co/Wv41mh0/Whats-App-Image-2023-03-12-at-1-05-26-PM.jpg
22-1438,31122000001233,HEATER,https://i.ibb.co/DbxMhtC/22-1438-2-Large.jpg
22-1439,,PROFESSIONAL CUTTING BOARD MEDIUM - GREEN,https://alrimaya.com/image/catalog/product/1489/22-1439-(1)-1489-thumb.jpg
22-1441,31122000001236,LPG ADOPTER (SPARE PARTS),https://i.ibb.co/qJpzp7H/Whats-App-Image-2023-03-05-at-4-30-38-PM.jpg
22-1444,31122000001239,PVC HOOK,https://i.ibb.co/gMqYGsf/22-1444.jpg
22-1446,31122000001241,BOWL WITH LEG,https://i.ibb.co/G2jxjbR/22-1446-7-Large.jpg
22-1449,31122000001244,SPRAYAR RECHARGE,https://alrimaya.com/image/catalog/product/1175/22-1449-1175-thumb.jpg
22-1450,31122000001245,APRON (DARK GREEN )MAREELLAH,https://alrimaya.com/image/catalog/product/1441/22-1450-(3)-1441-thumb.jpg
22-1453,31122000001247,Steel Folding Campfire Pack Grill with bag,https://alrimaya.com/image/catalog/product/1260/22-1453-(6)-1260-thumb.jpg
22-1455,31122000001249,STAINLESS STEEL  DEHYDRATOR,https://alrimaya.com/image/catalog/SKU%20:%2022/22-1455-(25)-%D9%85%D8%AC%D9%81%D9%81.png
22-1458,31122000001252,TEMPERATURE DISPLAY,https://i.ibb.co/jvM3jfv/22-1458.jpg
22-1459,31122000001253,MAGNETIC VALVE-1,https://i.ibb.co/s2DzLrw/Whats-App-Image-2023-09-12-at-5-38-59-PM.jpg
22-1460,31122000001254,MAGNETIC VALVE-2,https://i.ibb.co/cXnHJg2/Whats-App-Image-2023-09-12-at-5-38-40-PM.jpg
22-1462,31122000001256,RECOVRY PAD,https://alrimaya.com/image/catalog/product/1818/22-1462-(7)-1818-thumb.jpg
22-1463,31122000001257,FOLDING TABLE,https://i.ibb.co/0rbjP1K/22-1463-4-Large.jpg
22-1464,31122000001258,TRIPAD STAND,https://alrimaya.com/image/catalog/SKU%20:%2022/22-1464-(10)-%D8%A7%D8%B3%D8%AA%D8%A7%D9%86%D8%AF-%D8%AA%D8%B9%D9%84%D9%8A%D9%82-%D9%84%D9%85%D8%A8%D8%A7%D8%AA.png
22-1466,31122000001260,MINI LEVER HOIST 250KG (WINCH),https://alrimaya.com/image/catalog/SKU%20:%2022/22-1466-(1)-%D9%88%D9%86%D8%B4.png
22-1473,31122000001267,CARRY BAG,https://i.ibb.co/jhbtkkG/22-1473-5-Large.jpg
22-1475,31122000001269,BBQ GRILL,https://i.ibb.co/ThhVf3L/22-1475-5-Large.jpg
22-1480,31122000001274,BEACH CHAIR,https://alrimaya.com/image/catalog/SKU%20:%2022/22-1480.png
22-1481,Q45-1,AIR COMPRESSOR 12V GOLDEN,https://alrimaya.com/image/catalog/SKU%20:%2022/22-1481-%D9%83%D9%85%D8%A8%D8%B1%D9%88%D8%B3%D9%88%D8%B1-%D9%87%D9%88%D8%A7%D8%A1-(2).png
22-1482,31122000001276,FORCE HEAVY DUTY FASTROPE GLOVES (L & XL),https://alrimaya.com/image/catalog/SKU%20:%2022/22-1482-(6).png
22-1484,31122000001277,big fry pan,https://alrimaya.com/image/catalog/product/1263/22-1484-22-1485-22-1486--(4)-1263-thumb.jpg
22-1485,31122000001278,medium fry pan,https://alrimaya.com/image/catalog/product/1262/22-1484-22-1485-22-1486--(3)-1262-thumb.jpg
22-1486,31122000001279,FRY PAN (22/1379 FULL SET OF 3 PCS),https://alrimaya.com/image/catalog/product/1261/22-1484-22-1485-22-1486--(2)-1261-thumb.jpg
22-1489,31122000001282,FIRE PIT SQUARE,https://alrimaya.com/image/catalog/product/1997/22-1489-min-1997-thumb.jpg
22-1494,31122000001288,MULTI SWA BLACK BOX,https://i.ibb.co/k6P0D1w/22-1494-4.jpg
22-1498,31122000001292,SAW-150MM-SKU,https://i.ibb.co/7N5sJnc/22-1498-2-Large.jpg
22-1499,22-1499,12V WATER PUMP,https://alrimaya.com/image/catalog/SKU%20:%2022/22-1499-(1)--%D8%B4%D9%81%D8%A7%D8%B7-%D9%85%D8%A7%D8%A1.png
22-1500,31122000001294,"BOOSTER CABLE 3000AMP, 4Mx35MM-HEAVY",https://alrimaya.com/image/catalog/SKU%20:%2022/22-1500-%D8%A7%D8%B4%D8%AA%D8%B1%D8%A7%D9%83-%D8%B3%D9%8A%D8%A7%D8%B1%D8%A9.png
22-1501,31122000001295,12V WIRE CLIP,https://alrimaya.com/image/catalog/product/1322/22-1501-(2)-1322-thumb.jpg
22-1504,31122000001298,JACKET,https://alrimaya.com/image/catalog/product/1225/22-1504-1225-thumb.jpg
22-1506,31122000001300,HAT,https://i.ibb.co/LJFWZmG/22-1506-Large.jpg
22-1507,31122000001301,HAT,https://i.ibb.co/6mBCyWq/22-1507-Large.jpg
22-1508,31122000001302,ELECTRICAL BAR (HEATER),https://i.ibb.co/6W032vh/22-1508-3-Large.jpg
22-1510,31122000001304,GLOVES FIRE PROOF,https://alrimaya.com/image/catalog/product/1772/22-1510-(2)-1772-thumb.jpg
22-1511,31122000001305,DESK (FOLDING TABLE),https://i.ibb.co/pz2d7xS/22-1511-1-Large.jpg
22-1514,31122000001308,12V WIRE WITH 12V ADAPTOR 50 AMP (SECOB)COMPRESSOR,https://i.ibb.co/SsPbsQd/Whats-App-Image-2022-12-16-at-8-38-11-PM.jpg
22-1515,31122000001309,FOLDING TABLE,https://i.ibb.co/vH0xy3R/Whats-App-Image-2023-03-05-at-3-37-30-PM.jpg
22-1524,WYSN-EASY-0102M,BACK SUPPORT FLOOR CHAIR EASY-0102M,https://alrimaya.com/image/catalog/SKU%20:%2022/22-1524-(4).png
22-1525,WYSN-EASY-0166,BACK SUPPORT EASY-0166,https://i.ibb.co/rtXphmQ/22-1525-5-Large.jpg
22-1526,WYSN-EASY-0605,BACK SUPPORT FLOOR CHAIR EASY-0605,https://alrimaya.com/image/catalog/SKU%20:%2022/22-1526-(2).png
22-1527,31122000001321,PORTABLE GAS WATER HEATER,https://alrimaya.com/image/catalog/product/2528/22-1527-min-2528-thumb.jpg
22-1528,31122000001322,SINGLE BURNER STOVE,https://alrimaya.com/image/catalog/product/1265/22-1528-(2)-1265-thumb.jpg
22-1529,JH-157,EVAPORATIVE AIR COOLER-GRAY COLOR,https://alrimaya.com/image/catalog/product/1323/22-1529-(1)-1323-thumb.jpg
22-1531,82060000000,TYRE REPAIR KIT BLACK CASE,https://alrimaya.com/image/catalog/SKU%20:%2022/22-1531-(3).png
22-1533,31122000001328,TRAVEL ADAPTER WITH USB,https://alrimaya.com/image/catalog/SKU%20:%2022/22-1533-(3).jpg
22-1536,31122000001331,S HOOK (INNOVA),https://alrimaya.com/image/catalog/product/1324/22-1536-(2)-1324-thumb.jpg
22-1538,31122000001333,INVERTER 1000 W,https://i.ibb.co/Dt5WzcB/22-1538-8-Large.jpg
22-1544,31122000001340,12V POWER INVERTOR-175W,https://i.ibb.co/k5jzqWX/22-1544-1-Large.jpg
22-1549,31122000001345,"STEEL SERVICE TRY 18""",https://i.ibb.co/MkhZQzX/22-1549-2-Large.jpg
22-1550,31122000001346,"STEEL SERVICE TRY 20""",https://alrimaya.com/image/catalog/product/1442/22-1550-(2)-1442-thumb.jpg
22-1552,31122000001348,HEAVEY DUTY STOVE,https://i.ibb.co/RzQV0Z5/22-1552-Large.jpg
22-1553,31122000001349,BBQ ROASTER 220V  GSB-001,https://i.ibb.co/gRy91jK/22-1553-Large.jpg
22-1555,31122000001351,TEMPERATURE GAUGE,https://i.ibb.co/28S7P4Z/22-1555.jpg
22-1556,31122000001352,GAS CONTROLLER,https://i.ibb.co/YR67x4R/22-1556.jpg
22-1558,31122000001354,MOTOR,https://i.ibb.co/Wn9hM8y/22-1558.jpg
22-1563,31122000001359,FOLDING TABLE ROOL 69CM*69CM,https://alrimaya.com/image/catalog/product/1264/22-1563-(1)-1264-thumb.jpg
22-1564,31122000001360,ALUMINIUM FOLDING TABLE SMALL,https://i.ibb.co/1b3nf1P/22-1564-4-Large.jpg
22-1565,31122000001361,LUGGAGE CART,https://alrimaya.com/image/catalog/SKU%20:%2022/22-1565-(5).png
22-1569,31122000001365,CAMPING FOLDING CHAIR,https://alrimaya.com/image/catalog/SKU%20:%2022/22-1569%20(2).png
22-1571,31122000001367,GARDEN FOLDING CHAIR (BLUE COLOR),https://alrimaya.com/image/catalog/SKU%20:%2022/22-1571%20(2).png
22-1578,31122000001374,TEA CATTLE 1LTR,https://alrimaya.com/image/catalog/SKU%20:%2022/22-1578-(2).png
22-1579,31122000001375,640 Right Parts,https://alrimaya.com/image/catalog/SKU%20:%2022/22-1579.png
22-1580,31122000001376,COOL BOX STEEL,https://i.ibb.co/DkdZtxW/22-1580-2-Large.jpg
22-1581,31122000001377,STEEL BOX,https://alrimaya.com/image/catalog/SKU%20:%2022/22-1581-(3).png
22-1582,31122000001378,SOLAR FAN,https://i.ibb.co/hBXybDV/22-1582-Large.jpg
22-1583,31122000001379,SNAKE CATCHER,https://alrimaya.com/image/cache/catalog/product/1222/22-1802-(2)-1222-thumb-800x800.jpg
22-1586,31122000001382,AL RIMAYA TOW ROPE 6MX6T,https://alrimaya.com/image/catalog/product/1761/22-1586-(7)-1761-thumb.jpg
22-1587,31122000001383,WATERMELON CUTTER BIG SIZE,https://alrimaya.com/image/catalog/SKU%20:%2022/22-1588-22-1587.png
22-1588,31122000001384,WATERMELON CUTTER SMALL SIZE,https://alrimaya.com/image/catalog/product/1398/22-1588%20(11)-1398-thumb.jpg
22-1589,31122000001385,WATER SPRAYER,https://i.ibb.co/JrRFDmH/22-1589-Large.jpg
22-1592,940370000000,FOLDING TABLE WITH ADJUSTABLE HEIGHT,https://alrimaya.com/image/catalog/SKU%20:%2022/22-1592-(2).png
22-1594,31122000001390, Portable Pack Grill with BBQ - up gas stove,https://alrimaya.com/image/catalog/product/1325/22-1594-(1)-1325-thumb.jpg
22-1598,31122000001394,POWER BANK RS-05A,https://i.ibb.co/7Rjp1fH/22-1598-1-Large.jpg
22-1601,31122000001397,ELECTRIC WRENCH,https://alrimaya.com/image/catalog/SKU%20:%2022/22-1601-(7).png
22-1604,31122000001400,SNAPIN GRIP MULTI-USE WRENCH 8-32MM,https://alrimaya.com/image/catalog/product/1326/22-1604-(5)-1326-thumb.jpg
22-1606,31122000001402,SPRAYER,https://alrimaya.com/image/catalog/product/1327/22-1606-(2)-1327-thumb.jpg
22-1607,31122000001403,TIRE GAUGE,https://i.ibb.co/F7MjYTf/Whats-App-Image-2023-03-05-at-4-33-00-PM.jpg
22-1608,31122000001404,COOKING GRILL SET STAINLESS STEEL COMAL/GAS BURNER,https://alrimaya.com/image/catalog/product/1205/22-1608-(1)-1205-thumb.jpg
22-1609,31122000001405,STAINLESS STEEL CHARCOAL BARBECUE GRILL,https://i.ibb.co/4Vd9d93/22-1609-1-Large.jpg
22-1610,31122000001406,BBQ MOTOR,https://i.ibb.co/bFmNrVF/Whats-App-Image-2023-03-05-at-3-51-44-PM.jpg
22-1611,842441100000,AL RIMAYA SPRAYER 3L,https://alrimaya.com/image/catalog/SKU%20:%2022/22-1611-(3).png
22-1612,842441100000,AL RIMAYA SPRAYER 4L,https://alrimaya.com/image/catalog/SKU%20:%2022/22-1612-22-1613-(3).png
22-1613,842441100000,AL RIMAYA SPRAYER 5L,https://alrimaya.com/image/catalog/SKU%20:%2022/22-1613.png
22-1616,31122000001412,Snatch Strap 10m 4.5 TON,https://alrimaya.com/image/catalog/SKU%20:%2022/22-1616-(4).png
22-1617,31122000001413,Snatch Block,https://i.ibb.co/hKJyFpX/22-1617-1-Large.jpg
22-1618,31122000001414,Bow Shackles-3/4-4.3ton (19mmx22mm) 4750kg,https://alrimaya.com/image/catalog/product/1297/22-1618-(2)-1297-thumb.jpg
22-1621,31122000001417,OFF ROAD RECOVERY GREEN PAIR,https://alrimaya.com/image/catalog/SKU%20:%2022/22-1621-(2).jpg
22-1622,31122000001418,FIREPROOF GUN SAFE 183KG,https://i.ibb.co/HdzT23J/20230202-170751.jpg
22-1623,31122000001419,FINGERPRINT GUN SAFE 31KG,https://i.ibb.co/kQFY5hm/Whats-App-Image-2023-02-25-at-10-35-49-PM.jpg
22-1624,31122000001420,TURBO GRILL,https://alrimaya.com/image/catalog/product/1266/22-1624-(16)-1266-thumb.jpg
22-1629,WYSN-SAK-0002,AWINING TENT  Size: 400x300cm,https://alrimaya.com/image/catalog/product/1726/22-1629-(11)-1726-thumb.jpg
22-1630,WYSN-SAC-0002,TENT TWO DOOR (Size: 320x280x180cm),https://alrimaya.com/image/catalog/product/1752/22-1630-(11)-1752-thumb.jpg
22-1632,31122000001428,ELECTRONIC LCD GUN SAFE WOOD COLOR 54KG,https://i.ibb.co/LnVqZhW/Whats-App-Image-2023-03-05-at-3-52-48-PM.jpg
22-1633,31122000001429,ELECTRIC COFFE ARABIC POT,https://alrimaya.com/image/catalog/product/2747/22-1633-min-2747-thumb.jpg
22-1634,31122000001430,REGULATOR ITALY,https://alrimaya.com/image/catalog/product/1267/22-1634-min1-1267-thumb.jpg
22-1635,732119000000,OUTDOOR FOLDABLE BBQ GRILL ,https://alrimaya.com/image/catalog/product/1047/22-1635-(3)-1047-thumb.jpg
22-1636,31122000001432,STOVE HEAD SMALL,https://alrimaya.com/image/catalog/product/1328/22-1636-(2)-1328-thumb.jpg
22-1637,31122000001433,EURO CAMP GAS CYLINDER 2 LBS,https://i.ibb.co/n3fwg0C/22-1637-2-Large.jpg
22-1643,31122000001439,FIRE BALL,https://i.ibb.co/fHW9cBS/22-1643.jpg
22-1644,31122000001440,HEATER,https://i.ibb.co/DL2xB7m/Whats-App-Image-2023-03-01-at-11-28-17-AM.jpg
22-1645,560790200000,TIE ROPE 3PCS SET - 2.65M,https://alrimaya.com/image/catalog/product/2743/22-1645%20(1)-min-2743-thumb.jpg
22-1646,31122000001442,KABOB SET,https://i.ibb.co/yRmFTry/Whats-App-Image-2023-02-22-at-7-16-30-PM.jpg
22-1648,FMX-5701,MANUAL CHARCOAL BLOWER-BLACK,https://alrimaya.com/image/catalog/product/2125/22-1648-(2)-min-2125-thumb.jpg
22-1650,31122000001445,640 Right Parts,https://i.ibb.co/wh0gz4x/22-1650-Large.jpg
22-1653,31122000001448,12V DC FAN with USB CABLE,https://alrimaya.com/image/catalog/product/1304/22-1653-(2)-1304-thumb.jpg
22-1661,31122000001457,COOL BAG ROUND- BIG,https://alrimaya.com/image/catalog/SKU%20:%2022/22-1661-22-1662-(11).png
22-1663,31122000001459,COOL BAG ROUND- SMALL,https://alrimaya.com/image/catalog/SKU%20:%2022/22-1661-22-1662-(11).png
22-1664,31122000001460,COOL BAG-600D,https://alrimaya.com/image/catalog/product/1301/22-1664-(2)-1301-thumb.jpg
22-1666,732119000000,BBQ STICK WOOD 50CM 25PCS IN 1 PACK,https://alrimaya.com/image/catalog/product/1709/22-3119%20(2)-min-1709-thumb.jpg
22-1669,31122000001465,FOLDING CART,https://alrimaya.com/image/catalog/SKU%20:%2022/22-1669-(1).png
22-1673,31122000001469,POWER BANK,https://i.ibb.co/ZBNqpkS/22-1673-Large.jpg
22-1675,31122000001471,USB ADAPTER,https://alrimaya.com/image/catalog/product/2529/22-1675%20(3)-min-2529-thumb.jpg
22-1678,31122000001474,TRAILER CARGO NET 80X130CM,https://i.ibb.co/b7GcJP1/22-1678-8.jpg
22-1679,31122000001475,TRAILER CARGO NET XL 100X150CM,https://alrimaya.com/image/catalog/2new_product/22-1679-(2).jpg
22-1680,31122000001476,TRUCK BED BUNGEE NET 183X132CM,https://alrimaya.com/image/catalog/product/1329/22-1680-(3)-1329-thumb.jpg
22-1681,31122000001477,DELUXE WATERPROOF ROOF BAG 104X86X43CM,https://alrimaya.com/image/catalog/product/1330/22-1681-(6)-1330-thumb.jpg
22-1682,31122000001478,VERTICAL GRILL,https://i.ibb.co/JjJhDVf/22-1682-2-Large.jpg
22-1685,WYSN-EASY-0604,BACK SUPPORT EASY-0604,https://i.ibb.co/FwHCf6s/22-1685-3-Large.jpg
22-1687,31122000001483,AL RIMAYA HUNTING BAG KAKI,https://alrimaya.com/image/catalog/SKU%20:%2022/22-1687-(1).png
22-1689,31122000001485,SHAWAYA 12V & 220V 4 NET,https://alrimaya.com/image/catalog/SKU%20:%2022/22-1689-(3).png
22-1690,31122000001486,BBQ GRILL,https://alrimaya.com/image/catalog/product/1443/22-1690-(1)-1443-thumb.jpg
22-1691,31122000001487,30L PORTABLE DC 12V REFRIGERATOR (SECOP)COMPRESSOR,https://alrimaya.com/image/catalog/product/1268/22-1691-(1)-1268-thumb.jpg
22-1692,31122000001488,45L PORTABLE DC 12V COOLING BOX (SECOP)COMPRESSOR,https://alrimaya.com/image/catalog/SKU%20:%2022/22-1692-(1).png
22-1694,31122000001490,TOW ROPE 4LAYER-3TON 2HOOKS 1GLOVES,https://alrimaya.com/image/catalog/product/1387/22-1694-(4)-1387-thumb.jpg
22-1695,31122000001491,ARABIAN JACKET,https://alrimaya.com/image/catalog/16-4-2018/22-1695-(5).jpg
22-1697,31122000001493,jacket with fur,https://alrimaya.com/image/catalog/16-4-2018/22-1697-(2).jpg
22-1699,31122000001495,FOLDING CHAIR,https://alrimaya.com/image/catalog/product/1179/22-1699-(1)-1179-thumb.jpg
22-1700,31122000001496,FOLDING CHAIR,https://alrimaya.com/image/catalog/product/1187/22-1700-(2)-1187-thumb.jpg
22-1701,31122000001497,FOLDING CHAIR,https://alrimaya.com/image/catalog/SKU%20:%2022/22-1701%20(2).png
22-1702,31122000001498,COOLER BAG (16.5x7.5x21.5CM),https://alrimaya.com/image/catalog/SKU%20:%2022/22-1702-(2).png
22-1703,31122000001499,COOLER BAG (35x24x26CM),https://alrimaya.com/image/cache/catalog/SKU%20:%2022/22-1703-(2)-800x800.png
22-1704,31122000001500,COOLER BAG (43x32x28CM),https://alrimaya.com/image/cache/catalog/SKU%20:%2022/22-1704-(12)-800x800.png
22-1705,31122000001501,STAINLESS STEEL BBQ (GAS & CHARCOAL),https://alrimaya.com/image/catalog/SKU%20:%2022/22-1705%20(1).png
22-1724,31122000001520,33AH BATTERY,https://i.ibb.co/n7LLfyf/Whats-App-Image-2023-03-12-at-1-24-04-PM.jpg
22-1725,31122000001521,65-70AH BATTERY,https://i.ibb.co/n7LLfyf/Whats-App-Image-2023-03-12-at-1-24-04-PM.jpg
22-1727,31122000001523,RAINCOAT,https://alrimaya.com/image/catalog/SKU%20:%2022/22-1727-(10).png
22-1728,31122000001524,3WAY BAG,https://alrimaya.com/image/catalog/product/1270/22-1728-(2)-1270-thumb.jpg
22-1729,31122000001525,PACK BAG,https://alrimaya.com/image/catalog/product/1331/22-1729-(3)-1331-thumb.jpg
22-1732,31122000001528,GAS CYLINDER BAG (M),https://i.ibb.co/25Yj0S3/22-1732-3-Large.jpg
22-1733,31122000001529,GAS CYLINDER BAG (L),https://alrimaya.com/image/catalog/product/2491/22-1733%20(1)-min-2491-thumb.jpg
22-1734,31122000001530,AIR TENT (500x300x200),https://alrimaya.com/image/catalog/product/1271/22-1734-(1)-1271-thumb.png
22-1737,31122000001533,FOLDING CHAIR,https://i.ibb.co/x8NPGqT/22-1737-5-Large.jpg
22-1741,31122000001537,PORTABLE GAS STOVE,https://alrimaya.com/image/catalog/SKU%20:%2022/22-1741-(3).png
22-1745,31122000001541,2 IN 1 COOKING POT WITH LID,https://alrimaya.com/image/catalog/product/1272/22-1745-(2)-1272-thumb.jpg
22-1746,31122000001542,AL RIMAYA FIRE STARTER,https://alrimaya.com/image/catalog/product/1218/22-1746-(2)-1218-thumb.jpg
22-1747,31122000001543,HUNTING GLOVES XL,https://alrimaya.com/image/catalog/2new_product/22-1747-(2).jpg
22-1748,31122000001544,ONION CUTTER,https://i.ibb.co/Hg9b7zz/22-1748-Large.jpg
22-1749,31122000001545,ONION CUTTER,https://alrimaya.com/image/catalog/product/1332/22-1749-(2)-1332-thumb.jpg
22-1750,31122000001546,BBQ MOTOR WITH POWER CARD & 12V CABLE (22-1420),https://alrimaya.com/image/catalog/product/2464/22-1750%20(1)-min-2464-thumb.jpg
22-1752,31122000001548,SPRAYER WITH WIPES,https://alrimaya.com/image/catalog/product/2465/22-1752%20(1)-min-2465-thumb.jpg
22-1753,31122000001549,TISSUE PAPER FROM COMPRESSED COTTON,https://alrimaya.com/image/catalog/2new_product/22-1753-(2).jpg
22-1754,31122000001550,FOLDING CHAIR,https://alrimaya.com/image/catalog/16-4-2018/22-1754-(2).jpg
22-1755,31122000001551,PICNIC MAT-195X295CM,https://i.ibb.co/80yqxQw/22-1755-2-Large.jpg
22-1756,31122000001552,PICNIC MAT-195X400CM,https://i.ibb.co/SyMvBSb/22-1756-4-Large.jpg
22-1758,31122000001554,TEA GLASS BAG,https://alrimaya.com/image/cache/catalog/SKU%20:%2022/22-1758-800x800.png
22-1760,31122000001556,TRASH CAN,https://alrimaya.com/image/catalog/product/1333/22-1760-(5)-1333-thumb.jpg
22-1761,31122000001557,FOLDING DOUBLE BURNER,https://alrimaya.com/image/catalog/16-4-2018/22-1761-(6).jpg
22-1762,940320909999,FOLDING TABLE,https://alrimaya.com/image/catalog/product/1742/22-1762-(7)-1742-thumb.png
22-1763,31122000001559,TRIP PAD STAND,https://alrimaya.com/image/catalog/product/1334/22-1763-(4)-1334-thumb.jpg
22-1764,790700600000,DOUBBLE GRILL PAN ALUMINUM,https://alrimaya.com/image/catalog/product/1335/22-1764-(3)-1335-thumb.jpg
22-1766,31122000001562,Composite fire extinguisher 10 mm medium,https://alrimaya.com/image/catalog/product/1897/22-1766-(1)-min-1897-thumb.jpg
22-1767,31122000001563,Fire extinguisher compound 8 mm small,https://alrimaya.com/image/catalog/product/1898/22-1767-(1)-min-1898-thumb.jpg
22-1773,31122000001569,Dallah white large yellow cover,https://i.ibb.co/BwbWX3v/Whats-App-Image-2023-05-20-at-6-22-43-PM.jpg
22-1775,31122000001571,FIRE PROOF GLOVES,https://i.ibb.co/7YsLftd/22-1775.jpg
22-1776,31122000001572,BBQ 4 NET,https://i.ibb.co/6y8xSjC/22-1776-4-Large.jpg
22-1777,FMX-1830,WIND SCREEN 50CM WITH BAG,https://alrimaya.com/image/cache/catalog/product/2268/22-1777%20(1)-min-2268-thumb-800x800.jpg
22-1778,FMX-1830,WIND SCREEN 40CM WITH BAG,https://alrimaya.com/image/cache/catalog/product/2268/22-1777%20(1)-min-2268-thumb-800x800.jpg
22-1781,31122000001577,STEEL HOOK 4PC PACK,https://i.ibb.co/cy8PFV2/Whats-App-Image-2023-03-05-at-4-35-21-PM.jpg
22-1785,31122000001581,ELECTRONIC WEIGHT SCALE 50KG,https://alrimaya.com/image/catalog/SKU%20:%2022/22-1785-(2).png
22-1787,31122000001583,FOLDING FISH TABLE,https://alrimaya.com/image/catalog/SKU%20:%2022/22-1787-(1).png
22-1788,31122000001584,13600 MAH MULTI-FUNTION CAR JUMP STARTER,https://alrimaya.com/image/catalog/SKU%20:%2022/22-1788-(5).png
22-1789,31122000001585,FRY PAN 28CM,https://alrimaya.com/image/catalog/16-4-2018/22-1789-(4).jpg
22-1793,31122000001589,MINI CHAIR WITH TABLE 4SET,https://i.ibb.co/w4KcSzC/22-1793-3-Large.jpg
22-1794,31122000001590,WATER BOTTLE BASE,https://i.ibb.co/7k6d1qb/22-1794-3-Large.jpg
22-1796,31122000001592,USB CABLE,https://i.ibb.co/jTzzxDh/22-1796-7-Large.jpg
22-1797,31122000001593,USB CABLE,https://i.ibb.co/q5DdCmB/22-1797-8.jpg
22-1799,31122000001595,SILIKON GRILL,https://i.ibb.co/8YdVXSy/22-1799-1-Large.jpg
22-1800,31122000001596,SILIKON GRILL,https://i.ibb.co/8YdVXSy/22-1799-1-Large.jpg
22-1801,31122000001597,SILICON & METAL TRIVET MAT HOT POT HOLDER PAD,https://alrimaya.com/image/catalog/product/1388/22-1801-(3)-1388-thumb.jpg
22-1802,31122000001598,SNACK CATER,https://alrimaya.com/image/cache/catalog/product/1222/22-1802-(2)-1222-thumb-800x800.jpg
22-1803,31122000001599,SS BURGER GRILL FOR 4PCS,https://alrimaya.com/image/catalog/product/1710/22-1803-(4)-1710-thumb.jpg
22-1804,31122000001600,BBQ LONG STICK,https://alrimaya.com/image/catalog/SKU%20:%2022/22-1804-(8).png
22-1805,732119000000,BBQ FISH NET,https://alrimaya.com/image/catalog/product/1713/22-1805-(4)-1713-thumb.jpg
22-1806,31122000001602,Round Charcoal Chimney Starter ,https://alrimaya.com/image/catalog/16-4-2018/22-1806-(2).jpg
22-1808,821420000000,NAIL CUTTER SET,https://alrimaya.com/image/catalog/SKU%20:%2022/22-1808-(4).png
22-1809,31122000001605,DALLAH ARAB,https://alrimaya.com/image/catalog/product/2748/22-1809-1-2748-thumb.jpg
22-1810,31122000001606,PORTABLE GAS STOVE (PRIMUS),https://alrimaya.com/image/catalog/SKU%20:%2022/22-1810-(3).png
22-1811,31122000001607,ALUMINUM COOKING POT MAKLOOBA 20CM,https://alrimaya.com/image/catalog/product/1336/22-1811-(2)-1336-thumb.jpg
22-1812,31122000001608,ALUMINUM COOKING POT MAKLOOBA 24CM,https://alrimaya.com/image/catalog/product/1337/22-1812-(2)-1337-thumb.jpg
22-1813,31122000001609,ALUMINUM COOKING POT MAKLOOBA 26CM,https://alrimaya.com/image/catalog/product/1338/22-1813-(2)-1338-thumb.jpg
22-1814,31122000001610,ALUMINUM COOKING POT MAKLOOBA 30CM,https://alrimaya.com/image/catalog/product/1339/22-1814-(2)-1339-thumb.jpg
22-1815,31122000001611,ALUMINUM COOKING POT MAKLOOBA 34CM,https://alrimaya.com/image/catalog/product/1340/22-1815-(2)-1340-thumb.jpg
22-1816,31122000001612,ALUMINUM COOKING POT MAKLOOBA 38CM,https://alrimaya.com/image/catalog/product/1341/22-1816-(1)-1341-thumb.jpg
22-1818,31122000001614,EPP ISOTHERMAL BOX WITH THERMOMETER,https://alrimaya.com/image/catalog/product/1273/22-1818-(2)-1273-thumb.jpg
22-1819,31122000001615,STRAPS 12 TONS x 6M,https://alrimaya.com/image/catalog/product/1887/22-1819-1887-thumb.jpg
22-1820,31122000001616,RECOVERY TRACK (PVC),https://alrimaya.com/image/catalog/product/1190/22-1820-(4)-1190-thumb.jpg
22-1821,31122000001617,CAR STORAGE BOX,https://alrimaya.com/image/catalog/SKU%20:%2022/22-1821-(2).png
22-1822,420212109999,CAMPING TOOL BAG BROWN COLOR ,https://alrimaya.com/image/cache/catalog/SKU%20:%2022/22-1822-(3)-800x800.png
22-1823,31122000001619,AL RIMAYA BACKSEAT ORGANIZER,https://alrimaya.com/image/catalog/001/22-1823-(3).jpg
22-1824,31122000001620,FOLDING PICNIC CUP BOARD,https://alrimaya.com/image/catalog/product/1193/22-1824-(2)-1193-thumb.jpg
22-1825,950670000002,OUTDOOR PICNIC SAND SLIDER,https://alrimaya.com/image/catalog/product/2119/22-1825-(2)-min-2119-thumb.jpg
22-1826,31122000001622,FOLDING PICNIC CUP BOARD,https://i.ibb.co/sPMd6nT/22-1826-Large.jpg
22-1828,31122000001624,4FT FOLDING TABLE AND MAZAR STOOL (DARK BROWN),https://alrimaya.com/image/catalog/product/1274/22-1828-(4)-1274-thumb.jpg
22-1829,842441100000,AL RIMAYA SPRAYER 2L,https://alrimaya.com/image/catalog/2new_product/22-1829-(7).jpg
22-1836,31122000001632,FOLDING PICNIC BOX WITH MAT,https://alrimaya.com/image/catalog/product/1342/22-1836-(4)-1342-thumb.jpg
22-1837,31122000001633,SILCONE COVER LARGE,https://alrimaya.com/image/catalog/product/1343/22-1837-(2)-1343-thumb.jpg
22-1838,31122000001634,SILCONE COVER SMALL,https://alrimaya.com/image/catalog/product/1343/22-1837-(2)-1343-thumb.jpg
22-1839,31122000001635,COOKING POT ALUMINUM 3PCS SET,https://alrimaya.com/image/catalog/SKU%20:%2022/22-1839.jpg
22-1840,31122000001636,FOLDING WATER BUCKET,https://alrimaya.com/image/catalog/SKU%20:%2022/22-1840-(3).jpg
22-1841,JY-13C,BBQ NET SINGLE HANDLE 30X40CM - IRON,https://alrimaya.com/image/catalog/product/1715/22-1841-(5)-1715-thumb.jpg
22-1842,31122000001638,ROUND DATE BAG,https://alrimaya.com/image/catalog/product/1446/22-1842-(2)-1446-thumb.jpg
22-1843,31122000001639,TRUNK PROTECTOR,https://alrimaya.com/image/catalog/product/1344/22-1843-(3)-1344-thumb.jpg
22-1845,31122000001641,3T ELECTRIC JACK  + ADAPTOR,https://alrimaya.com/image/catalog/SKU%20:%2022/22-1845-(3)(1).png
22-1846,31122000001642,BBQ GRILL,https://alrimaya.com/image/catalog/SKU%20:%2022/22-1846-(2).jpg
22-1847,31122000001643,BBQ GRILL,https://alrimaya.com/image/catalog/product/1275/22-1847-(2)-1275-thumb.jpg
22-1848,WYSN-SAK-0005,AWINING TENT  SIZE: 500X300CM,https://alrimaya.com/image/catalog/product/1027/22-1848-1027-thumb.jpg
22-1850,31122000001646,FAMILY PACK COOKWWEAR SET,https://alrimaya.com/image/catalog/SKU%20:%2022/22-1850-(1).jpg
22-1851,31122000001647,OUTDOOR WATER HEATER WITH SHAVER (5L),https://alrimaya.com/image/catalog/SKU%20:%2022/22-1851-(6).png
22-1852,31122000001648,CUTTING PAD RUBBER WOOD WITH STANLESS STEEL HANDLE,https://alrimaya.com/image/catalog/product/1484/22-1852-(2)-1484-thumb.jpg
22-1853,31122000001649,12V-IRON BOX-WIRE WITH CLEP,https://i.ibb.co/tMHtgHV/22-1853-Large.jpg
22-1854,31122000001650,12V-SAVING TRIMER WIRE WITH&CLEP,https://i.ibb.co/CWf7WtP/22-1854-1-Large.jpg
22-1856,31122000001652,cover bag 60cm,https://i.ibb.co/sKsjthD/22-1856.jpg
22-1859,31122000001656,CAR SEAT HOOK,https://alrimaya.com/image/catalog/product/1447/22-1859-(2)-1447-thumb.jpg
22-1863,WYSN-SAW-0001,FOLDING WIND SCREEN TENT 1.25*3.75 M,https://alrimaya.com/image/catalog/SKU%20:%2022/22-1863-(1).png
22-1864,WYSN-SAW-0002,FOLDING WIND SCREEN TENT (L6.25 xH1.25),https://alrimaya.com/image/catalog/SKU%20:%2022/22-1863-(%D8%B4).png
22-1867,31122000001663,ELECTRONICS BORD (PCB) WITH TEMPERATURE DISPLAY,https://i.ibb.co/6sqt9Zs/22-1867.jpg
22-1871,31122000001667,BBQ plastic hand fan,https://alrimaya.com/image/catalog/product/1490/22-1871-(2)-1490-thumb.jpg
22-1873,31122000001669,primus stove,https://alrimaya.com/image/catalog/product/1809/22-1873-(2)-1809-thumb.jpg
22-1875,31122000001671,BACK SUPPORT 2 IN 1,https://i.ibb.co/0Ff8Gng/Whats-App-Image-2023-03-16-at-11-01-30-PM.jpg
22-1876,31122000001672,BBQ MAT,https://i.ibb.co/HDdL2fX/22-1876-1-Large.jpg
22-1877,31122000001673,AL RIMAYA FIRE BOX WOOD,https://alrimaya.com/image/catalog/SKU%20:%2022/22-1877-(1).png
22-1878,950670000002,OUTDOOR PICNIC SAND SLIDER,https://alrimaya.com/image/catalog/SKU%20:%2022/22-1878-(2).png
22-1879,820320000004,BBQ CLIP GOLD 58CM WOODEN HANDLE,https://alrimaya.com/image/catalog/SKU%20:%2022/22-1879--(3).jpg
22-1882,392490909999,PROFESSIONAL CUTTING BOARD BIG - GREEN ,https://alrimaya.com/image/catalog/product/1485/22-1882-(1)-1485-thumb.jpg
22-1883,31122000001679,AL RIMAYA WATER PUMP WITH HANDLE,https://alrimaya.com/image/catalog/0001/22-1883-(1).jpg
22-1884,31122000001680,AL RIMAYA WATER PUMP BATTERY USE,https://alrimaya.com/image/catalog/SKU%20:%2022/22-1884-(4).png
22-1885,31122000001681,AL RIMAYA WATER BOTTLE HANDLE,https://alrimaya.com/image/catalog/SKU%20:%2022/22-1885-(1).png
22-1886,31122000001682,WATER TAP,https://alrimaya.com/image/catalog/product/2530/22-1886%20(2)-min-2530-thumb.jpg
22-1887,31122000001683,Gas Hose With Clips,https://alrimaya.com/image/catalog/product/1389/22-1887-(1)-1389-thumb.png
22-1888,31122000001684,SCREW,https://alrimaya.com/image/catalog/product/1466/22-1888-(2)-1466-thumb.jpg
22-1889,31122000001685,FLOR FOLDING CHAIR,https://alrimaya.com/image/catalog/product/1276/22-1889-(2)-1276-thumb.jpg
22-1891,31122000001687,SLIM LUAGGUE CHART,https://alrimaya.com/image/catalog/SKU%20:%2022/22-1891-(6).png
22-1892,31122000001688,BBQ SLIM 60X18X18-WITH CARRY BAG,https://alrimaya.com/image/catalog/SKU%20:%2022/22-1892-(1).png
22-1893,31122000001689,AL RIMAYA SYRUP BUCKET STEEL,https://alrimaya.com/image/catalog/SKU%20:%2022/22-1893-(1).jpg
22-1894,732119000000,BBQ NET WITH 2 HANDLE -WOOD,https://alrimaya.com/image/catalog/SKU%20:%2022/22-1894-(2).png
22-1895,31122000001691,SMALL FOLDING CHAIR NYLON BROWN,https://alrimaya.com/image/catalog/SKU%20:%2022/22-1895%20(2).png
22-1897,31122000001693,DOUBLE PAN,https://alrimaya.com/image/catalog/SKU%20:%2022/22-1897-(1).jpg
22-1901,31122000001697,2-IN-1 STEEL COOKING POT 28-CM,https://alrimaya.com/image/catalog/SKU%20:%2022/22-1901--(1).jpg
22-1902,31122000001698,2-IN-1 STEEL COOKING POT 32-CM,https://alrimaya.com/image/catalog/SKU%20:%2022/22-1902--(1).jpg
22-1904,31122000001700,TOOL BAG 55X20X16CM,https://i.ibb.co/wyCX6z8/22-1904-Large.jpg
22-1905,31122000001701,TOOL BAG 40X16X16CM,https://i.ibb.co/wyCX6z8/22-1904-Large.jpg
22-1906,31122000001702,SMALL TENT 200*150CM,https://i.ibb.co/C9wrxC5/22-1906-5-Large.jpg
22-1907,31122000001703,BBQ GRILL,https://alrimaya.com/image/catalog/SKU%20:%2022/22-1907-(1).jpg
22-1908,31122000001704,Cuplary Carbon Plate Silver,https://i.ibb.co/Z1p8306/22-1908.jpg
22-1910,31122000001706,Hose Conected Silver,https://i.ibb.co/cLPSHqc/22-1910.jpg
22-1912,31122000001708,Cuplary Carbon PlateGold,https://i.ibb.co/1fhghYk/22-1912.jpg
22-1913,31122000001709,Hose Connected Gold,https://i.ibb.co/vDFN2Fc/22-1913.jpg
22-1914,RCSP,Hosing Plate Gold 22-1481,https://i.ibb.co/GkM5R95/22-1914.jpg
22-1917,31122000001713,BRIQUETTE HARDWOOD CHARCOAL 10KG,https://alrimaya.com/image/catalog/product/1705/22-1917-(10)-1705-thumb-900x600-1705-thumb.jpg
22-1918,31122000001714,AIR COMPRESSOR SILVER WITH BOX.,https://alrimaya.com/image/catalog/SKU%20:%2022/22-1918-(2).jpg
22-1919,31122000001715,CAR WIND SCREEN,https://alrimaya.com/image/catalog/product/1176/22-1919-(7)-1176-thumb.jpg
22-1920,31122000001716,BULLET BAG,https://i.ibb.co/mBM2yQW/22-1920-Large.jpg
22-1921,31122000001717,CAMPING BAG,https://alrimaya.com/image/catalog/product/1448/22-1921-(2)-1448-thumb.jpg
22-1922,31122000001718,FAHAM,https://alrimaya.com/image/catalog/product/1345/22-1922-(2)-1345-thumb.jpg
22-1923,31122000001719,15L REFRIGERATOR COMPRESSOR SECOP (DANFOSS),https://alrimaya.com/image/catalog/product/1285/22-1923-(1)-1285-thumb.jpg
22-1924,31122000001720,45L REFRIGERATOR COMPRESSOR SECOP (DANFOSS),https://alrimaya.com/image/catalog/product/1284/22-1924-(7)-1284-thumb.jpg
22-1925,31122000001721,31L REFRIGERATOR COMPRESSOR SECOP (DANFOSS),https://alrimaya.com/image/catalog/product/1166/22-1925%20(10)-1166-thumb.jpg
22-1926,31122000001722,60L REFRIGERATOR COMPRESSOR SECOP (DANFOSS),https://alrimaya.com/image/catalog/SKU%20:%2022/22-1926-(1).png
22-1927,31122000001723,92L REFRIGERATOR COMPRESSOR SECOP (DANFOSS),https://alrimaya.com/image/catalog/product/1455/22-1927R-1455-thumb.jpg
22-1928,31122000001724,130L REFRIGERATOR COMPRESSOR SECOP (DANFOSS),https://alrimaya.com/image/catalog/product/1286/22-1928-(2)-1286-thumb.jpg
22-1929,31122000001725,power converter 110/220 ac v to 12 dc v car-60w-5A,https://alrimaya.com/image/catalog/16-4-2018/22-1929-(3).jpg
22-1930,31122000001726,TRI-PAD STAND WITH BAG,https://i.ibb.co/mHtpMNR/22-1930-3-Large.jpg
22-1931,31122000001727,WATER CAN WITH STAND,https://alrimaya.com/image/catalog/SKU%20:%2022/22-1931-(1).png
22-1933,31122000001729,AL RIMAYA WHEEL BAG 600,https://alrimaya.com/image/catalog/product/1390/22-1933-(2)-1390-thumb.jpg
22-1934,31122000001730,SEAT COVER WITH ORGANIZER   600D Polyester,https://alrimaya.com/image/catalog/product/1391/22-1934-(2)-1391-thumb.jpg
22-1935,31122000001731,HUNTING SHOULDER BAG   600D Polyester,https://alrimaya.com/image/catalog/2new_product/22-1935-(7).jpg
22-1937,31122000001733,BOWL,https://alrimaya.com/image/catalog/SKU%20:%2022/22-1937-(2).jpg
22-1938,FMX-1830,WIND SCREEN 30CM WITH BAG,https://alrimaya.com/image/catalog/SKU%20:%2022/22-1938-(1).png
22-1940,31122000001736,FLUID TRANSFER MANUAL PUMP,https://i.ibb.co/nmFKYkP/22-1940.jpg
22-1941,31122000001737,TOOLS BOX,https://alrimaya.com/image/catalog/SKU%20:%2022/22-1941-(1).png
22-1942,31122000001738,WASHER KIT,https://alrimaya.com/image/catalog/00001/22-1942-(2).jpg
22-1943,31122000001739,WATERMELON CUTTER,https://alrimaya.com/image/catalog/SKU%20:%2022/22-1943-(1).jpg
22-1946,392620900002,RAINCOAT GREEN COLOR POLYESTER,https://alrimaya.com/image/catalog/00001/22-1946-(2).jpg
22-1947,31122000001743,FOLDING BBQ,https://alrimaya.com/image/catalog/SKU%20:%2022/22-1947-(2).png
22-1948,31122000001744,MOBILE STAND,https://alrimaya.com/image/catalog/product/1346/22-1948-(2)-1346-thumb.jpg
22-1949,31122000001745,FISHING  LIGHT MOUNT (SIDE VACUUM CHUCK),https://alrimaya.com/image/catalog/2new_product/22-1949-(4).jpg
22-1950,31122000001746,FISHING  LIGHT MOUNT (PLANAR VACUUM CHUCK),https://i.ibb.co/Xj1JM1Z/Whats-App-Image-2023-03-12-at-6-56-29-PM.jpg
22-1951,31122000001747,FISHING  LIGHT MOUNT (VACUUM CHUCK),https://alrimaya.com/image/catalog/product/1392/22-1951-(4)-1392-thumb.jpg
22-1952,31122000001748,CAMPING BED,https://alrimaya.com/image/catalog/product/1298/22-1952-22-1953-(5)-1298-thumb.png
22-1953,31122000001749,CAMPING BED,https://alrimaya.com/image/catalog/product/1299/22-1952-22-1953-(3)-1299-thumb.jpg
22-1954,31122000001750,PICNIC MAT 275*265cm,https://alrimaya.com/image/catalog/product/1281/22-1954-(4)-1281-thumb.jpg
22-1955,31122000001751,SCREW DRIVER (-),https://alrimaya.com/image/catalog/product/1449/22-1955-(2)-1449-thumb.jpg
22-1956,31122000001752,SCREW DRIVER (+),https://alrimaya.com/image/catalog/product/1450/22-1956-(1)-1450-thumb.jpg
22-1957,31122000001753,SCREW DRIVER (-),https://alrimaya.com/image/catalog/product/2492/22-1957%20(1)-min-2492-thumb.jpg
22-1958,31122000001754,SCREW DRIVER (+),https://alrimaya.com/image/catalog/product/2630/22-1958-min-2630-thumb.jpg
22-1959,31122000001755,SHOPPING BAG WITH CHAIR,https://alrimaya.com/image/catalog/product/2449/22-1959%20(2)-min-2449-thumb.jpg
22-1960,420292000001,COOLER BOX 36L RED COLOR,https://alrimaya.com/image/cache/catalog/product/2771/22-3109%20(2)-min-2771-thumb-800x800.jpg
22-1961,420292000001,COOLER BOX 72L RED COLOR,https://alrimaya.com/image/cache/catalog/product/2771/22-3109%20(2)-min-2771-thumb-800x800.jpg
22-1962,31122000001758,FULLY AUTOMATIC 3L RICE COOKER,https://i.ibb.co/Gxm36N9/22-1962-4-Large.jpg
22-1963,31122000001759,JUICE MAKER,https://alrimaya.com/image/catalog/product/1512/22-1963-(7)-1512-thumb.jpg
22-1964,31122000001760,ELECTRIC KETTLE,https://alrimaya.com/image/catalog/product/1292/22-1964-(2)-1292-thumb.jpg
22-1965,31122000001761,Water Pump 12 v ( work on car battery ),https://alrimaya.com/image/catalog/product/1393/22-1965-(4)-1393-thumb.jpg
22-1966,650691900000,HUNTING HAT BROWN,https://alrimaya.com/image/catalog/product/1992/22-1966-(2)-min-1992-thumb.jpg
22-1967,650691900000,HUNTING HAT - CAMO,https://alrimaya.com/image/catalog/product/1220/22-1967-(1)-1220-thumb.jpg
22-1969,31122000001765,TRASH PIN STAND,https://alrimaya.com/image/catalog/product/1394/22-1969-(2)-1394-thumb.jpg
22-197,31122000000063,EURO CAMP GAS CYLINDER 7 LBS,https://alrimaya.com/image/catalog/product/2255/22-197-min-2255-thumb.jpg
22-1970,31122000001766,COFFEE  POT,https://i.ibb.co/wQBj1tk/Whats-App-Image-2023-03-11-at-6-00-38-PM.jpg
22-1971,31122000001767,PLASTIC SPOON,https://i.ibb.co/gjLkJPj/22-1971-3-Large.jpg
22-1972,31122000001768,DRESS BAG  200X60CM,https://alrimaya.com/image/catalog/product/1451/22-1972-(2)-1451-thumb.jpg
22-1973,WYSN-0102,BACK SUPPORT FLOOR CHAIR,https://alrimaya.com/image/cache/catalog/product/1247/22-1973-(4)-1247-thumb-600x600.jpg
22-1974,WYSN-EASY-0309,BACK SUPPORT FLOOR CHAIR,https://alrimaya.com/image/catalog/SKU%20:%2022/22-1974%20(2).png
22-1975,WYSN-EASY-0164L,BACK SUPPORT FLOOR CHAIR,https://alrimaya.com/image/catalog/SKU%20:%2022/22-1975%20(2).png
22-1976,31122000001773,Mini Plucker Machine 12-220 volt,https://alrimaya.com/image/catalog/product/1203/22-1976-(1)-1203-thumb.jpg
22-1978,31122000001774,GOAT STAND WITH CARRY BAG,https://alrimaya.com/image/catalog/product/1411/22-1978-(1)-1411-thumb.jpg
22-1979,31122000001775,FOLDING BBQ GRILL 35*35*25CM WITH CARRY BAG,https://alrimaya.com/image/catalog/product/1812/22-1979-(6)-1812-thumb.jpg
22-1980,31122000001776,AL RIMAYA CAMP FIRE GRILL PACK 50X25X13CM,https://alrimaya.com/image/catalog/product/1741/22-1980-(6)-1741-thumb.jpg
22-1981,31122000001777,AL RIMAYA CAMPFIRE WITH GRILL BAG 35X20X13CM,https://alrimaya.com/image/catalog/product/1762/22-1981-(6)-1762-thumb.jpg
22-1982,31122000001778,AL RIMAYA FOLDING CAMPFIRE 32X18X15CM,https://alrimaya.com/image/catalog/product/1763/22-1982-(5)-1763-thumb.jpg
22-1983,732119000000,FOLDABLE FIRE STAND - ROUND,https://alrimaya.com/image/catalog/product/1308/22-1983-(6)-1308-thumb.jpg
22-1984,732119000000,FOLDABLE FIRE STAND -TRIANGLE,https://alrimaya.com/image/catalog/product/1395/22-1984-1395-thumb.jpg
22-1985,31122000001781,FOLD BBQ GRILL 50*25*14CM W.KABAB STAND&CARRY BAG,https://alrimaya.com/image/catalog/product/2466/22-1985%20(3)-min-2466-thumb.jpg
22-1986,WYSN-SAC-0005,MOSQUITO TENT-230X130X120CM-CAMEL COOLOR,https://alrimaya.com/image/catalog/product/1740/22-1986-(2)-1740-thumb.png
22-1987,WYSN-SAC-0007,BEACH TENT WITH SILVER COATED 250X210X160CM - BLUE,https://alrimaya.com/image/catalog/product/892/22-1987-new-892-thumb.jpg
22-1989,WYSN-SAC-0009,CAMPING TENT Size: 220x120x100cm,https://alrimaya.com/image/catalog/SKU%20:%2022/22-1989%20(3).png
22-1990,31122000001787,FULL-AUTOMATIC RICE COOKER,https://alrimaya.com/image/catalog/product/1269/22-1990%20(2)2-1269-thumb.jpg
22-1991,31122000001788,MANUAL WASHING MACHINE WHITE,https://i.ibb.co/LhdxKHc/22-1991.jpg
22-1992,31122000001789,PLASTIC CUPS 12PCS,https://alrimaya.com/image/catalog/product/1396/22-1992-(2)-1396-thumb.jpg
22-1993,31122000001790,FOLDABLE BUCKET 10L,https://alrimaya.com/image/catalog/001/22-1993-(2).jpg
22-1994,790700600000,FOLDABLE BUCKET 3LTR,https://alrimaya.com/image/catalog/SKU%20:%2022/22-1994-(2).png
22-1995,790700600000,AL RIMAYA BASKET GRAY,https://alrimaya.com/image/catalog/product/2773/22-1995%20(1)-min-2773-thumb.jpg
22-1996,31122000001793,AL RIMAYA BASKET BROWN COLOR,https://alrimaya.com/image/catalog/product/2358/22-1996-2358-thumb.jpg
22-1997,AT2360-2362,PLASTIC FRESH BOX SMALL,https://alrimaya.com/image/catalog/SKU%20:%2022/22-1997-(2).png
22-1998,AT2363-2365,PLASTIC FRESH BOX LONG,https://alrimaya.com/image/catalog/product/889/22-1998-(5)-889-thumb.jpg
22-1999,31122000001796,COFFEE MILL,https://alrimaya.com/image/catalog/SKU%20:%2022/22-1999-(1).jpg
22-2000,31122000001797,PCB BORAD For 15L THERMO COOLER,https://i.ibb.co/ctxJbZD/22-2000.jpg
22-2001,31122000001798,WATER TANK FOR THERMO COOLER,https://i.ibb.co/jZz5MBw/22-2001.jpg
22-2002,31122000001799,WATER PUMP FOR THERMO COOLER,https://i.ibb.co/9vbR49c/22-2002.jpg
22-2003,31122000001800,VALVE1,https://i.ibb.co/n7zC9dG/22-2003.jpg
22-2004,31122000001801,DC IN PUT (FEMALE),https://i.ibb.co/Pj4S2n9/22-2004.jpg
22-2005,732119000000,BBQ ROASTER,https://alrimaya.com/image/catalog/product/1486/22-2005-(1)-1486-thumb.jpg
22-2007,31122000001804,THERMISTOR,https://i.ibb.co/vxPbpY8/22-2007.jpg
22-2010,31122000001807,DOOR SEAL,https://i.ibb.co/pQ5s2Rn/22-2010.jpg
22-2011,31122000001808,TEMP. SENSITIVE LINE,https://i.ibb.co/LnrR6jK/22-2011.jpg
22-2013,31122000001810,PORTABLE GAS STOVE,https://alrimaya.com/image/catalog/product/1231/22-2013-(3)-1231-thumb.jpg
22-2014,31122000001811,10OZ RIPPLE CUP WITH LID (12pcs/pack),https://alrimaya.com/image/catalog/SKU%20:%2022/22-2014-(1).jpg
22-2015,31122000001812,10OZ RIPPLE CUP (RED COLOR) (25pcs/pcak),https://i.ibb.co/n8KJTfr/22-2015-3-Large.jpg
22-2016,31122000001813,ELECTRIC HOIST,https://alrimaya.com/image/catalog/SKU%20:%2022/22-2016-(3).png
22-2017,22-2017,AL RIMAYA OUTDOOR BAG - 50L,https://alrimaya.com/image/catalog/product/1217/22-2017-(1)-1217-thumb.jpg
22-2018,22-2018,AL RIMAYA OUTDOOR BAG - 40L,https://alrimaya.com/image/cache/catalog/product/1217/22-2017-(1)-1217-thumb-800x800.jpg
22-2019,31122000001816,OUTDOOR BAG (ONE SIZE DARK GREEN),https://alrimaya.com/image/catalog/SKU%20:%2022/22-2019-(1).jpg
22-2020,31122000001817,MOBILE MAGNET HOLDER,https://alrimaya.com/image/catalog/product/1303/22-2020-(6)-1303-thumb.jpg
22-2021,31122000001818,MOBILE MAGNET HOLDER,https://alrimaya.com/image/catalog/product/1311/22-2021-(2)-1311-thumb.jpg
22-2024,31122000001821,NEOPRENE MASK,https://alrimaya.com/image/catalog/product/1397/22-2024-(8)-1397-thumb.jpg
22-2026,31122000001823,PICNIC ROASTER FRY PAN,https://alrimaya.com/image/catalog/product/1349/22-2026-(2)-1349-thumb.jpg
22-2028,31122000001825,BBQ BRIQUETTES IN HEXAGONAL SHAPE (10KG BOX),https://alrimaya.com/image/catalog/SKU%20:%2022/22-2028-(4).jpg
22-2029,31122000001826,"16"" Round  Burner Stove & Stainless Steel Comal",https://alrimaya.com/image/catalog/product/1312/22-2029-(8)-1312-thumb.jpg
22-2030,31122000001827,CAST IRON GAS STOVE 16 INCH ( 41*41*30 CM ),https://alrimaya.com/image/catalog/product/1153/22-2030-(2)-1153-thumb.jpg
22-2032,31122000001829,FOLDING MULTIUSE BUCKET ROUNT 25 LITR BLACK,https://alrimaya.com/image/catalog/product/1282/22-2032-(6)-1282-thumb.jpg
22-2033,31122000001830,FOLDING MULTIUSE BUCKET 60 LITER-WITH COLOR BOX,https://alrimaya.com/image/catalog/16-4-2018/22-2033-(7).jpg
22-2034,31122000001831,FOLDING WATER BUCKET WHITE 25L ROUNT,https://alrimaya.com/image/catalog/1new_product/22-2034-(6).jpg
22-2037,31122000001892,Dr. HUNTER WINTER SOCKS,https://alrimaya.com/image/catalog/product/1309/22-2037-(4)-1309-thumb.jpg
22-2038,31122000001893,Dr. HUNTER WINTER SOCKS,https://i.ibb.co/jz46Shg/22-2038-2-Large.jpg
22-2039,31122000001894,Dr. HUNTER AUTUMN LIGHT,https://i.ibb.co/T2xk07j/22-2039-3-Large.jpg
22-204,31122000000070,EURO CAMP GAS CYLINDER 4.8 L,https://alrimaya.com/image/catalog/product/2336/22-204-min-2336-thumb.jpg
22-2043,732111100001,CAMPING BURNER - DZ-160,https://alrimaya.com/image/catalog/product/1471/22-2043-(3)-1471-thumb.jpg
22-2044,31122000001837,CAMPING BURNER,https://alrimaya.com/image/catalog/2new_product/22-2044-(2).jpg
22-2045,WYSN-SAC-0007-WFY-1,BEACH TENT (1 LAYER) 250X210X160CM,https://alrimaya.com/image/catalog/product/1177/22-2045-(2)-1177-thumb.jpg
22-2046,WYSN-SAC-0010-WDY-2,CAMPING TENT (2 LAYER) 260X145X120CM,https://alrimaya.com/image/catalog/00001/22-2046-(3).jpg
22-2047,WYSN-SAC-0011-WFY-2,CAMPING TENT (2 LAYER) 300X270X180CM,https://alrimaya.com/image/catalog/00001/22-2047-(7).jpg
22-2048,WYSN-SAC-0011-WFY-1,CAMPING TENT (1 LAYER) 300X270X180CM,https://alrimaya.com/image/catalog/product/1198/22-2048-(9)-1198-thumb.jpg
22-2049,31122000001842,CAMPING TENT (2 LAYER) 260X145X120CM,https://alrimaya.com/image/catalog/product/1210/22-2049-(6)-1210-thumb.jpg
22-2050,WYSN-SAC-0010-WFY-1,CAMPING TENT (1 LAYER) 260X145X120CM,https://alrimaya.com/image/catalog/00001/22-2050-(6).jpg
22-2051,31122000001844,META CHAIR (FOLDING CHAIR WITH CARRY BAG),https://alrimaya.com/image/catalog/SKU%20:%2022/22-2051-(7).jpg
22-2052,31122000001845,HIKING CHAIR W/PACK BAG,https://alrimaya.com/image/catalog/2new_product/22-2052-(2).jpg
22-2053,940179900000,FOLDING CHAIR - GREY,https://alrimaya.com/image/catalog/SKU%20:%2022/22-2053%20(2).png
22-2054,31122000001847,CAMO DIRECTOR CHAIR,https://alrimaya.com/image/catalog/2new_product/22-2054-(2).jpg
22-2055,31122000001848,CAMO BIG BOY CHAIR,https://alrimaya.com/image/catalog/2new_product/22-2055-(4).jpg
22-2056,790700600000,FOLDING BUCKET WITH LID AND WHEEL - 45L,https://alrimaya.com/image/catalog/2new_product/22-2056-(1).jpg
22-2057,790700600000,FOLDING BUCKET WITH LID AND WHEEL - 30L,https://alrimaya.com/image/catalog/product/1188/22-2057-(9)-1188-thumb.jpg
22-2060,31122000001853,ROUND FOLDING BOWL,https://i.ibb.co/rb7BGKL/22-2060-4-Large.jpg
22-2061,31122000001854,CUTTING BOARD WITH STORAGE TRAY & STRAINER  ,https://alrimaya.com/image/catalog/product/1764/22-2061-(2)-1764-thumb.jpg
22-2062,31122000001855,ecoboxx 310 Solar Portable Generator 200W+Battery,https://alrimaya.com/image/catalog/product/1350/22-2062-(2)-1350-thumb.jpg
22-2063,31122000001856,SOLAR POWER BANK,https://alrimaya.com/image/catalog/product/1351/22-2063-(3)-1351-thumb.jpg
22-2064,31122000001857,1000 W Pure Sine Wave Inverter Solar Regulator,https://alrimaya.com/image/catalog/product/1189/22-2064-(4)-1189-thumb.jpg
22-2065,31122000001858,1500W Pure Sine Wave Inverter  Solar Regulator,https://alrimaya.com/image/catalog/product/1181/22-2065-(3)-1181-thumb.jpg
22-2066,31122000001859,AL RIMAYA BBQ TOOL SET,https://alrimaya.com/image/catalog/product/1300/22-2066-(7)-1300-thumb.jpg
22-2067,31122000001860,SAND SLIDER BIG,https://alrimaya.com/image/catalog/SKU%20:%2022/22-2067-(6).png
22-2070,31122000001863,FOLDING CHAIR MAT WITH CARRY BAG (112*122*3.5CM),https://alrimaya.com/image/catalog/product/1164/22-2070-2-min-1164-thumb.jpg
22-2071,31122000001864,MAT WITH A PILLOW AT MIDDLE (180*55*1CM),https://alrimaya.com/image/catalog/product/1287/22-2071-(6)-1287-thumb.jpg
22-2072,940179900000,DIRECTOR CHAIR GREY,https://alrimaya.com/image/catalog/product/1514/22-2072-(6)-1514-thumb.jpg
22-2073,9403301000000,FOLDING TABLE (SMALL)-White-SIZE:16x0.7MM,https://alrimaya.com/image/catalog/product/1352/22-2073-(5)-1352-thumb.jpg
22-2074,9403301000000,FOLDING TABLE (BIG)-White-SIZE:19x0.7MM,https://alrimaya.com/image/catalog/product/2531/22-2074%20(5)-min-2531-thumb.jpg
22-2075,31122000001868,OUTDOOR FOLDABLE WAGON GRAY/BLACK,https://alrimaya.com/image/catalog/product/1291/22-2075-(6)-1291-thumb.jpg
22-2076,732119000000,CHARCOAL STARTER,https://alrimaya.com/image/catalog/product/1280/22-2076-(5)-1280-thumb.jpg
22-2077,690390400000,STEEL BRISTLE,https://alrimaya.com/image/catalog/product/2032/22-2077-(8)-min-2032-thumb.jpg
22-2078,31122000001871,MULTI CUTTER,https://alrimaya.com/image/catalog/product/1353/22-2078-(2)-1353-thumb.jpg
22-2079,31122000001872,PVC PLATE,https://alrimaya.com/image/catalog/product/1765/22-2079-(3)-1765-thumb.jpg
22-2080,31122000001873,BACK SHEET COVER W/TABLE,https://alrimaya.com/image/cache/catalog/product/1354/22-2080-(4)-1354-thumb-800x800.jpg
22-2081,31122000001874,BACK SHEET COVER,https://i.ibb.co/3zpP5gb/22-2081-2-Large.jpg
22-2082,560750200005,TIE ROPE SET - WHITE - 5MX8T,https://alrimaya.com/image/catalog/product/2254/22-2082-2-min-2254-thumb.jpg
22-2083,31122000001876,SURVIVAL KIT,https://i.ibb.co/wJj7pTw/Whats-App-Image-2023-02-25-at-10-45-38-PM.jpg
22-2084,31122000001877,AL RIMAYA BALACLAVA HAT BLACK,https://alrimaya.com/image/catalog/product/1235/22-2084-(3)-1235-thumb.jpg
22-2085,31122000001878,AL RIMAYA BALACLAVA HAT CAMO,https://alrimaya.com/image/catalog/product/1236/22-2085-(3)-1236-thumb.jpg
22-2086,31122000001879,PVC BOX 3pcs SET,https://alrimaya.com/image/catalog/product/2143/22-2086-min-2143-thumb.jpg
22-2087,31122000001880,PORTABLE GAS STOVE WITH LPG,https://alrimaya.com/image/catalog/product/1422/22-2087-(3)-1422-thumb.jpg
22-2088,31122000001881,PORTABLE GAS STOVE,https://alrimaya.com/image/catalog/product/1499/22-2088-(8)-1499-thumb.jpg
22-2089,FMX-1830,WIND SCREEN 60CM WITH BAG,https://alrimaya.com/image/catalog/SKU%20:%2022/22-2089-(8).png
22-2090,WYSN-SAC-0004,CAMPING TENT 320x280x180CM - GREEN,https://alrimaya.com/image/catalog/product/1355/22-2090-(6)-1355-thumb.jpg
22-2093,WYSN-SAW-0003,WIND SCREEN  TENT L4.5 X H1.45M,https://alrimaya.com/image/catalog/product/1227/22-2093-(6)-1227-thumb.jpg
22-2094,31122000001887,CERCUIT BOARD FOR 22/1688= SGE108,https://i.ibb.co/sg0yW8f/22-2094.jpg
22-2095,31122000001888,CAR WASHER 4.5L,https://alrimaya.com/image/catalog/SKU%20:%2022/22-2095-(2).jpg
22-2096,750890200000,WATER BUCKET 3L,https://alrimaya.com/image/catalog/product/1899/22-2096-(4)-min-1899-thumb.jpg
22-2097,31122000001890,WATER BUCKET 6L,https://alrimaya.com/image/cache/catalog/product/1899/22-2096-(4)-min-1899-thumb-800x800.jpg
22-2100,31122000001896,VACUM FLASK,https://alrimaya.com/image/catalog/product/1356/22-2100-(2)-1356-thumb.jpg
22-2102,830300000002,ALUMINUM STORAGE BOX - SMALL,https://alrimaya.com/image/catalog/product/1195/22-2102-(4)-1195-thumb.jpg
22-2103,830300000002,ALUMINUM STORAGE BOX - MEDIUM,https://alrimaya.com/image/catalog/product/1194/22-2102-(3)-1194-thumb.jpg
22-2104,830300000002,ALUMINUM STORAGE BOX - LARGE,https://alrimaya.com/image/catalog/16-4-2018/22-2104-(8).jpg
22-2105,31122000001902,PICNIC MAT 2MX0.65M,https://alrimaya.com/image/catalog/product/1357/22-2105-(6)-1357-thumb.jpg
22-2106,31122000001971,"BBQ ROUND 30X30X25CM, 3070G",https://alrimaya.com/image/catalog/product/1358/22-2106-(3)-1358-thumb.jpg
22-2107,31122000001972,KNIFE COVER,https://alrimaya.com/image/catalog/product/1359/22-2107-(2)-1359-thumb.jpg
22-2108,FMX-2089,BBQ GRILL 55X30CM WITH FAN & CLIP,https://alrimaya.com/image/catalog/product/1310/22-2108-(4)-1310-thumb.jpg
22-2109,732119000000,BBQ TONGS GOLD COLOR 50CM,https://alrimaya.com/image/catalog/product/1360/22-2109-(2)-1360-thumb.jpg
22-2110,31122000001975,CLEANING STONE 10X7CM 70G,https://alrimaya.com/image/catalog/product/1412/22-2110-(5)-1412-thumb.jpg
22-2111,392690930000,BARBECUE HAND HELD FAN,https://alrimaya.com/image/catalog/product/1413/22-2111-(1)-1413-thumb.jpg
22-2112,31122000001909,AL RIMAYA PICNIC MAT PL,https://alrimaya.com/image/catalog/product/1361/22-2112-(6)-1361-thumb.jpg
22-2113,31122000001990,COFFEE CUP,https://alrimaya.com/image/catalog/product/1426/22-2113-(9)-1426-thumb.jpg
22-2114,31122000001991,"BBQ STAND-MARKAB, SIZE-20x20x17cm",https://alrimaya.com/image/catalog/0001/22-2114-(2).jpg
22-2115,31122000001992,"BBQ STAND-MARKAB, SIZE-30x30x19cm",https://alrimaya.com/image/catalog/0001/22-2115-(2).jpg
22-2116,420212109999,SPICE CONTAINER WITH BAG - 6PCS SET - M/COLOR,https://alrimaya.com/image/catalog/product/1362/22-2116-(3)-1362-thumb.jpg
22-2117,JY-20,BBQ NET 30X40CM WITH BAG,https://alrimaya.com/image/catalog/001/22-2117-(5).jpg
22-2118,JY-20,BBQ NET 30x30cm with bag,https://alrimaya.com/image/catalog/001/22-2117-(5).jpg
22-2119,JY-20,BBQ NET 25x25cm  with bag,https://alrimaya.com/image/catalog/001/22-2117-(5).jpg
22-2120,31122000001997,SINGLE HEAD BURNER,https://alrimaya.com/image/catalog/product/1611/22-2120-(2)-1611-thumb.jpg
22-2121,732119000000,FIRE STAND NET 30x45CM,https://alrimaya.com/image/catalog/0001/22-2121-(5).jpg
22-2122,73211900000,BBQ STICK 6PCS WITH PVC BAG,https://alrimaya.com/image/catalog/001/22-2122-(5).jpg
22-2123,731290900000,CARGO NET 220x130CM,https://alrimaya.com/image/catalog/product/1760/22-2123%20(3)-1760-thumb.jpg
22-2124,731290900000,CARGO NET 180x130CM,https://alrimaya.com/image/catalog/product/1744/22-2124-(5)-1744-thumb.jpg
22-2125,31122000002002,Folding Campfire Pack Grill with bag 30x15cm ,https://alrimaya.com/image/catalog/product/1414/22-2125-(5)-1414-thumb.jpg
22-2126,31122000002003,FOLDING BBQ GRILL-markab 42.5x14cm with bag,https://alrimaya.com/image/catalog/0001/22-2126-(5).jpg
22-2127,31122000002004,BBQ with blower,https://alrimaya.com/image/catalog/product/1505/no-code-6-(6)-1505-thumb.jpg
22-2128,HF-60X03I,OUTDOOR WATER GALLON-12L,https://alrimaya.com/image/catalog/product/1527/22-2128-(2)-1527-thumb.jpg
22-2129,HF-60X03K,OUTDOOR WATER GALLON-22L,https://alrimaya.com/image/catalog/product/1528/22-2129-(2)-1528-thumb.jpg
22-2130,,SNAKE CATCHER 1.32M STAINLESS STEEL,https://alrimaya.com/image/catalog/product/2907/22-2130%20(1)-min-2907-thumb.jpg
22-2131,31122000002008,MANUAL COFFEE GRINDER,https://alrimaya.com/image/catalog/001/22-2131-(2).jpg
22-2132,732611000001,MANUAL COFFEE GRINDER SILVER COLOR,https://alrimaya.com/image/catalog/001/22-2132-(1).jpg
22-2133,31122000002010,RECOVERY TRACK (Steel),https://alrimaya.com/image/catalog/product/1363/22-2133-(3)-1363-thumb.jpg
22-2134,392620900002,RAINCOAT SAND COLOR,https://alrimaya.com/image/catalog/00001/22-2134-(3).jpg
22-2135,31122000002012,STEEL BOX WITH BAG 6PCS,https://alrimaya.com/image/catalog/product/1529/22-2135-(7)-1529-thumb.jpg
22-2136,31122000002013,COFFEE CUP 6PCS /PACK,https://alrimaya.com/image/catalog/product/1440/22-2136-(3)-1440-thumb.jpg
22-2137,31122000002014,Aluminum Slotted Spoon/Skimmer Big 48 CM,https://alrimaya.com/image/catalog/product/1452/22-2137-(2)-1452-thumb.jpg
22-2138,31122000001910,AIR COMPRESSOR NYLON HOSE 5M	,https://alrimaya.com/image/catalog/product/1283/22-2138-(2)-1283-thumb.jpg
22-2139,31122000001911,TWO COLOR REVERSIBLE BEANIE HAT,https://alrimaya.com/image/catalog/product/1234/22-2139-(2)-1234-thumb.jpg
22-214,31122000000076,LOW PRSSER REGULATER,https://alrimaya.com/image/catalog/product/2524/22-214%20(2)-min-2524-thumb.jpg
22-2140,82060000000,TYRE REPAIR KIT (PUNCHER KIT),https://alrimaya.com/image/catalog/00001/22-2140-(8).jpg
22-2141,732119000000,OUTDOOR FOLDABLE BBQ GRILL WITH FRY PAN,https://alrimaya.com/image/catalog/0001/22-2141-(2).jpg
22-2142,761510900006,FRY PAN 28CM,https://alrimaya.com/image/catalog/0001/22-2142-(4).jpg
22-2143,761510900006,NON STICK FRY PAN 38CM,https://alrimaya.com/image/catalog/0001/22-2143-22-2179-(8).jpg
22-2144,31122000001916,Aluminum pot. S  / 20,https://alrimaya.com/image/catalog/product/1364/22-2144-(2)-1364-thumb.jpg
22-2145,31122000001917,Aluminum pot. S  / 22,https://alrimaya.com/image/catalog/product/1365/22-2145%2022-2146%2022-2147%2022-2148%20(2)-1365-thumb.jpg
22-2146,31122000001918,Aluminum pot. S  / 24,https://alrimaya.com/image/catalog/product/1366/22-2145%2022-2146%2022-2147%2022-2148%20(2)-1366-thumb.jpg
22-2147,31122000001919,Aluminum pot. S  / 26,https://alrimaya.com/image/catalog/product/1367/22-2145%2022-2146%2022-2147%2022-2148%20(2)-1367-thumb.jpg
22-2148,31122000001920,Aluminum pot. S  / 28,https://alrimaya.com/image/catalog/product/1368/22-2145%2022-2146%2022-2147%2022-2148%20(2)-1368-thumb.jpg
22-2149,31122000001921,small picnic bag,https://alrimaya.com/image/catalog/product/1369/22-2149-(2)-1369-thumb.jpg
22-2150,31122000001922,luxury picnic bag,https://alrimaya.com/image/catalog/product/1370/22-2150-(9)-1370-thumb.jpg
22-2151,31122000001923,tea and coffee bag,https://alrimaya.com/image/catalog/product/1371/22-2151-(2)-1371-thumb.jpg
22-2152,31122000001924,Aluminum pot. S  / 32,https://alrimaya.com/image/catalog/product/1372/22-2152%2022-2153%2022-2154%20(2)-1372-thumb.jpg
22-2153,31122000001925,Aluminum pot. S  / 36,https://alrimaya.com/image/catalog/product/1373/22-2152%2022-2153%2022-2154%20(2)-1373-thumb.jpg
22-2154,31122000001926,Aluminum pot. S  / 40,https://alrimaya.com/image/catalog/product/1374/22-2152%2022-2153%2022-2154%20(2)-1374-thumb.jpg
22-2159,31122000001931,WOOD UKRAINE 8.5KG,https://alrimaya.com/image/cache/catalog/2new_product/22-2159-(5)-800x800.jpg
22-2160,31122000001932,POWER INVERTER,https://alrimaya.com/image/catalog/2new_product/22-2160-(3).jpg
22-2161,31122000001933,POWER INVERTER,https://alrimaya.com/image/catalog/2new_product/22-2161-(9).jpg
22-2162,31122000001934,POWER INVERTER,https://alrimaya.com/image/catalog/2new_product/22-2162-(6).jpg
22-2163,31122000001935,POWER INVERTER,https://alrimaya.com/image/catalog/2new_product/22-2163-(5).jpg
22-2164,31122000001936,POWER INVERTER,https://alrimaya.com/image/catalog/2new_product/22-2164-(5).jpg
22-2165,VKS-ECS,EMPTY CAMPING SET SMALL (ORANGE+BEIGE),https://alrimaya.com/image/catalog/001/22-2165-22-2166-22-2167-(10).jpg
22-2166,VKS-ECS,EMPTY CAMPING SET MEDIUM (ORANGE+BEIGE),https://alrimaya.com/image/cache/catalog/001/22-2165-22-2166-22-2167-(10)-800x800.jpg
22-2167,VKS-ECS,EMPTY CAMPING SET BIG (ORANGE+BEIGE),https://alrimaya.com/image/cache/catalog/001/22-2165-22-2166-22-2167-(10)-800x800.jpg
22-2168,VKS-V-803,PICNIC BAG 30x30x32CM - GREY,https://alrimaya.com/image/catalog/001/22-2168-(19).jpg
22-2169,VKS-V-831,ICE BOX 20L (BEIGE),https://alrimaya.com/image/catalog/001/22-2169-(1).jpg
22-2170,VKS-K-002,TOOL BAG 35x20x10CM - WITH COLOR BOX,https://alrimaya.com/image/catalog/001/22-2170-(1).jpg
22-2171,31122000001943,AL RIMAYA HAND SPRAYER PORTABLE,https://alrimaya.com/image/catalog/0001/22-2171-(14).jpg
22-2172,31122000001944,Themal Box,https://alrimaya.com/image/catalog/2new_product/22-2172-(3).jpg
22-2173,31122000001945,Plastic box 350-400ml,https://alrimaya.com/image/catalog/2new_product/22-2173-(2).jpg
22-2175,LYY5006,TEA GLASS 6PCS,https://alrimaya.com/image/catalog/product/1313/22-2175-(7)-1313-thumb.jpg
22-2176,QW001,FOLDING TABLE 58X40X27CM - WOODEN,https://alrimaya.com/image/catalog/product/1415/22-2176%20(1)-min-1415-thumb.jpg
22-2177,31122000001949,BBQ ROSTER SINGLE PAN,https://alrimaya.com/image/catalog/001/22-2177-(4).jpg
22-2178,31122000001950,AL RIMAYA BBQ ROSTER DOUBLE PAN,https://alrimaya.com/image/catalog/product/1053/22-2178-(6)-1053-thumb.jpg
22-2179,761510900006,NON STICK FRY PAN 42CM,https://alrimaya.com/image/catalog/0001/22-2143-22-2179-(3).jpg
22-2180,790700600000,AlRimayah's Breakfast Dishes WITH 8 CUP,https://alrimaya.com/image/catalog/001/22-2180-(2).jpg
22-2181,732310000004,BBQ HEAT RESISTANT GLOVES BLACK & GREEN,https://alrimaya.com/image/catalog/product/1445/22-2181-(2)-1445-thumb.jpg
22-2182,31122000001954,BBQ GRILL WITH BAG,https://alrimaya.com/image/catalog/001/22-2182-(2).jpg
22-2183,31122000001955,LED CAMPING LANTERN & FAN,https://alrimaya.com/image/catalog/001/22-2183-(5).jpg
22-2184,31122000001956,Fire Grabber 53CM,https://alrimaya.com/image/catalog/001/22-2184-22-2185-22-2186-(2).jpg
22-2185,31122000001957,AL RIMAYA FIRE GRABER 64CM,https://alrimaya.com/image/catalog/001/22-2184-22-2185-22-2186-(2).jpg
22-2186,31122000001958,Fire Grabber 74CM,https://alrimaya.com/image/catalog/001/22-2184-22-2185-22-2186-(3).jpg
22-2187,31122000001959,Foldable brazier with moveable Grill net S:60x60cm,https://alrimaya.com/image/catalog/product/1491/22-2187-22-2188-(7)-1491-thumb.jpg
22-2188,31122000001960,Foldable brazier with moveable Grill net S:80x80cm,https://alrimaya.com/image/catalog/product/1492/22-2187-22-2188-(7)-1492-thumb.jpg
22-2189,31122000001961,Hisham Item,https://alrimaya.com/image/catalog/2new_product/22-2189-22-2190-22-2191-(3).jpg
22-2191,31122000001963,دلة حليب استيل 2.5  لتر,https://alrimaya.com/image/catalog/2new_product/22-2189-22-2190-22-2191-(11).jpg
22-2192,31122000001964,Hisham Item,https://alrimaya.com/image/catalog/2new_product/22-2192-(3).jpg
22-2193,31122000001965,Hisham Item,https://alrimaya.com/image/catalog/2new_product/22-2193-(4).jpg
22-2194,31122000001966,Hisham Item,https://alrimaya.com/image/catalog/2new_product/22-2194-(3).jpg
22-2195,31122000001967,Hisham Item,https://alrimaya.com/image/catalog/2new_product/22-2195-(3).jpg
22-2199,31122000001977,ALUMINIUM GAME TABLE,https://alrimaya.com/image/catalog/001/22-2199-(4).jpg
22-2200,31122000001978,CAR STEP (MULTIFUNCTIONAL LADDER),https://alrimaya.com/image/catalog/product/1771/22-2200-(6)-1771-thumb.jpg
22-2201,31122000001979,28CM CREPE PAN,https://alrimaya.com/image/catalog/product/1416/22-2201-(3)-1416-thumb.jpg
22-2202,31122000001980,28CM CREPE PAN,https://alrimaya.com/image/catalog/product/1417/22-2202-(3)-1417-thumb.jpg
22-2203,31122000001981,28CM GRILL PAN,https://alrimaya.com/image/catalog/product/1418/22-2203-(3)-1418-thumb.jpg
22-2204,31122000001982,CANISTER WITH DOT PATTERN 9.5x9.5x15.4cm,https://alrimaya.com/image/catalog/product/1419/22-2204-(2)-1419-thumb.jpg
22-2205,31122000001983,AL RIMAYA CANISTER SS 9.5X15.4CM,https://alrimaya.com/image/catalog/product/1420/22-2205-(1)-1420-thumb.jpg
22-2206,JY-15B,BBQ GRILL NET 30X40CM WITH FAN & CLIP,https://alrimaya.com/image/catalog/2new_product/22-2206-(8).jpg
22-2207,31122000001985,GARDEN FOLDING CHAIR (GREEN COLOR),https://alrimaya.com/image/catalog/2new_product/22-2207-(3).jpg
22-2208,31122000001986,RECHARGABLE PORTABLE SHOWER,https://alrimaya.com/image/catalog/product/1540/22-2208-(9)-1540-thumb.jpg
22-2209,31122000001987,WATER PUMP WITH USB,https://alrimaya.com/image/catalog/product/1539/22-2209-(6)-1539-thumb.jpg
22-2210,31122000001988,INFLATABLE WATER BUCKET 20L,https://alrimaya.com/image/catalog/product/1537/22-2210-(3)-1537-thumb.jpg
22-2211,31122000001989,SS FRYING PAN WITH LEG 20X50X10CM,https://alrimaya.com/image/catalog/product/1692/22-2211-(2)-1692-thumb.jpg
22-2212,31122000002015,AL RIMAYA COOL BAG 32X40CM,https://alrimaya.com/image/catalog/product/1470/22-2213-22-2212-(2)-1470-thumb.jpg
22-2213,31122000002016,AL RIMAYA COOL BAG 38CMX48CM,https://alrimaya.com/image/catalog/product/1469/22-2213-(3)-1469-thumb.jpg
22-2214,SF-S006,SAND SLIDER KIDS MULTI-FUNCTION BOARD,https://alrimaya.com/image/catalog/product/1421/22-2214-(2)-1421-thumb.jpg
22-2215,SF-S005,SAND SLIDER ADULT'S MULTI-FUNCTION BOARD,https://alrimaya.com/image/catalog/product/1506/22-2215-(5)-1506-thumb.jpg
22-2216,31122000002019,12V WATER PUMP ,https://alrimaya.com/image/catalog/product/1215/22-2216-(2)-1215-thumb.jpg
22-2217,31122000002020,12V ELECTRIC HAND PUMP (مضخة كهربائية),https://alrimaya.com/image/catalog/product/1216/22-2217-(2)-1216-thumb.jpg
22-2218,31122000002021,12V ELECTRIC SUBMERSIBLE HAND PUMP,https://alrimaya.com/image/catalog/product/1766/22-2218-(3)-1766-thumb.jpg
22-2220,31122000002023,Dallah al-Jabr gold color  medium,https://alrimaya.com/image/catalog/product/1375/22-2220-22-2221-(2)-1375-thumb.jpg
22-2221,31122000002024,Dallah al-Jabr gold color  big,https://alrimaya.com/image/catalog/product/1376/22-2220-22-2221-(2)-1376-thumb.jpg
22-2222,31122000002025,Dallah gadahr s 10,https://alrimaya.com/image/catalog/product/1277/22-2222-22-2223-22-2224-(4)-1277-thumb.jpg
22-2223,31122000002026,Dallah gadahr s 12,https://alrimaya.com/image/catalog/product/1279/22-2222-22-2223-22-2224-(4)-1279-thumb.jpg
22-2224,31122000002027,Dallah gadahr s 14,https://alrimaya.com/image/catalog/product/1278/22-2222-22-2223-22-2224-(4)-1278-thumb.jpg
22-2225,31122000002028,STAINLESS WIRE ANTI CUTTING-GLOVES (L),https://alrimaya.com/image/catalog/0001/22-2225-22-2226-(c).jpg
22-2226,31122000002029,STAINLESS WIRE ANTI CUTTING-GLOVES (XL),https://alrimaya.com/image/catalog/0001/22-2225-22-2226-(c).jpg
22-2227,31122000002030,Hisham Item,https://alrimaya.com/image/catalog/product/1632/22-2227-(5)-1632-thumb.jpg
22-2228,31122000002031,FOLDABLE STOOL BIG,https://alrimaya.com/image/catalog/product/1423/22-2228-(2)-1423-thumb.jpg
22-2229,31122000002032,Pressure cooker Induction bottom 7L (BEIGE COLOR),https://alrimaya.com/image/catalog/001/22-2229-22-2230-22-2231-(3).jpg
22-2230,31122000002033,Pressure cooker Induction bottom 9L  (BEIGE COLOR),https://alrimaya.com/image/catalog/001/22-2229-22-2230-22-2231-(3).jpg
22-2231,31122000002034,Pressure cooker Induction bottom 11L (BEIGE COLOR),https://alrimaya.com/image/catalog/001/22-2229-22-2230-22-2231-(2).jpg
22-2232,31122000002035,Pressure cooker Induction bottom 7L,https://alrimaya.com/image/catalog/product/1039/22-2232-22-2233-22-2234-(6)-1039-thumb.jpg
22-2233,31122000002036,Pressure cooker Induction bottom 9L,https://alrimaya.com/image/catalog/001/22-2229-22-2230-22-2231-(2).jpg
22-2234,31122000002037,Pressure cooker Induction bottom 11L (GRAY COLOR),https://alrimaya.com/image/catalog/product/1042/22-2232-22-2233-22-2234-(6)-1042-thumb.jpg
22-2235,31122000002038,CAMPING COOKER WITH LEG,https://alrimaya.com/image/catalog/product/1704/22-2235-(2)-1704-thumb.jpg
22-2236,31122000002039,CAMPING COOKER WITHOUT LEG,https://alrimaya.com/image/catalog/product/1703/22-2236-(7)-1703-thumb.jpg
22-2237,31122000002040,CAMPING COOKER BURNER,https://alrimaya.com/image/catalog/product/1453/22-2237-(2)-1453-thumb.jpg
22-2238,31122000002041,Gas Cylinder Hose (LPG) 8mm. 5000meter,https://alrimaya.com/image/catalog/product/1623/22-2238-(2)-1623-thumb.jpg
22-2239,31122000002042,AL RIMAYA GLOVES HEAT RESIST,https://alrimaya.com/image/catalog/product/1444/22-2239-(3)-1444-thumb.jpg
22-2240,TLR222240,TAKAYA,https://alrimaya.com/image/catalog/product/1305/22-2240-(2)-1305-thumb.jpg
22-2241,31122000002044,TAKAYA SET 3pcs,https://alrimaya.com/image/catalog/product/1377/22-2241-(8)-1377-thumb.jpg
22-2242,31122000002045,JACKET,https://alrimaya.com/image/catalog/product/1230/22-2242-(4)-1230-thumb.jpg
22-2243,31122000002046,JACKET,https://i.ibb.co/9g9gy0C/22-2243-4-Large.jpg
22-2245,31122000002048,JACKET,https://alrimaya.com/image/catalog/product/1228/22-2245-(4)-1228-thumb.jpg
22-2247,31122000002050,JACKET,https://alrimaya.com/image/catalog/product/1288/22-2247-(2)-1288-thumb.jpg
22-2248,31122000002051,JACKET,https://alrimaya.com/image/catalog/product/1226/22-2248-(7)-1226-thumb.jpg
22-2249,31122000002052,JACKET,https://alrimaya.com/image/catalog/product/1306/22-2249-(6)-1306-thumb.jpg
22-2250,TLR222250,farsha,https://alrimaya.com/image/catalog/product/1658/22-2250-22-2251-(4)-1658-thumb.jpg
22-2251,TLR222251,farsha,https://alrimaya.com/image/catalog/product/1659/22-2250-22-2251-(3)-1659-thumb.jpg
22-2252,31122000002055,Stove Burner,https://alrimaya.com/image/catalog/product/1378/22-2252-(4)-1378-thumb.jpg
22-2253,31122000002056,TEA KETTLE 10L,https://alrimaya.com/image/catalog/product/1289/22-2253-(2)-1289-thumb.jpg
22-2254,31122000002057,TEA KETTLE 12L,https://alrimaya.com/image/catalog/product/1289/22-2253-(2)-1289-thumb.jpg
22-2255,31122000002058,TEA KETTLE 18L,https://alrimaya.com/image/catalog/product/1290/22-2255-(2)-1290-thumb.jpg
22-2260,31122000002063,CAMPING BURNER,https://alrimaya.com/image/catalog/product/1476/22-2260-(6)-1476-thumb.jpg
22-2261,31122000002064,CAMPING BURNER,https://alrimaya.com/image/catalog/product/1487/22-2261-(7)-1487-thumb.jpg
22-2262,WYSN-SAC-0012-WDY-2,CAMPING TENT 300*300*260CM,https://alrimaya.com/image/catalog/product/1519/22-2262-22-2263-(1)-1519-thumb.jpg
22-2263,WYSN-SAC-0012-WDY-2,CAMPING TENT 400*300*260CM,https://alrimaya.com/image/catalog/product/1520/22-2262-22-2263-(1)-1520-thumb.jpg
22-2264,31122000002067,BACKSEAT ORGANIZER (BLACK COLOR),https://alrimaya.com/image/catalog/001/22-2264-(2).jpg
22-2265,31122000002068,Refrigerator 32 liter 22/2265,https://alrimaya.com/image/catalog/product/1618/22-2265-(7)-1618-thumb.jpg
22-2266,31122000002069,Refrigerator 42 liter 22/2266,https://alrimaya.com/image/catalog/product/1631/22-2266-(3)-1631-thumb.jpg
22-2267,COAL-10,BBQ CHARCOAL 10KG,https://alrimaya.com/image/cache/catalog/product/1753/22-2267-(2)-1753-thumb-800x800.jpg
22-2268,KC2018,KINGCAMP FOLDING TABLE (65X50CM),https://alrimaya.com/image/catalog/product/1927/22-2268-(14)-min-1927-thumb.jpg
22-2269,31122000002072,WATER MELON SLICER,https://alrimaya.com/image/catalog/product/1767/22-2269-(5)-1767-thumb.jpg
22-2270,790700600000,Garlic Press,https://alrimaya.com/image/catalog/product/1768/22-2270-(1)-1768-thumb.jpg
22-2271,31122000002074,Flavour Spoon,https://alrimaya.com/image/catalog/product/2532/22-2271%20(18)-min-2532-thumb.jpg
22-2272,31122000002075,HEAT GLOVES,https://alrimaya.com/image/catalog/product/1546/22-2272-(3)-1546-thumb.jpg
22-2273,31122000002076,AL RIMAYA SPRING BALL,https://alrimaya.com/image/catalog/product/1545/22-2273-(4)-1545-thumb.jpg
22-2274,31122000002077,Portable Air Conditioner Small,https://alrimaya.com/image/catalog/product/1638/22-2274-(1)-1638-thumb.jpg
22-2275,31122000002078,MOBILE KITCHEN,https://alrimaya.com/image/catalog/product/1769/22-2275-(19)-1769-thumb.jpg
22-2276,,FOLDABLE STOOL MEDIUM,https://alrimaya.com/image/cache/catalog/product/1423/22-2228-(2)-1423-thumb-900x600.jpg
22-2277,,FOLDABLE STOOL SMALL,https://alrimaya.com/image/cache/catalog/product/1423/22-2228-(2)-1423-thumb-900x600.jpg
22-2278,31122000002081,GARDEN COOLER,https://i.ibb.co/tB485gb/22-2278.jpg
22-2279,31122000002082,CAR SEAT ORGANIZER BEIGE COLOR 22/2279,https://i.ibb.co/7d5gmt3Z/22-2279.jpg
22-2280,392490909999,CUTTING BOARD LARGE - WHITE,https://alrimaya.com/image/catalog/product/1478/22-2280-(11)-1478-thumb.jpg
22-2281,31122000002084,CUTTING BOARD SMALL 33*20*1 CM,https://alrimaya.com/image/catalog/product/1480/22-2281-(14)-1480-thumb.jpg
22-2282,392490909999,CUTTING BOARD MEDIUM - WHITE,https://alrimaya.com/image/catalog/product/1479/22-2282-(14)-1479-thumb.jpg
22-2283,TLR222283,BACK SUPPORT FLOOR CHAIR SMALL,https://alrimaya.com/image/catalog/product/1314/22-2283-1-1314-thumb.jpg
22-2284,392490909999,FOLDABLE CUTTING BOARD,https://alrimaya.com/image/catalog/product/2493/22-2284%20(1)-min-2493-thumb.jpg
22-2285,31122000002088,2 in 1 Cut & Wash Chopping Board With Drawer,https://alrimaya.com/image/catalog/product/1614/22-2285-(5)-1614-thumb.jpg
22-2286,31122000002089,Folding Strainer Square Shape,https://alrimaya.com/image/catalog/product/1615/22-2286-(5)-1615-thumb.jpg
22-2287,31122000002090,Folding Strainer round  Shape SMALL SIZE,https://alrimaya.com/image/catalog/product/1626/22-2287-(5)-1626-thumb.jpg
22-2288,31122000002091,FOLDING BOWL WITHOUT HOLE SMALL SIZE,https://alrimaya.com/image/catalog/product/1625/22-2288-(5)-1625-thumb.jpg
22-2289,790700600000,FOLDING STRAINER WITH HOLE,https://alrimaya.com/image/catalog/product/1624/22-2289-(2)-1624-thumb.jpg
22-2290,732310000004,BBQ HEAT RESISTANT GLOVES WHITE & BROWN,https://alrimaya.com/image/catalog/product/2886/22-2290%20(1)-min-2886-thumb-900x600-2886-thumb.jpg
22-2291,31122000002094,CAR SEAT ORGANIZER BLACK COLOR 22/2291,https://alrimaya.com/image/catalog/product/1694/22-2291-(2)-1694-thumb.jpg
22-2292,31122000002095,Oil Tray,https://alrimaya.com/image/catalog/product/1541/22-2292-(2)-1541-thumb.jpg
22-2293,31122000002096,Oil Tray,https://alrimaya.com/image/catalog/product/1538/22-2293-(3)-1538-thumb.jpg
22-2294,940179900000,DIRECTOR CHAIR BLUE,https://alrimaya.com/image/catalog/product/1649/22-2294-(5)-1649-thumb.jpg
22-2295,732391000000,FRY PAN WITH LEGS - 44CM,https://alrimaya.com/image/catalog/product/1714/22-2295-(7)-1714-thumb.jpg
22-2296,31122000002099,AL RIMAYA SPRAYER,https://alrimaya.com/image/catalog/product/2533/22-2296%20(2)-min-2533-thumb.jpg
22-2297,31122000002100,Camping chair with magazine bag (Size: 96x61x98cm),https://alrimaya.com/image/catalog/product/1627/22-2297-(4)-1627-thumb.jpg
22-2298,31122000002101,Camping chair with magazine bag,https://alrimaya.com/image/catalog/product/1612/22-2297-(4)-1612-thumb.jpg
22-2300,31122000002103,PEPSI & COFFEE HOLDER,https://alrimaya.com/image/catalog/product/1697/22-2300-(2)-1697-thumb.jpg
22-2301,31122000002104,DRYING NET SS GRILL 458X330X25MM,https://alrimaya.com/image/catalog/product/1722/22-2301-(5)-1722-thumb.jpg
22-2302,31122000002105,AL RIMAYA DRYING NET SS GRILL 43X32.5X40CM,https://alrimaya.com/image/catalog/product/1723/22-2302-(5)-1723-thumb.jpg
22-2303,31122000002106,Digital Luggage Scale 45 kg,https://alrimaya.com/image/catalog/product/1689/22-2303-(1)-1689-thumb.jpg
22-2304,31122000002107,MULTI-PURPOSE GARDEN SHOWER WITH TRIPOD,https://alrimaya.com/image/catalog/product/2562/22-2304%20(1)-min-2562-thumb.jpg
22-2305,31122000002108,CHARCOAL STARTER-SMALL,https://alrimaya.com/image/catalog/product/1810/22-2305-(6)-1810-thumb.jpg
22-2306,31122000002109,CHARCOAL STARTER -BIG,https://alrimaya.com/image/catalog/product/1811/22-2306-(6)-1811-thumb.jpg
22-2307,WYSN-0101M,BACK SUPPORT FLOOR CHAIR,https://alrimaya.com/image/catalog/product/1642/22-2307-(2)-1642-thumb.jpg
22-2308,WYSN-0105,BACK SUPPORT FLOOR CHAIR - TRED. RED,https://alrimaya.com/image/catalog/product/1648/22-2308-(2)-1648-thumb.jpg
22-2309,31122000002112,BACK SUPPORT FLOOR CHAIR,https://alrimaya.com/image/catalog/product/1650/22-2309-(2)-1650-thumb.jpg
22-2310,31122000002193,FOLDING TABLE (SIZE; 74x60x122cm),https://alrimaya.com/image/catalog/product/1613/22-2310-(11)-1613-thumb.jpg
22-2311,31122000002113,BBQ MOTOR BIG FOR (22-2005),https://i.ibb.co/1b7QDQb/22-2311.jpg
22-2312,940330100000,"FOLDING TABLE (90X60X70cm,4mm )",https://alrimaya.com/image/catalog/product/1652/22-2312-(10)-1652-thumb.jpg
22-2313,31122000002115,AL RIMAYA GLASS BAG,https://alrimaya.com/image/catalog/product/2031/22-2313-(1)-min-2031-thumb.jpg
22-2314,31122000002116,AL RIMAYA OIL BOTTLE 300ml,https://alrimaya.com/image/catalog/product/1688/22-2314-(2)-1688-thumb.jpg
22-2315,790700600000,Bag for Kovea (AL RIMAYA MADE),https://alrimaya.com/image/catalog/product/1660/22-2315-(2)-1660-thumb.jpg
22-2316,22-2316,LIGHT WEIGHT JACKET - M,https://alrimaya.com/image/cache/catalog/product/1687/22-2316%20(3)-min-1687-thumb-800x800.jpg
22-2317,22-2317,LIGHT WEIGHT JACKET - L,https://alrimaya.com/image/cache/catalog/product/1687/22-2316%20(3)-min-1687-thumb-800x800.jpg
22-2318,22-2318,LIGHT WEIGHT JACKET - XL,https://alrimaya.com/image/cache/catalog/product/1687/22-2316%20(3)-min-1687-thumb-800x800.jpg
22-2319,22-2319,LIGHT WEIGHT JACKET - XXL,https://alrimaya.com/image/cache/catalog/product/1687/22-2316%20(3)-min-1687-thumb-800x800.jpg
22-2320,22-2320,LIGHT WEIGHT JACKET - XXXL,https://alrimaya.com/image/cache/catalog/product/1687/22-2316%20(3)-min-1687-thumb-800x800.jpg
22-2321,420222000000,HIKING BAG -45L ,https://alrimaya.com/image/catalog/product/1734/22-2321-(2)-1734-thumb.jpg
22-2322,31122000002124,HIKING BAG -60L,https://alrimaya.com/image/catalog/product/1664/22-2322-(2)-1664-thumb.jpg
22-2323,31122000002125,Soft luggage,https://alrimaya.com/image/catalog/product/1735/22-2323-(2)-1735-thumb.jpg
22-2324,31122000002126,Laptop backpack,https://alrimaya.com/image/catalog/product/1665/22-2324-(3)-1665-thumb.jpg
22-2325,31122000002127,LIGHT WEIGHT JACKET - S,https://alrimaya.com/image/catalog/product/1687/22-2316%20(3)-min-1687-thumb.jpg
22-2326,31122000002128,LIGHTWEIGHT VEST,https://alrimaya.com/image/catalog/product/1686/22-2326-(2)-1686-thumb.jpg
22-2329,VKS-C2/K-012,CUP BAG OXFORD 600D KHAKI,https://alrimaya.com/image/catalog/product/1640/22-2329-(3)-1640-thumb.jpg
22-2330,VKS-K-013,TEA & COFFEE BAG/CANVAS - 47X38X13.5CM,https://alrimaya.com/image/catalog/product/1639/22-2330-(2)-1639-thumb.jpg
22-2331,VKS-RPG,AL RIMAYA PICNINIC BAG,https://alrimaya.com/image/catalog/product/1641/22-2331-(5)-1641-thumb.jpg
22-2332,750890200000,THERMOS DRINKING BOTTLE 600ML - BLACK,https://alrimaya.com/image/cache/catalog/product/1666/22-2332-(5)-1690-thumb-900x600-min-1666-thumb-800x800.jpg
22-2333,750890200000,THERMOS DRINKING BOTTLE 350ML - BLACK,https://alrimaya.com/image/cache/catalog/product/1666/22-2332-(5)-1690-thumb-900x600-min-1666-thumb-800x800.jpg
22-2334,750890200000,THERMOS DRINKING BOTTLE 600ML - SILVER,https://alrimaya.com/image/catalog/product/1666/22-2334-(3)-1666-thumb.jpg
22-2335,750890200000,THERMOS DRINKING BOTTLE 350ML - SILVER,https://alrimaya.com/image/catalog/product/1667/22-2335-(6)-1667-thumb.jpg
22-2336,22-2336,VERTICAL CHARCOAL SPIT ROASTER 138x51x90cm,https://alrimaya.com/image/catalog/product/2422/22-2336%20(2)-min-2422-thumb.jpg
22-2337,31122000002139,FIRE PROOF GUN SAFE,https://alrimaya.com/image/catalog/product/3522/22-2337-(11)-3522-thumb.jpg
22-2338,31122000002140,ALUMINUM PRESSURE COOKER 7L BROWN,https://alrimaya.com/image/cache/catalog/product/2261/22-2338%20(1)-min-2261-thumb-800x800.jpg
22-2339,31122000002141,ALUMINUM PRESSURE COOKER 9L BROWN,https://alrimaya.com/image/cache/catalog/product/2261/22-2338%20(1)-min-2261-thumb-800x800.jpg
22-2340,761510900006,ALUMINUM PRESSURE COOKER 11L BROWN,https://alrimaya.com/image/catalog/product/1823/22-2338-22-2339-22-2340-(1)-1823-thumb.jpg
22-2341,31122000002143,ALUMINUM PRESSURE COOKER 7L BLACK,https://alrimaya.com/image/catalog/product/1696/22-2341-(2)-1696-thumb.jpg
22-2342,31122000002144,ALUMINUM PRESSURE COOKER 9L BLACK,https://alrimaya.com/image/catalog/product/1821/22-2341-22-2342-22-2343-(2)-1821-thumb.jpg
22-2343,31122000002145,ALUMINUM PRESSURE COOKER 11L BLACK,https://alrimaya.com/image/catalog/product/1822/22-2343-1822-thumb.jpg
22-2344,31122000002146,Milk Dallah  1  L,https://alrimaya.com/image/catalog/product/1814/22-2344-22-2345-(3)-1814-thumb.jpg
22-2345,31122000002147, Milk Dallah  2  L,https://alrimaya.com/image/catalog/product/1815/22-2344-22-2345-(3)-1815-thumb.jpg
22-2346,31122000002148,GUN SAFE`,https://i.ibb.co/3CBKmWP/Whats-App-Image-2023-09-12-at-5-21-04-PM.jpg
22-2347,31122000002149,BOOSTER CABLE 35MM,https://alrimaya.com/image/catalog/product/1695/22-2347-(5)-1695-thumb.jpg
22-2348,790700600000,STAINLESS STEEL DATE KEEPER SMALL,https://alrimaya.com/image/catalog/product/1673/22-2348-(6)-1673-thumb.jpg
22-2349,790700600000,STAINLESS STEEL DATES KEEPER MEDIUM,https://alrimaya.com/image/catalog/product/1674/22-2349-(7)-1674-thumb.jpg
22-2350,STEEL PLATE,STEEL PLATE 40CM,https://alrimaya.com/image/catalog/product/1670/22-2350-(3)-1670-thumb.jpg
22-2351,STEEL PLATE,STEEL PLATE 50CM,https://alrimaya.com/image/catalog/product/1671/22-2351-(3)-1671-thumb.jpg
22-2352,STEEL PLATE,STEEL PLATE 60CM,https://alrimaya.com/image/catalog/product/1672/22-2352-(5)-1672-thumb.jpg
22-2353,940179900000,DIRECTOR FOLDING CHAIR WITH SIDE TABLE,https://alrimaya.com/image/catalog/product/1721/22-2353-(2)-1721-thumb.jpg
22-2354,31122000002156,FoldingChair WithCool Bag& PepsiHolder &Carry Bag,https://alrimaya.com/image/catalog/product/1732/22-2354-(2)-1732-thumb.jpg
22-2355,940179900000,FOLDING JUNIOR CHAIR WITH CARRY BAG,https://alrimaya.com/image/catalog/product/1733/22-2355-(2)-1733-thumb.jpg
22-2356,31122000002158,FRY PAN 20CM,https://alrimaya.com/image/catalog/product/1530/22-2356-22-2357-22-2358---(5)-1530-thumb.jpg
22-2357,31122000002159,FRY PAN 24CM,https://alrimaya.com/image/catalog/product/1531/22-2356-22-2357-22-2358---(5)-1531-thumb.jpg
22-2358,31122000002160,FRY PAN 28CM,https://alrimaya.com/image/catalog/product/1532/22-2356-22-2357-22-2358---(5)-1532-thumb.jpg
22-2360,STFWK-01-R8,STEELIE FREEMOUNT WINDSHIELD KIT,https://alrimaya.com/image/catalog/product/2200/22-2360-(2)-min-2200-thumb.jpg
22-2361,FLO2-11-R7,FLIPOUT HANDLE + STAND,https://alrimaya.com/image/catalog/product/1654/22-2361-(2)-1654-thumb.jpg
22-2362,KBS-01-R7,HIDEOUT MAGNETIC KEY BOX-S,https://alrimaya.com/image/catalog/product/1657/22-2362-(1)-1657-thumb.jpg
22-2363,CJD18-09-R3,"Dual CamJam w/18"" Strap",https://alrimaya.com/image/catalog/product/1656/22-2363-(3)-1656-thumb.jpg
22-2364,KBB9-01-R3,KNOTBONE BUNGEE #9,https://alrimaya.com/image/catalog/product/2203/22-2364-(5)-min-2203-thumb.jpg
22-2366,31122000002168,OUD BURNER STAND,https://alrimaya.com/image/catalog/product/2534/22-2366%20(2)-min-2534-thumb.jpg
22-2367,732394000000,COFFEE DALLAH SILVER LID 1000ml,https://alrimaya.com/image/catalog/product/1754/22-2367-22-2368-22-2369-(4)-1754-thumb.jpg
22-2368,732394000000,COFFEE DALLAH SILVER LID 1200ml,https://alrimaya.com/image/catalog/product/1755/22-2367-22-2368-22-2369-(4)-1755-thumb.jpg
22-2369,732394000000,COFFEE DALLAH SILVER LID 1400ml,https://alrimaya.com/image/catalog/product/1756/22-2367-22-2368-22-2369-(4)-1756-thumb.jpg
22-2370,732394000000,COFFEE DALLAH GOLDEN LID 1000ml,https://alrimaya.com/image/catalog/product/1757/22-2370-22-2371-22-2372-(4)-1757-thumb.jpg
22-2371,732394000000,COFFEE DALLAH GOLDEN LID 1200ml,https://alrimaya.com/image/catalog/product/1758/22-2370-22-2371-22-2372-(4)-1758-thumb.jpg
22-2372,732394000000,COFFEE DALLAH GOLDEN LID 1400ml,https://alrimaya.com/image/catalog/product/1759/22-2370-22-2371-22-2372-(4)-1759-thumb.jpg
22-2373,31122000002175,BOWLING BALLS 6 PCS SET WITH BAG,https://alrimaya.com/image/catalog/product/1533/22-2373-(4)-1533-thumb.jpg
22-2374,31122000002176,BOULES 4 PCS SET WITH BAG  22/2373,https://alrimaya.com/image/catalog/product/1534/22-2374-(3)-1534-thumb.jpg
22-2378,940320909999,FOLDING TABLE 107x67x68 CM,https://alrimaya.com/image/catalog/product/1813/22-2378-(18)-1813-thumb.jpg
22-2379,31122000002181,MANDI MAKER MEDIUM,https://alrimaya.com/image/catalog/product/1552/22-2379-(3)-1552-thumb.jpg
22-2380,31122000002182,MANDI MAKER LARGE,https://alrimaya.com/image/catalog/product/1553/22-2380-(2)-1553-thumb.jpg
22-2381,31122000002183,AL RIMAYA BBQ NET ABS HANDLE,https://alrimaya.com/image/catalog/product/1712/22-2381-(4)-1712-thumb.jpg
22-2382,31122000002184,AL RIMAYA BBQ NET ABS HANDL,https://alrimaya.com/image/catalog/product/1711/22-2382-(6)-1711-thumb.jpg
22-2385,31122000002187,OUTDOOR STOOL,https://i.ibb.co/YdgRDfv/22-2385-7.jpg
22-2386,31122000002188,GAS CYLINDER 10L,https://alrimaya.com/image/catalog/product/1633/22-2386-(2)-1633-thumb.jpg
22-2387,WYSN-0302,BACK SUPPORT FLOOR CHAIR WITH ARMREST,https://alrimaya.com/image/catalog/product/1746/22-2387-(3)-1746-thumb.jpg
22-2388,31122000002190,ALU. STORAGE CASE - 64X35.5X27.3CM - 50L - M,https://alrimaya.com/image/catalog/product/1630/22-2388-(2)-1630-thumb.jpg
22-2389,31122000002191,ALU. STORAGE CASE -78X42X33.3CM - 95L - L,https://alrimaya.com/image/catalog/product/1629/22-2389-(2)-1629-thumb.jpg
22-2390,31122000002192,ALU. STORAGE CASE - 89X48.4X38.3CM - 145L - XL,https://alrimaya.com/image/catalog/product/1628/22-2390-(3)-1628-thumb.jpg
22-2391,31122000002194,FLOOR CHAIR WITH PRAYER MATE,https://alrimaya.com/image/catalog/product/2263/22-2341 (4)-min-2263-thumb.jpg
22-2392,,FIREWOOD 33CM 5KG,https://alrimaya.com/image/catalog/product/1708/unnamed%20(2)-1708-thumb.jpg
22-2393,440112000002,FIREWOOD 33CM 10KG,https://alrimaya.com/image/catalog/product/1653/22-2393-(4)-1653-thumb.jpg
22-2394,31122000002197,Stainless Steel Kettle,https://alrimaya.com/image/catalog/product/1829/22-2394-22-2395-22-2396-(2)-1829-thumb.jpg
22-2395,31122000002198,Stainless Steel Kettle,https://i.ibb.co/7nt8Fdp/22-2394-22-2395-22-2396-2.jpg
22-2396,31122000002208,Stainless Steel Kettle,https://alrimaya.com/image/catalog/product/1833/22-2394-22-2395-22-2396-(2)-1833-thumb.jpg
22-2397,31122000002199,Stainless Steel Kettle - Dot Design,https://i.ibb.co/609WCKg/22-2397-22-2398-22-2399-2.jpg
22-2398,31122000002218,Stainless Steel Kettle - Dot Design,https://i.ibb.co/WGgm2LZ/22-2397-22-2398-22-2399-2-Large.jpg
22-2399,31122000002200,Stainless Steel Kettle - Dot Design,https://alrimaya.com/image/catalog/product/1834/22-2397-22-2398-22-2399-(2)-1834-thumb.jpg
22-240,31122000000087,CAMPING SET,https://alrimaya.com/image/catalog/SKU%20:%2022/22-240-(3)-(1).jpg
22-2400,DRA-222400,JUMBO KETTLE 1 L ,https://alrimaya.com/image/catalog/product/1727/22-2400-22-2401-22-2402-22-2403-22-2404-(12)-1727-thumb.jpg
22-2401,DRA-222401,JUMBO KETTLE 1.5 L ,https://alrimaya.com/image/cache/catalog/product/1727/22-2400-22-2401-22-2402-22-2403-22-2404-(12)-1727-thumb-800x800.jpg
22-2402,DRA-222402,JUMBO KETTLE 2 L ,https://alrimaya.com/image/cache/catalog/product/1727/22-2400-22-2401-22-2402-22-2403-22-2404-(12)-1727-thumb-800x800.jpg
22-2403,DRA-222403,JUMBO KETTLE 2.5 L ,https://alrimaya.com/image/cache/catalog/product/1727/22-2400-22-2401-22-2402-22-2403-22-2404-(12)-1727-thumb-800x800.jpg
22-2404,DRA-222404,JUMBO KETTLE 3.5 L ,https://alrimaya.com/image/cache/catalog/product/1727/22-2400-22-2401-22-2402-22-2403-22-2404-(12)-1727-thumb-800x800.jpg
22-2405,31122000002206,HAMAD TAKAYA,https://alrimaya.com/image/cache/catalog/product/2016/22-2405-(1)-2016-thumb-800x800.jpg
22-2406,31122000002207,HAMAD TAKAYA,https://alrimaya.com/image/catalog/product/3734/22-2406-(2)-3734-thumb.jpg
22-2407,31122000002209,HAMAD TAKAYA,https://alrimaya.com/image/catalog/product/3741/22-2407-(2)-min-3741-thumb.jpg
22-2408,31122000002210,HAMAD TAKAYA,https://alrimaya.com/image/catalog/product/4545/22-2408-(1)-4545-thumb.jpg
22-2413,31122000002215,HAMAD TAKAYA,https://i.ibb.co/wMmMn2z/22-2413-1-Large.jpg
22-2416,31122000002219,BBQ CLIP GOLDEN COLOR 40CM,https://alrimaya.com/image/catalog/product/2494/22-2416%20(2)-min-2494-thumb.jpg
22-2417,31122000002220,2 IN 1 GAS HOSE WITH BAG,https://alrimaya.com/image/catalog/product/1879/22-2417-(1)-min-1879-thumb.jpg
22-2418,940171900000,DIRECTOR CHAIR (58x52x78cm),https://alrimaya.com/image/catalog/product/2069/22-2418-(2)-min-2069-thumb.jpg
22-2419,31122000002222,MABKHARA 12V,https://alrimaya.com/image/catalog/product/1661/22-2419-(2)-1661-thumb.jpg
22-2420,TLR222420,BACK SUPPORT FLOOR CHAIR BIG,https://alrimaya.com/image/catalog/product/1663/Floor-Chair5-1663-thumb.jpg
22-2421,VKS-K-014-1,CAMPING BAG-CANVAS-BROWN-2F,https://alrimaya.com/image/catalog/product/1749/22-2421-(2)-1749-thumb.jpg
22-2422,VKS-K-016,CAMPING BAG-CANVAS-BROWN,https://alrimaya.com/image/catalog/product/1750/22-2422-(2)-1750-thumb.jpg
22-2423,31122000002233,RICE STEEL PLATE,https://alrimaya.com/image/catalog/product/1745/22-2423-(3)-1745-thumb.jpg
22-2424,31122000002234,Plate melamine small,https://i.ibb.co/sb7CxhJ/22-2424-1-Large.jpg
22-2425,31122000002235,Plate milamine large,https://i.ibb.co/sb7CxhJ/22-2424-1-Large.jpg
22-2426,392690390004,CAR AIR BED,https://alrimaya.com/image/catalog/product/1878/22-2426-min-1878-thumb.jpeg
22-2428,31122000002224,دلة الجبر بغدادى راس ذهبي صغير - 22/2428,https://i.ibb.co/55NxbX3/22-2430-22-2428-22-2429-7-Large.jpg
22-2429,31122000002225,دلة الجبر بغدادى راس ذهبي وسط - 22/2429,https://i.ibb.co/55NxbX3/22-2430-22-2428-22-2429-7-Large.jpg
22-2430,31122000002226,دلة الجبر بغدادى راس ذهبي كبير - 22/2430,https://i.ibb.co/55NxbX3/22-2430-22-2428-22-2429-7-Large.jpg
22-2435,732394000000,Ghadar Kettle 1.1L RED COLOR,https://alrimaya.com/image/catalog/product/1777/22-2435-22-2438-22-2441-(2)-1777-thumb.jpg
22-2436,732394000000,Ghadar Kettle 1.1L GREEN COLOR,https://alrimaya.com/image/catalog/product/1778/22-2436-22-2439-22-2442-(2)-1778-thumb.jpg
22-2437,732394000000,Ghadar Kettle 1.1L BLUE COLOR,https://alrimaya.com/image/catalog/product/1779/22-2437-22-2440-22-2443-(2)-1779-thumb.jpg
22-2438,732394000000,Ghadar Kettle 1.7L RED COLOR,https://alrimaya.com/image/cache/catalog/product/1777/22-2435-22-2438-22-2441-(2)-1777-thumb-800x800.jpg
22-2439,732394000000,Ghadar Kettle 1.7L GREEN COLOR,https://alrimaya.com/image/cache/catalog/product/1778/22-2436-22-2439-22-2442-(2)-1778-thumb-800x800.jpg
22-2440,732394000000,Ghadar Kettle 1.7L BLUE COLOR,https://alrimaya.com/image/cache/catalog/product/1779/22-2437-22-2440-22-2443-(2)-1779-thumb-800x800.jpg
22-2441,732394000000,Ghadar Kettle 2.5L RED COLOR,https://alrimaya.com/image/cache/catalog/product/1777/22-2435-22-2438-22-2441-(2)-1777-thumb-800x800.jpg
22-2442,732394000000,Ghadar Kettle 2.5L GREEN COLOR,https://alrimaya.com/image/cache/catalog/product/1778/22-2436-22-2439-22-2442-(2)-1778-thumb-800x800.jpg
22-2443,732394000000,Ghadar Kettle 2.5L BLUE COLOR,https://alrimaya.com/image/cache/catalog/product/1779/22-2437-22-2440-22-2443-(2)-1779-thumb-800x800.jpg
22-2444,732394000000,Ghadar Milk Dallah BLUE COLOR 1350 ml,https://alrimaya.com/image/catalog/product/1786/22-2444-22-2446-(2)-1786-thumb.jpg
22-2445,732394000000, Ghadar Milk Dallah RED COLOR    1350 ml,https://alrimaya.com/image/catalog/product/1787/22-2445-22-2447-(1)-1787-thumb.jpg
22-2446,732394000000, Ghadar Milk Dallah BLUE COLOR  1.6 L,https://alrimaya.com/image/catalog/product/1789/22-2444-22-2446-(2)-1789-thumb.jpg
22-2447,732394000000,Ghadar Milk Dallah RED COLOR  1.6 L,https://alrimaya.com/image/catalog/product/1790/22-2445-22-2447-(1)-1790-thumb.jpg
22-2448,31122000002251,PAN CAKE MAKER,https://alrimaya.com/image/catalog/product/1836/22-2448-(4)-min-1836-thumb.jpg
22-2449,31122000002252,RICE STEEL PLATE 44.5CM,https://alrimaya.com/image/catalog/product/1843/22-2449-(2)-1843-thumb.jpg
22-2450,31122000002253,RICE STEEL PLATE 49CM,https://alrimaya.com/image/catalog/product/1844/22-2450-(2)-1844-thumb.jpg
22-2452,31122000002255,CERAMIC GAWA CUP 6-PCS BOX PACK,https://alrimaya.com/image/catalog/product/1849/22-2452%20(4)-min-1849-thumb.jpg
22-2453,31122000002256,GAWA CUP 6-PCS BOX PACK,https://alrimaya.com/image/catalog/product/1848/22-2453-(2)-min-1848-thumb.jpg
22-2454,31122000002257,FIRE BOX BIG,https://alrimaya.com/image/catalog/product/1827/22-2454-(3)-min-1827-thumb.jpg
22-2455,31122000002258,AL RIMAYA FIRE BOX SMALL,https://alrimaya.com/image/catalog/product/1828/22-2455-1828-thumb.jpg
22-2456,22-2456,FIRE BOX OVEN فرن حطب,https://alrimaya.com/image/catalog/product/1863/22-2456-6-1863-thumb-610x455-1863-thumb.jpg
22-2457,DZ-00112,CAMPING BURNER - ORANGE - DZ-00112,https://alrimaya.com/image/catalog/product/3024/22-2457%20(2)-min-3024-thumb.jpg
22-2458,732119000000,IGNITER,https://alrimaya.com/image/catalog/product/1816/22-2458-(2)-1816-thumb.jpg
22-2459,31122000002262,DISH DRAINER GREEN & GRAY,https://alrimaya.com/image/catalog/product/1791/22-2459-(11)-1791-thumb.jpg
22-2460,22-2460,DISH DRAINER BEIGE & DARK BROWN,https://alrimaya.com/image/catalog/product/1792/22-2460-(6)-1792-thumb.jpg
22-2461,841850000002, AL RIMAYA FRIDGE 15L,https://alrimaya.com/image/catalog/product/1905/22-2461-3-1905-thumb.jpg
22-2462,,45L FRIDGE STAINLESS STEEL RECHARGEABLE,https://alrimaya.com/image/catalog/product/1906/22-2462_3_4_5-1906-thumb.jpg
22-2463,,60L FRIDGE STAINLESS STEEL RECHARGEABLE,https://alrimaya.com/image/catalog/product/1907/22-2462_3_4_5-1907-thumb.jpg
22-2464,22-2464,45 LITER FRIDGE COLD ROLLED SHEETثلاجة 45 لتر ,https://alrimaya.com/image/catalog/product/1904/22-2462_3_4_5-1904-thumb.jpg
22-2465,22-2465,60 LITER FRIDGE COLD ROLLED SHEETثلاجة 60 لتر ,https://alrimaya.com/image/catalog/product/1903/22-2462_3_4_5-1903-thumb.jpg
22-2466,820590200000,VEGETABLE CUTTER 5 IN 1,https://alrimaya.com/image/catalog/product/3139/22-2466-(1)-min-3139-thumb.jpg
22-2467,820590200000,6 IN 1 MULTI BOTTLE OPENER,https://alrimaya.com/image/catalog/product/3140/22-2467-(1)-min-3140-thumb.jpg
22-2468,31122000002271,Butterfly Chair,https://alrimaya.com/image/catalog/product/2058/22-2468-(1)-min-2058-thumb.jpg
22-2469,31122000002272,DIRECTOR CHAIR 51x59x48/88 cm (green),https://alrimaya.com/image/catalog/product/1891/22-2469-(1)-min-1891-thumb.jpg
22-2470,22-2470,TEA GLASS 6PCS,https://alrimaya.com/image/catalog/product/1846/22-2470-1846-thumb.jpg
22-2471,830300000001,GUN SAFE FOR 16 GUNS,https://alrimaya.com/image/cache/catalog/product/3576/22-2471-3576-thumb-800x800.jpg
22-2472,31122000002275,AL RIMAYA FRY PAN WITH LEG 35CM,https://alrimaya.com/image/catalog/product/1774/22-2472-(2)-1774-thumb.jpg
22-2473,31122000002276,AL RIMAYA BBQ PAN WITH LEG 45CM,https://alrimaya.com/image/catalog/product/1775/22-2473-(2)-1775-thumb.jpg
22-2474,31122000002277,FRY PAN WITH LEG 55CM,https://alrimaya.com/image/catalog/product/1776/22-2474-(1)-1776-thumb.jpg
22-2475,,SNAKE TONGS,https://alrimaya.com/image/catalog/product/2073/22-2475-(1)-min-2073-thumb.jpg
22-2476,940179900000,DIRECTOR CHAIR GREEN/GREY,https://alrimaya.com/image/catalog/product/1841/22-2476-(4)-min-1841-thumb.jpg
22-2479,22-2479,CAKE TRAYصحن تقديم معجنات,https://alrimaya.com/image/catalog/product/1925/22-2479-(1)-min-1925-thumb.jpg
22-2480,31122000002283,PREMIUM CAMPING CHAIR,https://alrimaya.com/image/catalog/product/1842/22-2480-(4)-1842-thumb.jpg
22-2481,732510900000,OUTDOOR WATER TANK WITH TAP 12L,https://alrimaya.com/image/catalog/product/1888/22-2481-(1)-min-1888-thumb.jpg
22-2482,732510900000,OUTDOOR WATER  TANK WITH TAP 20L,https://alrimaya.com/image/catalog/product/1889/22-2482-(1)-min-1889-thumb.jpg
22-2483,22-2483,AL RIMAYA POCKET SPRAYER,https://alrimaya.com/image/catalog/product/2535/22-2483%20(3)-min-2535-thumb.jpg
22-2484,22-2484,HANDY TRAVEL SHATTAF 600ML,https://alrimaya.com/image/catalog/product/1945/22-2484-(2)-min-1945-thumb.jpg
22-2485,940320909999,ALUMINIUM FOLDING TABLE,https://alrimaya.com/image/catalog/product/2257/22-2485-5-min-2257-thumb.jpg
22-2486,940320909999,FOLDING TABLE 50 X 30 X 20 CM,https://alrimaya.com/image/cache/catalog/product/1890/22-2486-(4)-1890-thumb-800x800.jpg
22-2487,RH8M,AIR COMPRESSOR RUBBER HOSE 8M,https://alrimaya.com/image/catalog/product/1872/22-2487-1872-thumb.jpg
22-2488,31122000002291,AIR HOSEلي هواء 22/2488,https://i.ibb.co/St3MHyk/Whats-App-Image-2023-02-19-at-6-15-40-PM.jpg
22-2489,820590200000,VEGETABLE SLICER BLUE,https://alrimaya.com/image/catalog/product/1865/22-2489-1865-thumb.jpg
22-2490,31122000002293,AL RIMAYA ASHTRAY,https://alrimaya.com/image/catalog/product/1835/22-2490-(2)-1835-thumb.jpg
22-2491,731021900000,20 LITER JERRICAN WITH SPOUT,https://alrimaya.com/image/catalog/product/1793/22-2491-(2)-1793-thumb.jpg
22-2493,31122000002296,تكاية جيب ربع بيج,https://alrimaya.com/image/catalog/product/3742/22-2493-(3)-min-3742-thumb.jpg
22-2494,31122000002297,تكاية شاص,https://alrimaya.com/image/catalog/product/3816/22-2494-(1)-3816-thumb.jpg
22-2495,31122000002298,WATER TAP ,https://alrimaya.com/image/catalog/product/2495/22-2495%20(2)-min-2495-thumb.jpg
22-2496,22-2496,COFFEE ROASTER WITH BAG - SMALL,https://alrimaya.com/image/catalog/product/1871/22-2496-4-1871-thumb.jpg
22-2497,KC3942,KINGCAMP COOKING FOLDING TABLE,https://alrimaya.com/image/catalog/product/2055/22-2497-1-min-2055-thumb.jpg
22-2498,22-2498,KING CAMP FOLDABLE CHAIR,https://alrimaya.com/image/catalog/product/1958/010101-1958-thumb.jpg
22-2499,22-2499,FOLDING CHAIR 63x50x83cm ,https://alrimaya.com/image/catalog/product/2074/22-2499-(1)-min-2074-thumb.jpg
22-2500,31122000002303,BARBECUE WITH GRILL الشواية الصحية 22/2500,https://alrimaya.com/image/catalog/product/1751/22-2500-(2)-1751-thumb.jpg
22-2501,732119000000,PORTABLE GRILL SET WITH BAG,https://alrimaya.com/image/catalog/product/1824/Untitled-1-min-1824-thumb.jpg
22-2502,31122000002305,BBQ STAND شواية 22/2502,https://alrimaya.com/image/catalog/product/1900/22-2502-1-1900-thumb.jpg
22-2503,31122000002306,AL RIMAYA FIREWOOD LOG,https://alrimaya.com/image/catalog/product/1701/22-2503-(2)-1701-thumb.jpg
22-2504,31122000002307,شنطة  شاي و قهوة فاخرة,https://alrimaya.com/image/catalog/product/1702/22-2504-(2)-1702-thumb.jpg
22-2505,31122000002339,BACK SUPPORT FLOOR CHAIR - 115x49x12cm,https://alrimaya.com/image/cache/catalog/product/1840/22-2505-(4)-min-1840-thumb-800x800.jpg
22-2506,WYSN-0119,BACK SUPPORT FLOOR CHAIR,https://alrimaya.com/image/catalog/product/1839/22-2506-(3)-min-1839-thumb.jpg
22-2507,WYSN-0303,BACK SUPPORT FLOOR CHAIR - RED & GREEN,https://alrimaya.com/image/catalog/product/2776/22-2721%20(2)-min-2776-thumb.jpg
22-2508,WYSN-SAC-0015,THE CAMPING TENT Size: 200 x 140 x 100cm 'خيمة 2×1,https://alrimaya.com/image/catalog/product/3108/22-2508-(2)-min-3108-thumb.jpg
22-2509,22-2509,DRYING NET (Stainless Steel Topper - SS)مركاب – مص,https://alrimaya.com/image/catalog/product/2068/22-2509%20(1)-min-2068-thumb.jpg
22-2510,732119000000,BARBECUE WITH LEGS & BLOWER,https://alrimaya.com/image/catalog/product/1825/22-2510-1825-thumb.jpg
22-2511,732119000000,ROUND BBQ GRILL IRON- D56x43CM,https://alrimaya.com/image/catalog/product/1773/22-2511-(2)-1773-thumb.jpg
22-2512,31122000002321,FOLDING DUFFLE BAG BLUE COLOR,https://alrimaya.com/image/cache/catalog/product/2536/22-2512%20(2)-min-2536-thumb-800x800.jpg
22-2513,31122000002322,FOLDING DUFFLE BAG GRAY COLOR,https://alrimaya.com/image/cache/catalog/product/2536/22-2513%20(2)-min-2536-thumb-800x800.jpg
22-2514,31122000002323,FOLDING DUFFLE BAG GREEN COLOR,https://alrimaya.com/image/cache/catalog/product/2536/22-2514%20(2)-min-2536-thumb-800x800.jpg
22-2515,31122000002347,STAINLESS STEEL PLATE WITH LEG,https://alrimaya.com/image/catalog/product/1826/22-2515-(5)-1826-thumb.jpg
22-2516,790700600000,STAINLESS STEEL PLATE 3pcs Set,https://alrimaya.com/image/catalog/product/1850/22-2516--1850-thumb.jpg
22-2517,31122000002346,STAINLESS STEEL PLATE 4pcs Set,https://alrimaya.com/image/catalog/product/1837/22-2517-(3)-1837-thumb.jpg
22-2518,DRA-222518,STAINLESS STEEL DATE CONTAINER (S),https://alrimaya.com/image/catalog/product/1917/22-2518_19_20-1917-thumb.jpg
22-2519,DRA-222519,STAINLESS STEEL DATE CONTAINER (M)  ,https://alrimaya.com/image/catalog/product/1918/22-2518_19_20-1918-thumb.jpg
22-2520,DRA-222520,STAINLESS STEEL DATE CONTAINER (L)  ,https://alrimaya.com/image/catalog/product/1919/22-2518_19_20-1919-thumb.jpg
22-2521,22-2521, Milk Dallah    1.1 L,https://alrimaya.com/image/catalog/product/1868/22-2523_2_1-1868-thumb.jpg
22-2522,22-2522, Milk Dallah  1.5 L,https://alrimaya.com/image/catalog/product/1920/22-2523_2_1-1920-thumb.jpg
22-2523,22-2523, Milk Dallah  2  L,https://alrimaya.com/image/catalog/product/1921/22-2523_2_1-1921-thumb.jpg
22-2524,DRA-222524,STAINLESS STEEL JAR 400ML,https://alrimaya.com/image/catalog/product/1912/22-2528_7_6_5_4-1912-thumb.jpg
22-2525,DRA-222525,STAINLESS STEEL JAR 500ml,https://alrimaya.com/image/catalog/product/1914/22-2528_7_6_5_4-1914-thumb.jpg
22-2526,DRA-222526,STAINLESS STEEL JAR 700ml,https://alrimaya.com/image/catalog/product/1913/22-2528_7_6_5_4-1913-thumb.jpg
22-2527,DRA-222527,STAINLESS STEEL JAR 1000ml,https://alrimaya.com/image/catalog/product/1911/22-2528_7_6_5_4-1911-thumb.jpg
22-2528,DRA-222528,STAINLESS STEEL JAR 1500ml,https://alrimaya.com/image/catalog/product/1910/22-2528_7_6_5_4-1910-thumb.jpg
22-2529,DRA-222529,STAINLESS STEEL CONTAINER 1000ml,https://alrimaya.com/image/catalog/product/1915/22-2529-1915-thumb.jpg
22-2530,DRA-222530,STAINLESS STEEL CONTAINER 500ml,https://alrimaya.com/image/catalog/product/1866/22-2530-(3)-min-1866-thumb.jpg
22-2531,22-2531,Electric Inverter 2200W محول كهرباء 2200 واط,https://alrimaya.com/image/catalog/product/1869/22-2531-2-1869-thumb.jpg
22-2532,31122000002308,دلة الجبر بغدادى منقوش صغير 22/2532,https://alrimaya.com/image/catalog/product/1737/22-2532-22-2533-22-2534-(2)-1737-thumb.jpg
22-2533,31122000002309,دلة الجبر بغدادى منقوش وسط 22/2533,https://alrimaya.com/image/catalog/product/1738/22-2532-22-2533-22-2534-(2)-1738-thumb.jpg
22-2534,31122000002310,دلة الجبر بغدادى منقوش كبير 22/2534,https://alrimaya.com/image/catalog/product/1739/22-2532-22-2533-22-2534-(2)-1739-thumb.jpg
22-2538,31122000002314,عزبة بر كبير فاخرة,https://alrimaya.com/image/catalog/product/1716/22-2538-(16)-1716-thumb.jpg
22-2539,22-2539,Container Set 3 pcs طقم حافظات 3 حبات ,https://alrimaya.com/image/catalog/product/2774/22-2539-min-2774-thumb.jpg
22-2540,841391000000,AUTO WATER PUMP,https://alrimaya.com/image/catalog/product/2244/22-2540%20(1)-2244-thumb.jpg
22-2541,22-2541,AL RIMAYA HIKING POT 3PCS SET,https://alrimaya.com/image/catalog/product/1922/22-2541-1922-thumb.jpg
22-2542,22-2542,12V Car Vacuum Cleaner مكنسة كهربائية  للسيارة 12 ,https://alrimaya.com/image/catalog/product/1870/22-2542-1870-thumb.jpg
22-2543,420212109999,APRON - PU LEATHER,https://i.ibb.co/DwbKjp9/Whats-App-Image-2023-02-19-at-6-19-58-PM.jpg
22-2544,22-2544,STAINLESS STEEL TEA POT 1.1 L    ,https://alrimaya.com/image/catalog/product/1909/22-2544_5-1909-thumb.jpg
22-2545,22-2545,STAINLESS STEEL TEA POT  1.8  L    ,https://alrimaya.com/image/cache/catalog/product/1909/22-2544_5-1909-thumb-800x800.jpg
22-2546,31122000002348,STEEL PLATE WITH LID,https://alrimaya.com/image/catalog/product/1847/22-2546-(2)-min-1847-thumb.jpg
22-2547,750890200000,STAINLESS STEEL BOTTLE 500ML,https://alrimaya.com/image/catalog/product/2075/22-2548-(1)-min-2075-thumb.jpg
22-2548,750890200000,STAINLESS STEEL BOTTLE 700ML,https://alrimaya.com/image/cache/catalog/product/2075/22-2548-(1)-min-2075-thumb-800x800.jpg
22-2549,31122000002315,Mainboard for ECHOBOX310,https://i.ibb.co/ykkGQdh/22-2549.jpg
22-2550,31122000002316,روش الشطاف المحمول,https://alrimaya.com/image/catalog/product/1875/22-2550-(4)-1875-thumb.jpg
22-2551,31122000002317,BACK SUPPORT FLOOR CHAIR,https://alrimaya.com/image/catalog/product/1747/22-2551-(2)-1747-thumb.jpg
22-2552,31122000002318,مسند ظهر مطور مع تكاية 75سم 22/2552,https://alrimaya.com/image/catalog/product/1748/22-2552-(2)-1748-thumb.jpg
22-2554,31122000002350,VINTAGE CONTAINER 1500ml,https://alrimaya.com/image/catalog/product/1877/IMG-20190410-WA0014-1877-thumb.jpg
22-2555,31122000002351,VINTAGE CONTAINER 750ml,https://alrimaya.com/image/catalog/product/1876/IMG-20190410-WA0016-1876-thumb.jpg
22-2557,732611000001,MANUAL COFFEE GRINDER COPPER COLOR,https://alrimaya.com/image/catalog/product/1845/22-2557-(2)-1845-thumb.jpg
22-2558,31122000002325,شعال نجد كبير 22/2558,https://alrimaya.com/image/catalog/product/1807/22-2558-(3)-min-1807-thumb.jpg
22-2559,31122000002326,شعال نجد صغير 22/2559,https://alrimaya.com/image/catalog/product/1808/22-2559-(3)-min-1808-thumb.jpg
22-2569,31122000002336,تكاية فتك رصاصى مع برتقالى 22/2569,https://alrimaya.com/image/catalog/product/2012/22-2569-(1)-min-2012-thumb.jpg
22-2572,WYSN-0303,BACK SUPPORT FLOOR CHAIR - Beige & White ,https://alrimaya.com/image/catalog/product/2077/22-2572-(3)-min-2077-thumb.jpg
22-2573,31122000002349,LOCK,https://alrimaya.com/image/catalog/product/1893/timthumb%20(3)-1893-thumb.jpg
22-2574,22-2574,AL RIMAYA DRAINAGE BASKET,https://alrimaya.com/image/catalog/product/2120/22-2574-(1)-min-2120-thumb.jpg
22-2575,22-2575,Pressure Cooker - (5 Liter)قدر ضغط - 5 لتر ,https://alrimaya.com/image/catalog/product/2067/22-2575-(7)-min-2067-thumb.jpg
22-2576,761510900006,ALUMINUM PRESSURE COOKER 5L BROWN,https://i.ibb.co/RPVVF0s/22-2576-1-Large.jpg
22-2577,22-2577,ALUMINUM PRESSURE COOKER 15L BROWN,https://i.ibb.co/MRb1Vdn/22-2577-1-Large.jpg
22-2578,22-2578,ALUMINUM PRESSURE COOKER 5L BLACK,https://alrimaya.com/image/catalog/product/2121/22-2578-(1)-min-2121-thumb.jpg
22-2579,22-2579,ALUMINUM PRESSURE COOKER 15L BLACK,https://alrimaya.com/image/catalog/product/2066/22-2579-(1)-min-2066-thumb.jpg
22-2580,22-2580,قدر ضغط ستيل  7 لتر,https://alrimaya.com/image/catalog/product/2065/22-2580-(1)-min-2065-thumb.jpg
22-2581,22-2581,Stainless Steel Pressure Cooker=9Lقدر ضغط ستيل 9 ل,https://alrimaya.com/image/catalog/product/2269/22-2581-(1)-min-2269-thumb.jpg
22-2582,31122000002353,TEA & GAHWA BAG SET/BROWN/BEIGE,https://alrimaya.com/image/catalog/product/2118/22-2582-2118-thumb.jpg
22-2583,22-2583,Round Storage Container 3 in 1 حافظة  3 في 1 ,https://alrimaya.com/image/catalog/product/1948/22-2583-(1)-min-1948-thumb.jpg
22-2584,22-2584,AL RIMAYA STORAGE 4IN1,https://alrimaya.com/image/catalog/product/1946/22-2584-(1)-min-1946-thumb.jpg
22-2585,22-2585,Stainless Steel Strainer مصفاة ستانلس ستيل,https://alrimaya.com/image/catalog/product/2467/22-2585%20(1)-min-2467-thumb.jpg
22-2586,L6,STORAGE CANISTER 6 in 1,https://alrimaya.com/image/catalog/product/1947/22-2586-(2)-min-1947-thumb.jpg
22-2587,392490909999,CUTTING BOARD WITH KNIFE,https://alrimaya.com/image/catalog/product/2011/22-2587%20(1)-min-2011-thumb.jpg
22-2588,22-2588,WIND SCREEN 35 X 35 CM WITH BAG,https://alrimaya.com/image/catalog/product/1999/22-2588-(1)-min-1999-thumb.jpg
22-2589,22-2589,WIND SCREEN 65 X 40 CM WITH BAG,https://alrimaya.com/image/catalog/product/2000/22-2589-(1)-min-2000-thumb.jpg
22-2590,830150000000,AL RIMAYA SS TUBE 10 STICK,https://alrimaya.com/image/catalog/product/1960/00000001-1960-thumb.jpg
22-2591,732119000000,"BBQ SKEWERS WITH WOOD HANDLE, 10PCS IN SS TUBE",https://alrimaya.com/image/catalog/product/1959/00000000-1959-thumb.jpg
22-2592,FMX-38CM,BBQ TONG 38CM,https://alrimaya.com/image/cache/catalog/product/2496/22-2593%20(2)-min-2496-thumb-800x800.jpg
22-2593,FMX-30CM,BBQ TONG 30CM,https://alrimaya.com/image/cache/catalog/product/2496/22-2593%20(2)-min-2496-thumb-800x800.jpg
22-2594,22-2594,AL RIMAYA BBQ NET,https://alrimaya.com/image/catalog/product/2001/22-2594-(3)-min-2001-thumb.jpg
22-2595,732119000000,BBQ NET WITH FOLDING HANDLE - IRON,https://alrimaya.com/image/catalog/product/2468/22-2596%20(2)-min-2468-thumb.jpg
22-2596,732119000000,BBQ NET WITH FOLDING HANDLE - STAINLESS STEEL,https://alrimaya.com/image/catalog/product/2468/22-2596%20(2)-min-2468-thumb.jpg
22-2597,32310009999,SPICES BAG WITH 6 PCS SPICES JAR,https://alrimaya.com/image/catalog/product/2126/22-2597-(2)-min-2126-thumb.jpg
22-2598,,AIR CHUCKبلف – قطع غيار 22/2598,https://i.ibb.co/4t0HbBq/Whats-App-Image-2023-09-11-at-10-38-23-AM.jpg
22-2599,22-2599,DALLAH HLEEDB 3 PCE SET,https://alrimaya.com/image/catalog/product/2497/22-2599%20(1)-min-2497-thumb.jpg
22-2600,761510900006,GRILL PAN DOUBLE 28CM ,https://alrimaya.com/image/catalog/product/2295/22-2600%20(1)-2295-thumb.jpg
22-2601,761510900006,GRILL PAN DOUBLE 32CM ,https://alrimaya.com/image/cache/catalog/product/2295/22-2600%20(4)-2295-thumb-800x800.jpg
22-2603,WYSN-0123,BACK SUPPORT FLOOR CHAIR - RED,https://alrimaya.com/image/cache/catalog/product/2264/22-2603%20(2)-2264-thumb-800x800.jpg
22-2604,WYSN-0123,BACK SUPPORT FLOOR CHAIR - GRAY,https://i.ibb.co/5rC99vy/22-2604-3.jpg
22-2605,WYSN-SAC-H0002,MOSQUITO TENT-190X190X120CM-DARK BROWN,https://alrimaya.com/image/catalog/product/2078/22-2605-(1)-min-2078-thumb.jpg
22-2606,WYSN-SAC-H0002,MOSQUITO TENT-190x190x130CM-DARK GRAY,https://alrimaya.com/image/cache/catalog/product/2078/22-2606-(2)-min-2078-thumb-800x800.jpg
22-2607,WYSN-SAC-H0002,MOSQUITO TENT-190X190X120CM-ARMY GREEN,https://alrimaya.com/image/cache/catalog/product/2078/22-2607-(2)-min-2078-thumb-800x800.jpg
22-2608,WYSN-SAC-H0003,MOSQUITO TENT-190x190x130CM,https://alrimaya.com/image/catalog/product/2110/22-2608-(1)-min-2110-thumb.jpg
22-2609,,6pcs SPICES CONTAINER WITH BAG/BLUE,https://alrimaya.com/image/catalog/product/2041/22-2609-(3)-min-2041-thumb.jpg
22-2610,790700600000,6PCS SPICE CONTAINER WITH BAG (BLUE),https://alrimaya.com/image/catalog/product/2043/22-2610-(5)-min-2043-thumb.jpg
22-2611,,6pcs SPICES CONTAINER WITH BAG/BROWN,https://alrimaya.com/image/catalog/product/2042/22-2611-(5)-min-2042-thumb.jpg
22-2612,790700600000,6PCS SPICE CONTAINER WITH BAG (BROWN),https://alrimaya.com/image/catalog/product/2044/22-2612-(5)-min-2044-thumb.jpg
22-2613,22-2613,FILTER مصفاة ستانلس ستيل,https://alrimaya.com/image/catalog/product/1996/22-2613-(6)-1996-thumb.jpg
22-2614,22-2614,FRY PAN WITH LEG 49CM,https://alrimaya.com/image/catalog/product/2079/22-2614-(2)-min-2079-thumb.jpg
22-2615,732391000000,FRY PAN WITH LEGS - 58CM,https://alrimaya.com/image/cache/catalog/product/2079/22-2614-(2)-min-2079-thumb-800x800.jpg
22-2616,,Tesh Tesh Portable Shattaf,https://alrimaya.com/image/catalog/product/1902/bidet-shower-portable-tesh-tesh-shattaf-green_1024x1024@2x-1902-thumb.jpg
22-2618,22-2618,LID knob 5-8Lقفل غطاء قدر الومنيوم  5 : 8 لتر,https://i.ibb.co/QvHTSFw/22-2618-2-Large.jpg
22-2619,22-2619,Whistle 7-9Lصفاره قدر ضغط  7 : 9 لتر,https://i.ibb.co/PNfTV4b/22-2619-1-Large.jpg
22-2620,22-2620,Handle Cover 5-8Lتلبيسه سيلكون يد قدر ضغط,https://i.ibb.co/8cP7trT/22-2620.jpg
22-2621,22-2621,KITCHEN SPOONS SET,https://alrimaya.com/image/catalog/product/2002/22-2621-(3)-min-2002-thumb.jpg
22-2622,,CERAMIC GAWA CUP 6-PCS BOX PACK,https://alrimaya.com/image/catalog/product/2080/22-2622-(1)-min-2080-thumb.jpg
22-2623,22-2623,GAHWA CUP 12PCS,https://alrimaya.com/image/catalog/product/2161/22-2623-(1)-min-2161-thumb.jpg
22-2624,790700600000,COFFEE MUG - MULTICOLOR WITH GOLDEN EDGES,https://alrimaya.com/image/catalog/product/3250/22-2624-(1)-min-3250-thumb.jpg
22-2625,790700600000,GAHWA CUP 6PCS (65CC),https://alrimaya.com/image/catalog/product/3229/22-2625-(1)-min-3229-thumb.jpg
22-2626,790700600000,GAHWA CUP 6PCS (100CC),https://alrimaya.com/image/cache/catalog/product/3229/22-2625-(1)-min-3229-thumb-800x800.jpg
22-2627,871680199999,OUTDOOR FOLDABLE WAGON/BROWN ,https://alrimaya.com/image/catalog/product/2828/22-2627%20(1)-min-2828-thumb.jpg
22-2628,560790200000,TOWING ROPE 6 METER 12 TON  - YELLOW,https://alrimaya.com/image/catalog/product/2088/22-2628-(2)-min-2088-thumb.jpg
22-2629,560790200005,TOWING ROPE 9 METER 12 TON RED COLOR,https://alrimaya.com/image/catalog/product/2087/22-2629-(2)-min-2087-thumb.jpg
22-2630,560790200005,SHACKLE 6M 2PCS,https://alrimaya.com/image/catalog/product/2089/22-2630-min-2089-thumb.jpg
22-2631,VKS-TGB,TEA GLASS BAG OXFORD KHAKI,https://alrimaya.com/image/catalog/product/2090/22-2631-(1)-min-2090-thumb.jpg
22-2632,VKS-22-2632,TEA GLASS BAG 34X6X10CM,https://alrimaya.com/image/catalog/product/2091/22-2632-(4)-min-2091-thumb.jpg
22-2633,VKS-K-105,PICNIC BAG CANVAS KHAKI 32*25*37,https://alrimaya.com/image/catalog/product/2083/22-2633-(2)-min-2083-thumb.jpg
22-2634,VKS-K-014 (2019),CAMPING BAG CANVAS KHAKI 61*40*38.5CM,https://alrimaya.com/image/catalog/product/2252/22-2634-(4)-min-2252-thumb.jpg
22-2635,VKS-CBP,COOLER BOX PVC BLUE 41X30X32,https://alrimaya.com/image/cache/catalog/product/2082/22-2635-(3)-min-2082-thumb-800x800.jpg
22-2636,VKS-CBP,AL RIMAYA COOLER BOX PVC GREEN 41X30X32,https://alrimaya.com/image/cache/catalog/product/2082/22-2636-(2)-min-2082-thumb-800x800.jpg
22-2637,VKS-K-110,CAMPING BAG (2 DOOR-MINI) CANVAS KHAKI 37*29*29 عز,https://alrimaya.com/image/catalog/product/2225/22-2637-(1)-2225-thumb.jpg
22-2638,,STEEL FOLDABLE CAMPING CHAIR,https://alrimaya.com/image/catalog/product/2059/22-2638-(1)-min-2059-thumb.jpg
22-2639,22-2639,COLLAPSIBLE COLANDER 2PCS SET,https://alrimaya.com/image/catalog/product/2084/22-2639-(2)-min-2084-thumb.jpg
22-2640,732611000001,GRATER WITH CONTAINER 230G,https://alrimaya.com/image/catalog/product/2095/22-2640-(2)-min-2095-thumb.jpg
22-2641,GSG009,WASHING GLOVES RH GREEN,https://alrimaya.com/image/catalog/product/2094/22-2641-(1)-min-2094-thumb.jpg
22-2642,GSG009,WASHING GLOVES RH BROWN,https://alrimaya.com/image/cache/catalog/product/2094/22-2642-(1)-min-2094-thumb-800x800.jpg
22-2643,732119000000,PORTABLE CHARCOAL GRILL,https://alrimaya.com/image/catalog/product/2127/22-2643-(3)-min-2127-thumb.jpg
22-2644,732611000001,BAKER PEEL,https://alrimaya.com/image/catalog/product/2338/Image-2338-thumb.jpeg
22-2645,22-2645,STAINLESS STEEL FRYING PAN 32cm,https://alrimaya.com/image/catalog/product/2424/22-2645%20(1)-min-2424-thumb.jpg
22-2646,790700600000,ROLLING COLANDER 1.2 literمصفاة مع وعاء 1.2 لتر,https://alrimaya.com/image/catalog/product/2096/22-2646-(2)-min-2096-thumb.jpg
22-2647,22-2647,قاعدة الشحن اللاسلكى للجوال DW15,https://alrimaya.com/image/catalog/product/1939/526830-1939-thumb.jpg
22-2648,,CASSEROLE WITH ALUMINUM LID 4.5 liter,https://alrimaya.com/image/catalog/product/2097/22-2648-(1)-min-2097-thumb.jpg
22-2649,,CASSEROLE WITH ALUMINUM LID 7 LITER,https://alrimaya.com/image/cache/catalog/product/2097/22-2648-(1)-min-2097-thumb-800x800.jpg
22-2650,732391000000,CAST IRON ROUND POT 26CM/5LITERS,https://alrimaya.com/image/catalog/product/2226/22-2650-(1)-min-2226-thumb.jpg
22-2651,732391000000,CAST IRON ROUND POT 28CM/6LITERS,https://alrimaya.com/image/cache/catalog/product/2226/22-2650-(1)-min-2226-thumb-800x800.jpg
22-2652,,AL RIMAYA DELUXE FOLDING CHAIR,https://alrimaya.com/image/catalog/product/2060/22-2652-(2)-min-2060-thumb.jpg
22-2653,22-2653,HUNTING JACKET,https://alrimaya.com/image/catalog/product/2003/22-2653-(1)-min-2003-thumb.jpg
22-2654,,FOLDABLE TRASH CAN - 117 L,https://alrimaya.com/image/catalog/product/2450/22-2654%20(2)-min-2450-thumb.jpg
22-2655,940179900000,DIRECTOR CHAIR GREY /RED,https://alrimaya.com/image/catalog/product/2004/22-2655-(3)-min-2004-thumb.jpg
22-2656,,FOLDING CHAIR  DD2080,https://alrimaya.com/image/catalog/product/2056/22-2656-(2)-min-2056-thumb.jpg
22-2657,22-2657,CERAMIC GAWA CUP,https://alrimaya.com/image/catalog/product/2101/22-2657-(1)-min-2101-thumb.jpg
22-2658,940171900000,CAMPING CHAIR - KHAKI & BROWN,https://alrimaya.com/image/catalog/product/2005/22-2658-(2)-min-2005-thumb.jpg
22-2659,940171900000,FOLDING CHAIR (KHAKI & DARK GREY),https://alrimaya.com/image/catalog/product/2006/22-2659-(2)-min-2006-thumb.jpg
22-2660,22-2660,CAMPING COT-GREY & BROWN,https://alrimaya.com/image/cache/catalog/product/1994/22-2660-(5)-1994-thumb-800x800.jpg
22-2661,22-2661,CAMPING COT- Olive & Black سرير بر,https://alrimaya.com/image/cache/catalog/product/1994/22-2661-(6)-1994-thumb-800x800.jpg
22-2662,22-2662,DOUBLE FRY PAN (24x18x6CM),https://alrimaya.com/image/catalog/product/2469/22-2662%20(4)-min-2469-thumb.jpg
22-2663,70391390000,GLASS BOTTLE WITH SLEEVE BAG 500ML,https://alrimaya.com/image/cache/catalog/product/2470/22-2663-min-2470-thumb-800x800.jpg
22-2664,70391390000,GLASS BOTTLE WITH SLEEVE BAG 750ML,https://alrimaya.com/image/cache/catalog/product/2470/22-2663-min-2470-thumb-800x800.jpg
22-2665,732310009999,SPICES JAR WITH SLEEVE BAG,https://alrimaya.com/image/catalog/product/2775/22-2665%20(1)-min-2775-thumb.jpg
22-2666,22-2666,FOLDABLE WATER BOTTLE 580ML,https://alrimaya.com/image/catalog/product/2602/22-2666%20(3)-min-2602-thumb.jpg
22-2667,22-2667,ALRIMAYA BURGER GRILL NET,https://alrimaya.com/image/catalog/product/2471/22-2667%20(1)-min-2471-thumb.jpg
22-2668,441919000000,"PIZZA SET (RACK, SERVER AND STONE)",https://alrimaya.com/image/catalog/product/2227/22-2668-min-2227-thumb.jpg
22-2669,940350909999,FOLDING TABLE WITH CHAIR 2IN1,https://alrimaya.com/image/catalog/product/2062/22-2669-(4)-min-2062-thumb.jpg
22-2670,,FOLDING CHAIR (BLACK),https://alrimaya.com/image/catalog/product/2061/22-2670-(2)-min-2061-thumb.jpg
22-2671,,FOLDING CHAIR,https://alrimaya.com/image/catalog/product/2064/22-2671-(2)-min-2064-thumb.jpg
22-2672,,TENT WITH AIRBED,https://alrimaya.com/image/catalog/product/2045/22-2672-(3)-2045-thumb.jpg
22-2673,22-2673,AL RIMAYA BBQ CLIP ALUM,https://alrimaya.com/image/catalog/product/2228/22-2673-(1)-min-2228-thumb.jpg
22-2674,820320000004,BBQ CLIP BEECH HANDLE,https://alrimaya.com/image/catalog/product/2229/22-2674-(1)-min-2229-thumb.jpg
22-2675,MW-D046,FIRE PIT STAND 44.5x44.5x35CM WITH BAG,https://alrimaya.com/image/catalog/product/2230/22-2675-(2)-min-2230-thumb.jpg
22-2676,22-2676,Fire Box صندوق شواء بدرجات ,https://alrimaya.com/image/catalog/product/2472/22-2676-(4)-min-2472-thumb.jpg
22-2677,22-2677,FOLDABLE GRILL STAND,https://alrimaya.com/image/catalog/product/2537/22-2677%20(2)-min-2537-thumb.jpg
22-2678,22-2678,DOTTED TEA POT 1 L,https://alrimaya.com/image/cache/catalog/product/2473/22-2679%20(1)-min-2473-thumb-800x800.jpg
22-2679,22-2679,DOTTED TEA POT 1.5 L,https://alrimaya.com/image/cache/catalog/product/2473/22-2679%20(1)-min-2473-thumb-800x800.jpg
22-2680,22-2680,DOTTED TEA POT 2 L,https://alrimaya.com/image/cache/catalog/product/2473/22-2679%20(1)-min-2473-thumb-800x800.jpg
22-2681,22-2681,DOTTED DALLAH 1 LITER,https://alrimaya.com/image/cache/catalog/product/2239/22-2686%20(1)-min-2239-thumb-800x800.jpg
22-2682,22-2682,DOTTED DALLAH 1.2 LITER,https://alrimaya.com/image/cache/catalog/product/2239/22-2686%20(1)-min-2239-thumb-800x800.jpg
22-2683,22-2683,DOTTED DALLAH 1.4 LITER,https://alrimaya.com/image/cache/catalog/product/2239/22-2686%20(1)-min-2239-thumb-800x800.jpg
22-2684,22-2684,DOTTED DALLAH 1.1 LITER,https://alrimaya.com/image/cache/catalog/product/2239/22-2686%20(1)-min-2239-thumb-800x800.jpg
22-2685,22-2685,DOTTED DALLAH 1.3 LITER,https://alrimaya.com/image/cache/catalog/product/2239/22-2686%20(1)-min-2239-thumb-800x800.jpg
22-2686,22-2686,DOTTED DALLAH 1.6 LITER,https://alrimaya.com/image/cache/catalog/product/2239/22-2686%20(1)-min-2239-thumb-800x800.jpg
22-2687,22-2687,ALRIMAYA ALFAKHAMA DALLAH SET 3PCS,https://alrimaya.com/image/cache/catalog/product/2174/22-2687%20(1)-min-2174-thumb-800x800.jpg
22-2688,22-2688,ALRIMAYA ALKARAM DALLAH SET 3PCS,https://alrimaya.com/image/catalog/product/2474/22-2688%20(2)-min-2474-thumb.jpg
22-2690,DRA-222690,STAINLESS STEEL MILK DALLAH 1.3LTR,https://alrimaya.com/image/catalog/product/2092/22-2690-(1)-min-2092-thumb.jpg
22-2691,DRA-222691,STAINLESS STEEL MILK DALLAH 1.9LTR,https://alrimaya.com/image/cache/catalog/product/2092/22-2690-(1)-min-2092-thumb-800x800.jpg
22-2692,DRA-222692,STAINLESS STEEL MILK DALLAH 2.3LTR,https://alrimaya.com/image/cache/catalog/product/2092/22-2690-(1)-min-2092-thumb-800x800.jpg
22-2693,DRA-222693,STAINLESS STEEL OIL DISPENSER 350ML,https://alrimaya.com/image/catalog/product/2093/22-2693-(1)-min-2093-thumb.jpg
22-2694,DRA-222694,STAINLESS STEEL OIL DISPENSER 500ML,https://alrimaya.com/image/cache/catalog/product/2093/22-2693-(1)-min-2093-thumb-800x800.jpg
22-2695,DRA-222695,AL RIMAYA OIL DISPENSER 750ML,https://alrimaya.com/image/cache/catalog/product/2093/22-2693-(1)-min-2093-thumb-800x800.jpg
22-2696,DRA-222696,RAJBHOG BOWL 1500ML,https://alrimaya.com/image/catalog/product/2098/22-2696-(2)-min-2098-thumb.jpg
22-2697,22-2697,FOLDABLE ROUND CONTAINER 1000ml (17.5x3cm) BEIGE,https://alrimaya.com/image/catalog/product/2184/22-2697-(1)-min-2184-thumb.jpg
22-2698,22-2698,FOLDABLE ROUND CONTAINER 750ml (15.5x3cm) DARK BRO,https://alrimaya.com/image/catalog/product/2185/22-2698-(1)-min-2185-thumb.jpg
22-2699,22-2699,FOLDABLE ROUND CONTAINER 500ml (13.5x2.8cm) OLIVE,https://alrimaya.com/image/catalog/product/2186/22-2699-(1)-min-2186-thumb.jpg
22-2700,22-2700,FOLDABLE SQUARE CONTAINER 800ml (14.2x14.2x4.3cm),https://alrimaya.com/image/catalog/product/2187/22-2700-(1)-min-2187-thumb.jpg
22-2701,22-2701,FOLDABLE SQUARE CONTAINER 650ml (12.5x12.5x4.3cm),https://alrimaya.com/image/catalog/product/2188/22-2701-(1)-min-2188-thumb.jpg
22-2702,22-2702,FOLDABLE COLANDER (28.7x21.8x2cm) OLIVE GREEN,https://alrimaya.com/image/catalog/product/2189/22-2702-(5)-min-2189-thumb.jpg
22-2703,99152002,COFFEE CONTAINER/1000ml,https://alrimaya.com/image/catalog/product/2190/22-2703-(1)-min-2190-thumb.jpg
22-2704,RCG-MG731D3,RECHARGEABLE COFFEE GRINDER/USB/BROWN,https://alrimaya.com/image/catalog/product/2342/22-2704%20(1)-2342-thumb.jpg
22-2705,22-2705,SAND SLIDER 92.5x46x18.5cm,https://alrimaya.com/image/catalog/product/2301/22-2705%20(2)-2301-thumb.jpg
22-2706,22-2706,HIKING FOLDING CHAIR - OLIVE GREEN,https://alrimaya.com/image/catalog/product/2475/22-2706%20(2)-min-2475-thumb.jpg
22-2707,,CARAVAN PLASTIC STORAGE BOX ,https://alrimaya.com/image/catalog/product/2099/22-2707-(1)-min-2099-thumb.jpg
22-2708,790700600000,STAINLESS STEEL HIKING MUG,https://alrimaya.com/image/catalog/product/2100/22-2708-(1)-min-2100-thumb.jpg
22-2709,,AL RIMAYA OUT DOOR HIKING BAG,https://alrimaya.com/image/catalog/product/2102/22-2709-(4)-min-2102-thumb.jpg
22-2711,19050501,DISH DRAINER RACK 36.5x31.5x13CM,https://alrimaya.com/image/catalog/product/2476/22-2711 (1)-min-2476-thumb.jpg
22-2712,22-2712,COOKING POT 28CM CERAMIC COATING,https://alrimaya.com/image/catalog/product/2122/22-2712-(1)-min-2122-thumb.jpg
22-2713,22-2713,COOKING POT 30CM CERAMIC COATING,https://alrimaya.com/image/cache/catalog/product/2122/22-2712-(1)-min-2122-thumb-800x800.jpg
22-2714,22-2714,FRY PAN 24 CM CERAMIC COATING,https://alrimaya.com/image/catalog/product/2123/22-2714-(2)-min-2123-thumb.jpg
22-2715,22-2715,FRY PAN 28 CM CERAMIC COATING,https://alrimaya.com/image/cache/catalog/product/2123/22-2714-(2)-min-2123-thumb-800x800.jpg
22-2716,22-2716,TEA GLASS 6PCS,https://alrimaya.com/image/catalog/product/2191/22-2716-(1)-min-2191-thumb.jpg
22-2717,22-2717,TEA GLASS 6PCS,https://alrimaya.com/image/catalog/product/2192/22-2717-(1)-min-2192-thumb.jpg
22-2718,1185A,TEA GLASS 6PCS,https://alrimaya.com/image/catalog/product/2193/22-2718-(1)-min-2193-thumb.jpg
22-2719,22-2719,TEA CUP TABLE (DRYING TRAY)  ( (Size: L45*W30*T2.5,https://alrimaya.com/image/catalog/product/2477/22-2719%20(3)-min-2477-thumb.jpg
22-2720,WYSN-0303,BACK SUPPORT FLOOR CHAIR BEIGE & RED,https://alrimaya.com/image/catalog/product/2451/22-2720 (2)-2451-thumb.jpg
22-2721,WYSN-0303,BACK SUPPORT FLOOR CHAIR BEIGE & BLACK,https://alrimaya.com/image/catalog/product/1838/22-2507-(2)-min-1838-thumb.jpg
22-2722,22-2722,يد قدر ضغط الومنيوم  9 : 15 ل,https://i.ibb.co/5rc5tRH/22-2722-1-Large.jpg
22-2723,22-2723,LID knob 9-15Lقفل غطاء قدر الومنيوم  9 : 15 لتر,https://i.ibb.co/QvHTSFw/22-2618-2-Large.jpg
22-2724,22-2724,Whistle 11-18Lصفاره قدر ضغط من 11 : 18 لتر,https://i.ibb.co/93CFQ1z/22-2724.jpg
22-2725,22-2725,Handle Cover 9-11L تلبيسة سيلكون يد قدر ضغط,https://i.ibb.co/8cP7trT/22-2620.jpg
22-2727,560790200000,SNATCH ROPE 6 METER 18 TON,https://alrimaya.com/image/catalog/product/2271/22-2727%20(1)-min-2271-thumb.jpg
22-2729,790700600000,CERAMIC GAHWA CUP/1pcs,https://i.ibb.co/1MWfXD4/22-2729.jpg
22-2730,COAL-1,BBQ CHARCOAL CUBE 1KG,https://alrimaya.com/image/catalog/product/2164/22-2730-(2)-min-2164-thumb.jpg
22-2731,WYSN-SAC-0010-WDY-2(,SLEEPING TENT 260 x 145 x 120cm,https://alrimaya.com/image/catalog/product/2259/22-2731-min-2259-thumb.jpg
22-2732,WYSN-SAC-0010-WDY-2,SLEEPING TENT 260 x 145 x 120cm,https://alrimaya.com/image/cache/catalog/product/2259/22-2732-min-2259-thumb-800x800.jpg
22-2733,WYSN-SAC-0010-WDY-2(,SLEEPING TENT 260 x 145 x 120cm,https://alrimaya.com/image/cache/catalog/product/2259/22-2733-min-2259-thumb-800x800.jpg
22-2734,22-2734,Sleeping  Tent Size: 260x145x120cm,https://alrimaya.com/image/catalog/product/2165/22-2736-(1)-min-2165-thumb.jpg
22-2735,WYSN-SAC-0010-WFY-2(,Sleeping  Tent Size: 260x145x120cm,https://alrimaya.com/image/cache/catalog/product/2165/22-2735-(1)-min-2165-thumb-800x800.jpg
22-2736,WYSN-SAC-0010-WFY-2(,Sleeping  Tent Size: 260x145x120cm,https://alrimaya.com/image/cache/catalog/product/2165/22-2736-(1)-min-2165-thumb-800x800.jpg
22-2737,WYSN-SAW-0008,AWNING TENT-395x290cm,https://alrimaya.com/image/catalog/product/2176/22-2737-(5)-min-2176-thumb.jpg
22-2738,WYSN-SAW-0008,AWNING TENT-395x290cm,https://alrimaya.com/image/catalog/product/2177/22-2738-(5)-min-2177-thumb.jpg
22-2739,732119000000,MOVABLE GRILL IRON 60x40x18cm,https://alrimaya.com/image/catalog/product/2137/22-2739-(1)-min-2137-thumb.jpg
22-2740,22-2740,STAINLESS STEEL BBQ GRILL 120X40X90 CM,https://alrimaya.com/image/catalog/product/2564/22-2740%20(2)-min-2564-thumb.jpg
22-2741,732119000000,FOLDING RACK SMALL - 32x16cm SILVER,https://alrimaya.com/image/cache/catalog/product/2590/22-2742%20(2)-min-2590-thumb-800x800.jpg
22-2742,22-2742,FOLDING RACK MEDIUM - 40x20cm SILVER,https://alrimaya.com/image/cache/catalog/product/2590/22-2742%20(2)-min-2590-thumb-800x800.jpg
22-2743,22-2743,FOLDING RACK BIG - 50X25cm SILVER,https://alrimaya.com/image/cache/catalog/product/2590/22-2742%20(2)-min-2590-thumb-800x800.jpg
22-2744,22-2744,AL RIMAYA RACK SMALL 32X16CM COPPER,https://alrimaya.com/image/catalog/product/2589/22-2745%20(2)-min-2589-thumb.jpg
22-2745,22-2745,FOLDING RACK MEDIUM 40 x 20 CM (COPPER),https://alrimaya.com/image/cache/catalog/product/2589/22-2745%20(2)-min-2589-thumb-800x800.jpg
22-2746,22-2746,FOLDING RACK BIG 50x25cm COPPER COLOR,https://alrimaya.com/image/cache/catalog/product/2589/22-2745%20(2)-min-2589-thumb-800x800.jpg
22-2747,732119000000,COOKING STAND 12.5X12CM,https://alrimaya.com/image/catalog/product/2231/22-2747-(1)-min-2231-thumb.jpg
22-2748,732119000000,COOKING STAND 15X17CM,https://alrimaya.com/image/cache/catalog/product/2231/22-2747-(1)-min-2231-thumb-800x800.jpg
22-2749,732119000000,COOKING STAND 20X19CM,https://alrimaya.com/image/cache/catalog/product/2231/22-2747-(1)-min-2231-thumb-800x800.jpg
22-2750,22-2750,تكاية فورشينر جملى,https://alrimaya.com/image/catalog/product/4546/22-2750-(2)-4546-thumb.jpg
22-2751,22-2751,تكاية لاند كروزر منديل بيج ,https://alrimaya.com/image/catalog/product/2015/22-2751-(1)-min-2015-thumb.jpg
22-2752,22-2752,تكاية باترول بلاتنيوم منديل جملى,https://alrimaya.com/image/catalog/product/2013/22-2752-(1)-2013-thumb.jpg
22-2753,22-2753,FOLDING BUCKET 10LITER,https://alrimaya.com/image/catalog/product/2504/22-2753%20(1)-min-2504-thumb.jpg
22-2754,732119000000,ALKASHTAH FOLDABLE BBQ GRILL,https://alrimaya.com/image/catalog/product/2194/22-2754-(1)-2194-thumb.jpg
22-2755,22-2755,FOLDING BBQ GRILL 54x38x26cm,https://alrimaya.com/image/catalog/product/2195/22-2755-(2)-2195-thumb.jpg
22-2756,22-2756,FRUIT CUTTER,https://alrimaya.com/image/catalog/product/2160/22-2756-(1)-2160-thumb.jpg
22-2757,22-2757,SILICONE GEL SEAT CUSHION,https://alrimaya.com/image/catalog/product/2219/22-2757-(9)-min-2219-thumb.jpg
22-2758,940320909999,FOLDING TABLE ALUMINIUM 60x45x58cm,https://alrimaya.com/image/catalog/product/2206/22-2785-2206-thumb.jpg
22-2759,732119000000,ROUND BBQ GRILL 58X31X8CM,https://alrimaya.com/image/cache/catalog/product/2283/22-2759%20(1)-2283-thumb-800x800.jpg
22-2760,392490909999,WATER BOTTLE STAND WITH FAUCET,https://alrimaya.com/image/catalog/product/2197/22-2760-(4)-2197-thumb.jpg
22-2761,790700600000,ALUMINIUM ROASTER PAN 26CM,https://alrimaya.com/image/catalog/product/2241/22-2761-(2)-min-2241-thumb.jpg
22-2762,VKS-22-2762,KITCHEN CLOTH (BEIGE),https://alrimaya.com/image/cache/catalog/product/2557/22-2762%20(1)-min-2557-thumb-800x800.jpg
22-2763,VKS-22-2763,KITCHEN CLOTH (DARK BROWN) 20 X 20 X 1cm,https://alrimaya.com/image/cache/catalog/product/2557/22-2763%20(1)-min-2557-thumb-800x800.jpg
22-2764,VKS-22-2764,GAS BAG CANVAS+OXFORD (BEIGE) 12.5 X 12.5 X 15.5 C,https://alrimaya.com/image/catalog/product/2558/22-2764-2558-thumb.jpg
22-2765,VKS-22-2765,GAS BAG OXFORD+PVC (DARK BROWN)  24X12.5X15.5 CM,https://alrimaya.com/image/catalog/product/2559/22-2765-2559-thumb.jpg
22-2766,VKS-22-2766,GAS BAG OXFORD+PVC (EBIGE) 15X15X20 CM,https://alrimaya.com/image/catalog/product/2560/22-2766%20(3)-min-2560-thumb.jpg
22-2767,VKS-22-2767,CUP BAG CANVAS+PVC (BEIGE) 22 X 18 X 10 CM,https://alrimaya.com/image/catalog/product/2561/22-2767-2561-thumb.jpg
22-2768,VKS-K-115,THERMOS BAGS OXFORD + PVC (ORANGE) 22 X 33 X 33 C,https://alrimaya.com/image/catalog/product/2248/22-2768%20(1)-2248-thumb.jpg
22-2769,VKS-K-115,THERMOS BAGS OXFORD + PVC (DARK GREEN) 22 X 33 X,https://alrimaya.com/image/cache/catalog/product/2248/22-2769%20(1)-2248-thumb-800x800.jpg
22-2770,VKS-K-115,THERMOS BAG CANVAS+PVC (BEIGE) 22 X 33 X 33 CM,https://alrimaya.com/image/catalog/product/2232/22-2770-(2)-min-2232-thumb.jpg
22-2771,VKS-22-2771,PICNIC BAG CANVAS + STEEL (BEIGE) 52 X 41 X 29 CM,https://alrimaya.com/image/catalog/product/2279/22-2771%20(1)-min-2279-thumb.jpg
22-2772,VKS-22-2772,PICNIC BAG CANVAS + STEEL (BEIGE) 61 X 41 X 29 CM,https://alrimaya.com/image/catalog/product/2233/22-2772-(3)-min-2233-thumb.jpg
22-2773,VKS-K-116,DOUBLE LAYER BAG OXFORD + PVC (DARK GRAY),https://alrimaya.com/image/cache/catalog/product/2246/22-2773%20(3)-2246-thumb-800x800.jpg
22-2774,VKS-K-116,DOUBLE LAYER BAG OXFORD + PVC (RED) 47 X 24 X 40 C,https://alrimaya.com/image/cache/catalog/product/2246/22-2774%20(3)-min-2246-thumb-800x800.jpg
22-2775,VKS-K-116,DOUBLE LAYER BAG CANVAS KHAKI & BEIGE,https://alrimaya.com/image/catalog/product/2145/22-2775%20(1)-min-2145-thumb.jpg
22-2776,VKS-22-2776,THERMOS  BAG CANVAS+PVC (BEIGE) 35 X 25 X 34 CM,https://alrimaya.com/image/catalog/product/2479/22-2776%20(1)-min-2479-thumb.jpg
22-2777,VKS-K-106,PICNIG BAG-CANVAS-BROWN+BEIGE 49.5x25x32CM,https://alrimaya.com/image/catalog/product/2234/22-2777-(2)-min-2234-thumb.jpg
22-2778,VKS-22-2778,TRAVEL BAG CANVAS + PVC (DARK BEIGE) 38 X 32 X 64 ,https://alrimaya.com/image/catalog/product/2452/22-2778%20(1)-min-2452-thumb.jpg
22-2780,,B11 راس دافور رحلات,https://alrimaya.com/image/catalog/product/2049/22-2780-(2)-min-2049-thumb.jpg
22-2781,, S01 راس دافور رحلات,https://alrimaya.com/image/catalog/product/2051/22-2781-(4)-min-2051-thumb.jpg
22-2782,, S05-A راس دافور رحلات,https://alrimaya.com/image/catalog/product/2050/22-2782-(3)-min-2050-thumb.jpg
22-2783,, B6-A راس دافور رحلات,https://alrimaya.com/image/catalog/product/2052/22-2783%20(2)-min-2052-thumb.jpg
22-2784,, X2-A راس دافور رحلات,https://alrimaya.com/image/catalog/product/2053/22-2784-(2)-min-2053-thumb.jpg
22-2785,, B6 راس دافور رحلات,https://alrimaya.com/image/catalog/product/2054/22-2785-(7)-min-2054-thumb.jpg
22-2786,, S03 راس دافور رحلات,https://alrimaya.com/image/catalog/product/2063/_DSC6495-Edit-min-2063-thumb.jpg
22-2788,,دراية 10 ريشة بجراب,https://i.ibb.co/b29ynbb/22-2788-3-Large.jpg
22-2789,TLR222789,فرشة 2*3 ابو نقطة مع شنطة,https://alrimaya.com/image/catalog/product/2104/22-2789-(3)JJJJJJJ-2104-thumb.jpg
22-2790,TLR222789,فرشة 2*4 ابو نقطة مع شنطة,https://alrimaya.com/image/catalog/product/2105/22-2790-(7)-2105-thumb.jpg
22-2791,39269069999,TRACTION BOARD 5 TONS/2pcs/106x30cm/ RED,https://alrimaya.com/image/catalog/product/2175/22-2791-(1)-min-2175-thumb.jpg
22-2792,22-2792,ANTI-SAND STUCK,https://alrimaya.com/image/catalog/product/2480/22-2792%20(2)-min-2480-thumb.jpg
22-2793,DRA-222793,DOTTED TEA KETTLE 1L,https://alrimaya.com/image/catalog/product/2224/22-2794-(1)-2224-thumb.jpg
22-2794,DRA-222794,DOTTED TEA KETTLE 1.5L,https://alrimaya.com/image/cache/catalog/product/2224/22-2794-(1)-2224-thumb-800x800.jpg
22-2795,DRA-222795,FOOD CONTAINER 4.7L,https://alrimaya.com/image/cache/catalog/product/2302/22-2796%20(1)-2302-thumb-800x800.jpg
22-2796,DRA-222796,FOOD CONTAINER 7.5L,https://alrimaya.com/image/cache/catalog/product/2302/22-2796%20(1)-2302-thumb-800x800.jpg
22-2797,DRA-222797,FOOD CONTAINER 9.1L,https://alrimaya.com/image/cache/catalog/product/2302/22-2796%20(1)-2302-thumb-800x800.jpg
22-2798,22-2798,ALFAKHAMA DALLAH 750ML SMALL,https://alrimaya.com/image/catalog/product/2174/22-2798-01-min-2174-thumb.jpg
22-2799,22-2799,ALFAKHAMA DALLAH 1.25L MEDIUM,https://alrimaya.com/image/cache/catalog/product/2174/22-2798-01-min-2174-thumb-800x800.jpg
22-2800,22-2800,ALFAKHAMA DALLAH 1.5L LARGE,https://alrimaya.com/image/cache/catalog/product/2174/22-2798-01-min-2174-thumb-800x800.jpg
22-2801,22-2801,ALKARAM DALLAH 750ML SMALL,https://alrimaya.com/image/catalog/product/2173/22-2802-2173-thumb.jpg
22-2802,22-2802,ALKARAM DALLAH 1.25L MEDIUM,https://alrimaya.com/image/catalog/product/2173/22-2802-2173-thumb.jpg
22-2803,22-2803,ALKARAM DALLAH 1.5L LARGE,https://alrimaya.com/image/cache/catalog/product/2173/22-2802-2173-thumb-800x800.jpg
22-2804,732393000000,ALASALLAA DALLAH GOLD 750ML - SMALL,https://alrimaya.com/image/cache/catalog/product/2303/22-2805%20(1)-2303-thumb-800x800.jpg
22-2805,732393000000,ALASALLAA DALLAH GOLD 1.25L - MEDIUM,https://alrimaya.com/image/catalog/product/2303/22-2805%20(1)-2303-thumb.jpg
22-2806,732393000000,ALASALLAA DALLAH GOLD 1.5L - LARGE,https://alrimaya.com/image/cache/catalog/product/2303/22-2805%20(1)-2303-thumb-800x800.jpg
22-2807,732394000000,Enamel Kettle Asiri Design 1.1 liter Black,https://alrimaya.com/image/catalog/product/2220/22-2807-(1)-2220-thumb.jpg
22-2808,732394000000,Enamel Kettle Asiri Design 1.1 liter Blue,https://alrimaya.com/image/catalog/product/2221/22-2808-(1)-2221-thumb.jpg
22-2809,22-2809,Enamel Kettle Asiri Design 1.1 liter Brown,https://alrimaya.com/image/catalog/product/2223/22-2809-(1)-2223-thumb.jpg
22-2810,732394000000,Enamel Kettle Asiri Design 1.1 liter White,https://alrimaya.com/image/catalog/product/2222/22-2810-(1)-2222-thumb.jpg
22-2811,22-2811,Enamel Kettle Asiri Design 1.7 liter Brown,https://alrimaya.com/image/cache/catalog/product/2223/22-2809-(1)-2223-thumb-800x800.jpg
22-2812,732394000000,Enamel Kettle Asiri Design 1.7 liter Blue,https://alrimaya.com/image/cache/catalog/product/2221/22-2808-(1)-2221-thumb-800x800.jpg
22-2813,732394000000,Enamel Kettle Asiri Design 1.7 liter White,https://alrimaya.com/image/cache/catalog/product/2222/22-2810-(1)-2222-thumb-800x800.jpg
22-2814,732394000000,Enamel Kettle Asiri Design 1.7 liter Black,https://alrimaya.com/image/cache/catalog/product/2220/22-2807-(1)-2220-thumb-800x800.jpg
22-2815,22-2815,Enamel Kettle Asiri Design 2.3 liter Brown,https://alrimaya.com/image/cache/catalog/product/2223/22-2809-(1)-2223-thumb-800x800.jpg
22-2816,732394000000,Enamel Kettle Asiri Design 2.3 liter White,https://alrimaya.com/image/cache/catalog/product/2222/22-2810-(1)-2222-thumb-800x800.jpg
22-2817,732394000000,Enamel Kettle Asiri Design 2.3 liter Blue,https://alrimaya.com/image/cache/catalog/product/2221/22-2808-(1)-2221-thumb-800x800.jpg
22-2818,732394000000,Enamel Kettle Asiri Design 2.3 liter Black,https://alrimaya.com/image/cache/catalog/product/2220/22-2807-(1)-2220-thumb-800x800.jpg
22-2819,WYSN-0301,BACK SUPPORT FLOOR CHAIR BROWN,https://alrimaya.com/image/catalog/product/2198/22-2819-(2)-2198-thumb.jpg
22-2820,WYSN-0301,BACK SUPPORT FLOOR CHAIR OLIVE GREEN,https://alrimaya.com/image/cache/catalog/product/2198/22-2820-(5)-2198-thumb-900x600.jpg
22-2821,22-2821,COFFEE ROASTER WITH BAG - BIG,https://alrimaya.com/image/catalog/product/2436/22-2821-1-min-2436-thumb.jpg
22-2822,22-2822,BBQ GRILL 26.5x9x51.5cm,https://alrimaya.com/image/catalog/product/2565/22-2822%20(1)-min-2565-thumb.jpg
22-2823,22-2823,BBQ SET 45X25X20CM,https://alrimaya.com/image/catalog/product/2297/22-2823-1min-2297-thumb.jpg
22-2824,22-2824,BBQ GRILL 45 X 25 X 20CM ,https://alrimaya.com/image/catalog/product/2566/22-2824%20(1)-min-2566-thumb.jpg
22-2825,22-2825,BBQ GRILL 30 X 30 X 18 CM,https://alrimaya.com/image/catalog/product/2235/22-2825-(4)-min-2235-thumb.jpg
22-2826,6023,ROUND BBQ GRILL 30 X 18 CM,https://alrimaya.com/image/catalog/product/2291/22-2826 (2)-2291-thumb.jpg
22-2827,22-2827,BBQ GRILL 60 X 30 X 20CM ,https://alrimaya.com/image/catalog/product/2304/22-2827%20(2)-2304-thumb.jpg
22-2828,732119000000,FOLDABLE BBQ GRILL 30X40CM,https://alrimaya.com/image/catalog/product/2274/22-2828-(2)-2274-thumb.jpg
22-2829,22-2829,FOLDABLE BBQ GRILL 60X40X38CM,https://alrimaya.com/image/catalog/product/2305/22-2829%20(2)-2305-thumb.jpg
22-2830,'761699290000,2IN1 BBQ GRILL 69X44X20CM,https://alrimaya.com/image/catalog/product/2320/22-2830 (1)-min-2320-thumb.jpg
22-2831,22-2831,DRYING TRAY 36.5X25X16CM,https://alrimaya.com/image/catalog/product/2317/22-2831-min-2317-thumb.jpg
22-2832,732394000000,GLASS TEA KETTLE WITH STEEL FILTER 1.5Ltr,https://alrimaya.com/image/cache/catalog/product/2275/22-2832%20(1)-2275-thumb-800x800.jpg
22-2833,22-2833,FIRE PIT D60X45CM,https://alrimaya.com/image/catalog/product/2240/22-2833-(2)-min-2240-thumb.jpg
22-2834,22-2834,FIRE PIT D70X60CM,https://alrimaya.com/image/cache/catalog/product/2240/22-2833-(2)-min-2240-thumb-800x800.jpg
22-2835,560790200005,SOFT SHACKLE 18TON,https://alrimaya.com/image/catalog/product/2425/22-2835%20(1)-min-2425-thumb.jpg
22-2836,22-2836,TOW ROPE 9 METER 14 TONS BLACK & YELLOW,https://alrimaya.com/image/catalog/product/2567/22-2836%20(1)-min-2567-thumb.jpg
22-2837,WYSN-WYSBT-0001,THE BIRD TENT 55x40x35CM,https://alrimaya.com/image/catalog/product/2426/22-2837%20(3)-2426-thumb.jpg
22-2838,732391000000,PRESEASONED POT 26CM CAST IRON,https://alrimaya.com/image/catalog/product/2481/22-2838%20(2)-min-2481-thumb.jpg
22-2839,732391000000,CAST IRON FRY PAN 19.3CM,https://alrimaya.com/image/catalog/product/2568/22-2839%20(1)-min-2568-thumb.jpg
22-2840,732391000000,CAST IRON POT 29.5CM,https://alrimaya.com/image/catalog/product/2199/22-2840-(2)-2199-thumb.jpg
22-2841,841850000002,AL RIMAYA FRIDGE 35L,https://alrimaya.com/image/catalog/product/2432/22-2841-2-min-2432-thumb.jpg
22-2842,841850000002,AL RIMAYA FRIDGE 45L,https://alrimaya.com/image/catalog/product/2433/22-2842-4-min-2433-thumb.jpg
22-2843,841850000002,AL RIMAYA FRIDGE 65L,https://alrimaya.com/image/catalog/product/2434/22-2843-2-min-2434-thumb.jpg
22-2844,841850000002,AL RIMAYA FRIDGE 12L,https://alrimaya.com/image/catalog/product/2431/22-2844-1-min-2431-thumb.jpg
22-2845,22-2845,FRIDGE SLIDER FOR 35/45/65,https://i.ibb.co/Fs01PSf/Whats-App-Image-2023-02-25-at-10-51-28-PM.jpg
22-2846,392690699999,TRACTION BOARD 4 TONS/1pcs/120x32cm/YELLOW,https://alrimaya.com/image/cache/catalog/product/2482/22-2846%20(1)-min-2482-thumb-800x800.jpg
22-2847,392690699999,TRACTION BOARD 4 TONS/1pcs/120x32cm/GREEN,https://alrimaya.com/image/cache/catalog/product/2482/22-2847%20(1)-min-2482-thumb-800x800.jpg
22-2848,,عزبة بر وسط,https://alrimaya.com/image/catalog/product/2453/22-2848%20(1)-min-2453-thumb.jpg
22-2849,22-2849,LUXIRIOUS TEA AND COFFEE PICNIC BAG,https://alrimaya.com/image/catalog/product/2340/22-2330-(3)-1639-thumb-900x600-2340-thumb.jpg
22-2851,732394000000,DOTTED KETTLE SS 1.2 LTR,https://alrimaya.com/image/catalog/product/2243/22-2852%20(1)-2243-thumb.jpg
22-2852,732394000000,DOTTED KETTLE SS 1.6 LTR,https://alrimaya.com/image/cache/catalog/product/2243/22-2852%20(1)-2243-thumb-800x800.jpg
22-2853,732394000000,DOTTED KETTLE SS 2 LTR,https://alrimaya.com/image/cache/catalog/product/2243/22-2852%20(1)-2243-thumb-800x800.jpg
22-2854,732394000000,DOTTED KETTLE BRASS 1.2LTR,https://alrimaya.com/image/catalog/product/2306/22-2855%20(1)-2306-thumb.jpg
22-2855,732394000000,DOTTED KETTLE BRASS 1.6LTR,https://alrimaya.com/image/catalog/product/2306/22-2855%20(1)-2306-thumb.jpg
22-2856,732394000000,DOTTED KETTLE BRASS 2 LTR,https://alrimaya.com/image/catalog/product/2306/22-2855%20(1)-2306-thumb.jpg
22-2857,940180190000,PORTABLE RETRACTABLE STOOL - RED,https://alrimaya.com/image/catalog/product/2322/22-2857-min-2322-thumb.jpg
22-2858,940180190000,PORTABLE RETRACTABLE STOOL - GRAY,https://alrimaya.com/image/cache/catalog/product/2322/22-2858-min-2322-thumb-900x600.jpg
22-2859,VKS-22-2859,EMPTY CAMPING SET SMALL (OLIVE + BEIGE),https://alrimaya.com/image/catalog/product/2483/22-2859%20(2)-min-2483-thumb.jpg
22-2860,VKS-22-2860,EMPTY CAMPING SET MEDIUM (OLIVE + BEIGE),https://alrimaya.com/image/cache/catalog/product/2569/22-2860%20(4)-min-2569-thumb-800x800.jpg
22-2861,VKS-22-2861,EMPTY CAMPING SET BIG (OLIVE + BEIGE),https://alrimaya.com/image/cache/catalog/product/2569/22-2860%20(4)-min-2569-thumb-800x800.jpg
22-2862,732394000000,ALRIMAYA HISTORICAL POT 0.8 LTR WHT,https://alrimaya.com/image/catalog/product/2307/22-2862%20(1)-2307-thumb.jpg
22-2863,732394000000,ALRIMAYA HISTORICAL POT 0.8LTR BLUE,https://alrimaya.com/image/catalog/product/2308/22-2863%20(1)-2308-thumb.jpg
22-2864,732394000000,ALRIMAYA HISTORICAL POT 0.8 LTR BLK,https://alrimaya.com/image/catalog/product/2310/22-2864%20(1)-2310-thumb.jpg
22-2865,732394000000,ALRIMAYA HISTORICAL POT 0.8 LTR BRN,https://alrimaya.com/image/catalog/product/2309/22-2865%20(1)-2309-thumb.jpg
22-2866,732394000000,ALRIMAYA HISTORICAL POT 1.2 LTR WHT,https://alrimaya.com/image/cache/catalog/product/2307/22-2862%20(1)-2307-thumb-800x800.jpg
22-2867,732394000000,ALRIMAYA HISTORICAL POT 1.2 LTR BLUE,https://alrimaya.com/image/cache/catalog/product/2308/22-2863%20(1)-2308-thumb-800x800.jpg
22-2868,732394000000,ALRIMAYA HISTORICAL POT 1.2 LTR BLK,https://alrimaya.com/image/cache/catalog/product/2310/22-2864%20(1)-2310-thumb-800x800.jpg
22-2869,732394000000,ALRIMAYA HISTORICAL POT 1.2 LTR BRN,https://alrimaya.com/image/cache/catalog/product/2309/22-2865%20(1)-2309-thumb-800x800.jpg
22-2870,732394000000,ALRIMAYA HISTORICAL POT 1.8 LTR WHT,https://alrimaya.com/image/cache/catalog/product/2307/22-2862%20(1)-2307-thumb-800x800.jpg
22-2871,732394000000,ALRIMAYA HISTORICAL POT 1.8 LTR BLUE,https://alrimaya.com/image/cache/catalog/product/2308/22-2863%20(1)-2308-thumb-800x800.jpg
22-2872,732394000000,ALRIMAYA HISTORICAL POT 1.8 LTR BLK,https://alrimaya.com/image/cache/catalog/product/2310/22-2864%20(1)-2310-thumb-800x800.jpg
22-2873,732394000000,ALRIMAYA HISTORICAL POT 1.8 LTR BRN,https://alrimaya.com/image/cache/catalog/product/2309/22-2865%20(1)-2309-thumb-800x800.jpg
22-2874,732394000000,ALRIMAYA HISTORICAL POT 2.4 LTR WHT,https://alrimaya.com/image/cache/catalog/product/2307/22-2862%20(1)-2307-thumb-800x800.jpg
22-2875,732394000000,ALRIMAYA HISTORICAL POT 2.4 LTR BLUE,https://alrimaya.com/image/cache/catalog/product/2308/22-2863%20(1)-2308-thumb-800x800.jpg
22-2876,732394000000,ALRIMAYA HISTORICAL POT 2.4 LTR BLK,https://alrimaya.com/image/cache/catalog/product/2310/22-2864%20(1)-2310-thumb-800x800.jpg
22-2877,732394000000,ALRIMAYA HISTORICAL POT 2.4 LTR BRN,https://alrimaya.com/image/cache/catalog/product/2309/22-2865%20(1)-2309-thumb-800x800.jpg
22-2878,691310100000,OUD BURNER - WHITE,https://alrimaya.com/image/catalog/product/3143/22-2878-(2)-min-3143-thumb.jpg
22-2879,691310100000,OUD BURNER - BLUE,https://alrimaya.com/image/cache/catalog/product/3143/22-2879-(1)-min-3143-thumb-800x800.jpg
22-2880,22-2880,ALRIMAYA BOWL AND CUTTING BOARD 2IN1,https://alrimaya.com/image/catalog/product/2284/22-2880%20(3)-min-2284-thumb.jpg
22-2881,22-2881,STORAGE CANISTER 4IN1,https://alrimaya.com/image/catalog/product/2249/22-2881%20(1)-min-2249-thumb.jpg
22-2882,22-2882,WOOD HANDLE ROUND SKIMMER,https://alrimaya.com/image/catalog/product/2281/22-2882%20(1)-min-2281-thumb.jpg
22-2883,22-2883,KITCHEN WARE WOOD HANDLE - ROUND SPOON,https://alrimaya.com/image/catalog/product/2285/22-2883%20(1)-min-2285-thumb.jpg
22-2884,22-2884,KITCHEN WARE WOOD HANDLE - SPATULA,https://alrimaya.com/image/catalog/product/2286/22-2884%20(1)-min-2286-thumb.jpg
22-2885,22-2885,KITCHEN WARE WOOD HANDLE - SERVICE SPOON,https://alrimaya.com/image/catalog/product/2287/22-2885%20(2)-min-2287-thumb.jpg
22-2886,790700600000,GARLIC PUSHER,https://alrimaya.com/image/catalog/product/2319/22-2886%20(1)-2319-thumb.jpg
22-2887,8214190900000,MULTI FUNCTION CUTLERY SET,https://alrimaya.com/image/catalog/product/2278/22-2887%20(1)-2278-thumb.jpg
22-2888,22-2888,WRENCH,https://alrimaya.com/image/catalog/product/2538/22-2888%20(6)-min-2538-thumb.jpg
22-2889,22-2889,EGG BAG WITH TRAY,https://alrimaya.com/image/catalog/product/2621/22-2889-14-min-2621-thumb.jpg
22-2891,790700600000,SAJAH 45CM - BLACK,https://alrimaya.com/image/cache/catalog/product/2318/22-2891%2022-2292%20(5)-2318-thumb-800x800.jpg
22-2892,790700600000,SAJAH 45CM - BROWN,https://alrimaya.com/image/cache/catalog/product/2318/22-2891%2022-2292%20(3)-2318-thumb-800x800.jpg
22-2893,STODK-01-R8,STEELIE ORBITER DASH KIT - STODK-01-R8,https://alrimaya.com/image/catalog/product/2204/22-2893-(3)-2204-thumb.jpg
22-2894,STOVK-01-R8,STEELIE ORBITER VENT KIT - STOVK-01-R8,https://alrimaya.com/image/catalog/product/2205/22-2894-(2)-2205-thumb.jpg
22-2895,CJWR18-09-R6,CAMJAM TIE DOWN STRAP 18 FT - CJWR18-09-R6,https://alrimaya.com/image/catalog/product/2207/22-2895-(1)-2207-thumb.jpg
22-2896,FLO2-01-R7,FLIPOUT HANDLE + STAND -BLACK - FLO2-01-R7,https://alrimaya.com/image/catalog/product/2217/22-2896-(2)-2217-thumb.jpg
22-2897,LSBA4-09-R6,S-BINER SLIDELOCK AL#4-CHARC - LSBA4-09-R6,https://alrimaya.com/image/catalog/product/2216/22-2897%20(4)-2216-thumb.jpg
22-2898,LSBA3-09-R6,S-BINER SLIDELOCK AL#3-CHARC - LSBA3-09-R6,https://m.media-amazon.com/images/I/71GmAy2paWL.jpg
22-2899,LSBA2-09-R6,S-BINER SLIDELOCK AL#2-CHARC - LSBA2-09-R6,https://ic.carid.com/nite-ize/items/lsba2-09-r6_1.jpg
22-2900,FLO2-41-R7,FLIPOUT HANDLE + STAND - FLO2-41-R7,https://www.gigaparts.com/media/catalog/product/cache/dfaec006bd6782dbad92b9435baa8bcf/f/l/flo2-41-r7_p_0003_sqrgb_l.jpg
22-2901,22-2901,DALLAH HALEEB BIG 2L,https://alrimaya.com/image/cache/catalog/product/2107/22-2901-min-2107-thumb-800x800.jpg
22-2902,22-2902,DALLAH HALEEB MEDIUM 1.5L,https://alrimaya.com/image/cache/catalog/product/2107/22-2901-min-2107-thumb-800x800.jpg
22-2903,22-2903,DALLAH HALEEB SMALL 1L,https://alrimaya.com/image/catalog/product/2107/22-2901-min-2107-thumb.jpg
22-2904,732119000000,MANDI NET 48 x 65 Cm,https://alrimaya.com/image/catalog/product/2556/22-2904-min-2556-thumb.jpg
22-2905,22-2905,OVEN 50X36.5X103 CM,https://alrimaya.com/image/catalog/product/2242/22-2905-(2)-2242-thumb.jpg
22-2906,732394000000,ALRIMAYA ENAMEL PLATE 34CM WHITE,https://alrimaya.com/image/cache/catalog/product/2351/22-2906-1-min-2351-thumb-800x800.jpg
22-2907,732394000000,ALRIMAYA ENAMEL PLATE 34CM BLUE,https://alrimaya.com/image/cache/catalog/product/2352/22-2907-min-2352-thumb-800x800.jpg
22-2908,22-2908,ALRIMAYA ENAMEL PLATE 34CM BLACK,https://alrimaya.com/image/cache/catalog/product/2353/22-2908-min-2353-thumb-800x800.jpg
22-2909,22-2909,ALRIMAYA ENAMEL PLATE 34CM BROWN,https://alrimaya.com/image/cache/catalog/product/2354/22-2909-min-2354-thumb-800x800.jpg
22-2910,732394000000,ALRIMAYA ENAMEL PLATE 40CM WHITE,https://alrimaya.com/image/cache/catalog/product/2351/22-2906-1-min-2351-thumb-800x800.jpg
22-2911,732394000000,ALRIMAYA ENAMEL PLATE 40CM BLUE,https://alrimaya.com/image/cache/catalog/product/2352/22-2907-min-2352-thumb-800x800.jpg
22-2912,22-2912,ALRIMAYA ENAMEL PLATE 40CM BLACK,https://alrimaya.com/image/cache/catalog/product/2353/22-2908-min-2353-thumb-800x800.jpg
22-2913,22-2913,ALRIMAYA ENAMEL PLATE 40CM BROWN,https://alrimaya.com/image/cache/catalog/product/2354/22-2909-min-2354-thumb-800x800.jpg
22-2914,732394000000,ALRIMAYA ENAMEL PLATE 45CM WHITE,https://alrimaya.com/image/cache/catalog/product/2351/22-2906-1-min-2351-thumb-800x800.jpg
22-2915,732394000000,ALRIMAYA ENAMEL PLATE 45CM BLUE,https://alrimaya.com/image/cache/catalog/product/2352/22-2907-min-2352-thumb-800x800.jpg
22-2916,22-2916,ALRIMAYA ENAMEL PLATE 45CM BLACK,https://alrimaya.com/image/cache/catalog/product/2353/22-2908-min-2353-thumb-800x800.jpg
22-2917,22-2917,ALRIMAYA ENAMEL PLATE 45CM BROWN,https://alrimaya.com/image/cache/catalog/product/2354/22-2909-min-2354-thumb-800x800.jpg
22-2918,22-2918,GARLIC PUNCHER,https://alrimaya.com/image/catalog/product/2236/22-2918-(2)-min-2236-thumb.jpg
22-2919,940330900000,TABLE WITH WASHING TANK,https://alrimaya.com/image/catalog/product/2237/22-2191%20(1)-min-2237-thumb.jpg
22-2920,22-2920,FOOD TONG 55CM,https://alrimaya.com/image/catalog/product/2288/22-2920%20(1)-2288-thumb.jpg
22-2921,441919000000,PIZZA STONE W/ STAND 38CM,https://alrimaya.com/image/catalog/product/2292/22-2921%20(1)-2292-thumb.jpg
22-2922,22-2922,VEST BROWN L,https://alrimaya.com/image/cache/catalog/product/2324/22-2922%20(1)-min-2324-thumb-800x800.jpg
22-2923,22-2923,VEST BROWN XL,https://alrimaya.com/image/cache/catalog/product/2324/22-2922%20(1)-min-2324-thumb-800x800.jpg
22-2924,22-2924,VEST BROWN XXXL,https://alrimaya.com/image/cache/catalog/product/2324/22-2922%20(1)-min-2324-thumb-800x800.jpg
22-2925,22-2925,VEST KHAKI L,https://alrimaya.com/image/cache/catalog/product/2325/22-2926%20(1)-min-2325-thumb-800x800.jpg
22-2926,22-2926,VEST KHAKI XL,https://alrimaya.com/image/cache/catalog/product/2325/22-2926%20(1)-min-2325-thumb-800x800.jpg
22-2927,22-2927,VEST KHAKI XXXL,https://alrimaya.com/image/cache/catalog/product/2325/22-2926%20(1)-min-2325-thumb-800x800.jpg
22-2928,22-2928,عزية الشاى والقهوة دورين,https://alrimaya.com/image/catalog/product/2339/22-2637-(1)-2225-thumb-900x600-2339-thumb.jpg
22-2929,22-2929,BRE SHOWER SHEET,https://alrimaya.com/image/catalog/product/2498/22-2929%20(2)-min-2498-thumb.jpg
22-2931,22-2931,تكاية باترول فتك جملى,https://alrimaya.com/image/catalog/product/2014/22-2754-(2)-min-2014-thumb.jpg
22-2932,SULTAN BED-1,FOLDING BED CAMPING -183X87X29CM,https://alrimaya.com/image/catalog/product/2397/22-2932%20(2)-2397-thumb.jpg
22-2933,22-2933,"UNIVERSAL TRAVEL ADAPTOR 3USB, 3.4A",https://alrimaya.com/image/catalog/product/2163/22-2933-(1)-2163-thumb.jpg
22-2934,420222000000,TOOL BAG SET,https://alrimaya.com/image/catalog/product/2277/22-2934-1min-2277-thumb.jpg
22-2935,22-2935,NAJD FIRE STARTER SMALL,https://alrimaya.com/image/cache/catalog/product/2484/22-2935%20(2)-min-2484-thumb-800x800.jpg
22-2936,22-2936,NAJD FIRE STARTER BIG,https://alrimaya.com/image/cache/catalog/product/2484/22-2935%20(2)-min-2484-thumb-800x800.jpg
22-2937,22-2937,CHOPPING BOWL 3PCS SET,https://alrimaya.com/image/catalog/product/2289/22-2937%20(1)-2289-thumb.jpg
22-2938,22-2938,FOLDABLE TAKAYA 45X29X26CM,https://alrimaya.com/image/catalog/product/2298/22-2938-2298-thumb.jpg
22-2939,22-2939,CHARCOAL STOVE SET 25X26.5CM - SMALL,https://alrimaya.com/image/catalog/product/2282/22-2939%20(1)-2282-thumb.jpg
22-2940,22-2940,ALRIMAYA CHARCOAL STOVE SET BIG,https://alrimaya.com/image/catalog/product/2290/22-2940%20(1)-2290-thumb.jpg
22-2941,22-2941,FIRE STARTER,https://alrimaya.com/image/catalog/product/2437/22-2941-1-min-2437-thumb.jpg
22-2942,22-2942,JACKET LONG BROWN,https://i.ibb.co/128sPhj/22-2942-1.jpg
22-2943,22-2943,JACKET LONG DARK GRAY,https://alrimaya.com/image/cache/catalog/product/3568/22-2943%20(1)-3568-thumb-600x600.jpg
22-2944,22-2944,JACKET LONG BEIGE,https://i.ibb.co/5TtScQ7/22-2944-1-Large.jpg
22-2945,22-2945,JACKET LONG GRAY,https://i.ibb.co/98Gpqdp/22-2945-1-Large.jpg
22-2946,22-2946,JACKET SHORT BLUE,https://i.ibb.co/6XPjc8t/22-2946-1.jpg
22-2947,22-2947,JACKET SHORT BROWN,https://i.ibb.co/NrrtJFJ/22-2947-1.jpg
22-2948,22-2948,JACKET SHORT (HIGH QUALITY) BLUE,https://i.ibb.co/Y7dFWsW/22-2948-1.jpg
22-2950,22-2950,صندوق بلاستيك كبير,https://alrimaya.com/image/catalog/product/2103/22-2762-(1)-min-2103-thumb.jpg
22-2952,22-2952,SPATULA 44.5 CM,https://alrimaya.com/image/catalog/product/2410/22-2952%20(1)-min-2410-thumb.jpg
22-2953,732391000000,BBQ TONGS 45.5 CM,https://alrimaya.com/image/catalog/product/2411/22-2953%20(2)-min-2411-thumb.jpg
22-2954,22-2954,KNIFE BAG,https://alrimaya.com/image/catalog/product/2415/22-2954%20(1)-min-2415-thumb.jpg
22-2955,732310009999,BBQ STICK 6PCS WITH BAG,https://alrimaya.com/image/catalog/product/2438/22-2955%20(3)-min-2438-thumb.jpg
22-2956,611596000000,SKINNERS ADULTS BLACK LINE (WHITE) 40-42 MEDIUM,https://alrimaya.com/image/cache/catalog/product/2610/22-2956%20(1)-min-2610-thumb-800x800.jpg
22-2957,611596000000,SKINNERS ADULTS BLACK LINE (WHITE) 43-44 LARGE,https://alrimaya.com/image/cache/catalog/product/2610/22-2956%20(1)-min-2610-thumb-800x800.jpg
22-2958,611596000000,SKINNERS ADULTS ATH. LINE (OLIVE GREEN) 40-42 MEDI,https://alrimaya.com/image/cache/catalog/product/2611/22-2958%20(1)-min-2611-thumb-800x800.jpg
22-2959,611596000000,SKINNERS ADULTS ATH. LINE (OLIVE GREEN) 43-44 LARG,https://alrimaya.com/image/cache/catalog/product/2611/22-2958%20(1)-min-2611-thumb-800x800.jpg
22-2960,790700600000,GAHWA CUPS AND SAUCER 6PCS/SET RED 110CC,https://alrimaya.com/image/cache/catalog/product/2671/22-2960%20(1)(1)-min-2671-thumb-800x800.jpg
22-2961,790700600000,GAHWA CUPS AND SAUCER 6PCS/SET BLUE 110CC,https://alrimaya.com/image/cache/catalog/product/2671/22-2961%20(1)-min-2671-thumb-800x800.jpg
22-2962,790700600000,GAHWA CUPS AND SAUCER 6PCS/SET GREEN 110CC,https://alrimaya.com/image/cache/catalog/product/2671/22-2962%20(1)-min-2671-thumb-800x800.jpg
22-2963,790700600000,GAHWA CUPS AND SAUCER 6PCS/SET GOLDEN 110CC,https://alrimaya.com/image/cache/catalog/product/2671/22-2963%20(1)-min-2671-thumb-800x800.jpg
22-2964,790700600000,GAHWA CUPS 6PCS/SET MULTICOLORED,https://alrimaya.com/image/catalog/product/2672/22-2964%20(2)-min-2672-thumb.jpg
22-2965,790700600000,GAHWA CUPS 6PCS/SET GOLDEN & BLUE,https://alrimaya.com/image/catalog/product/2673/22-2965%20(2)-min-2673-thumb.jpg
22-2966,790700600000,GAHWA CUPS 6PCS/SET BLUE,https://alrimaya.com/image/catalog/product/2674/22-2966%20(2)-min-2674-thumb.jpg
22-2967,22-2967,FIRE BOX 26x28x20cm,https://alrimaya.com/image/catalog/product/2580/22-2967%20(1)-min-2580-thumb.jpg
22-2968,22-2968,FIRE BOX 19x12.5x12cm,https://alrimaya.com/image/catalog/product/2605/22-2968%20(1)-min-2605-thumb.jpg
22-2969,7907006000,DOUBLE FRY PAN 49 X 15 X 3.8 CM,https://alrimaya.com/image/catalog/product/2570/22-2969%20(1)-min-2570-thumb.jpg
22-2970,22-2970,CARGO NET BLACK 1.6X1.8M,https://alrimaya.com/image/catalog/product/2579/22-2970%20(1)-min-2579-thumb.jpg
22-2971,420212100005,ARCOS KNIFE ROLL BAG - 852500,https://i.ibb.co/DR2FVjm/Whats-App-Image-2023-02-22-at-7-21-46-PM.jpg
22-2972,708300,ARCOS CUTTING BOARD NATURAL 427X327 MM,https://alrimaya.com/image/catalog/product/2402/22-2972-min-2402-thumb.jpg
22-2973,22-2973,KITCHEN MULTI TOOL SCISSOR ,https://alrimaya.com/image/catalog/product/2585/22-2973%20(1)-min-2585-thumb.jpg
22-2974,821300000000,KITCHEN SCISSOR ,https://alrimaya.com/image/catalog/product/2586/22-2974%20(1)-min-2586-thumb.jpg
22-2975,22-2975,BACKSEAT ORGANZER BLACK,https://alrimaya.com/image/cache/catalog/product/2578/22-2975-min-2578-thumb-800x800.jpg
22-2976,22-2976,BACKSEAT ORGANZER BROWN,https://alrimaya.com/image/cache/catalog/product/2578/22-2976-min-2578-thumb-800x800.jpg
22-2977,22-2977,BACKSEAT ORGANZER BEIDGE,https://alrimaya.com/image/cache/catalog/product/2578/22-2977-min-2578-thumb-800x800.jpg
22-2978,22-2978,HUNTING FOLDING CHAIR 34X34X44CM,https://alrimaya.com/image/catalog/product/2427/22-2978%20(3)-2427-thumb.jpg
22-2979,940179000000,HUNTING FOLDING CHAIR 43X30X68CM,https://alrimaya.com/image/catalog/product/2428/22-2979%20(2)-2428-thumb.jpg
22-2980,940171900000,FOLDING CHAIR OXFORD ,https://alrimaya.com/image/catalog/product/2635/22-2980%20(1)-min-2635-thumb.jpg
22-2981,22-2981,CERAMIC GRILL 36.8CM,https://alrimaya.com/image/catalog/product/2571/22-2981%20(1)-min-2571-thumb.jpg
22-2982,TSC-UQ06SP,THERMOS STAINLESS STEEL 0.6 LITER (WHITE),https://i.ibb.co/g63JQyr/22-2982-1-Large.jpg
22-2983,TSC-UQ06SP,THERMOS STAINLESS STEEL 0.6L BLACK,https://i.ibb.co/C77ZbTT/22-2983-1-Large.jpg
22-2984,TSC-UQ06SP,THERMOS STAINLESS STEEL 0.6L DARK GRAY,https://i.ibb.co/SQN8RSz/22-2984-1-Large.jpg
22-2985,TSC-UQ10SP,THERMOS STAINLESS STEEL 1 LITER (WHITE),https://alrimaya.com/image/cache/catalog/product/2676/22-2985%20(1)-min-2676-thumb-800x800.jpg
22-2986,TSC-UQ10SP,THERMOS STAINLESS STEEL 1L BLACK,https://alrimaya.com/image/cache/catalog/product/2675/22-2986%20(1)-min-2675-thumb-800x800.jpg
22-2987,TSC-UQ10SP,THERMOS STAINLESS STEEL 1L DARK GRAY,https://alrimaya.com/image/cache/catalog/product/2677/22-2990%20(1)-min-2677-thumb-800x800.jpg
22-2988,TSC-UQ15SP,THERMOS STAINLESS STEEL 1.5 LITER (WHITE),https://alrimaya.com/image/cache/catalog/product/2676/22-2985%20(1)-min-2676-thumb-800x800.jpg
22-2989,TSC-UQ15SP,THERMOS STAINLESS STEEL 1.5L BLACK,https://alrimaya.com/image/cache/catalog/product/2675/22-2986%20(1)-min-2675-thumb-800x800.jpg
22-2990,TSC-UQ15SP,THERMOS STAINLESS STEEL 1.5L DARK GRAY,https://alrimaya.com/image/cache/catalog/product/2677/22-2990%20(1)-min-2677-thumb-800x800.jpg
22-2991,TSC-UQ20SP,THERMOS STAINLESS STEEL 2 LITER (WHITE),https://i.ibb.co/VYrdN30/22-2991-1-Large.jpg
22-2992,TSC-UQ20SP,THERMOS STAINLESS STEEL 2 LITER (BLACK),https://i.ibb.co/jkCGyYw/22-2992-1-Large.jpg
22-2993,TSC-UQ20SP,THERMOS STAINLESS STEEL 2 LITER (DARK GRAY),https://i.ibb.co/d4Bqp0z/22-2993-1-Large.jpg
22-2995,22-2995,PISTOL SAFE,https://alrimaya.com/image/catalog/product/2686/22-2995%20(1)-min-2686-thumb.jpg
22-2996,22-2996,BIG COOKING SPOONS,https://alrimaya.com/image/catalog/product/2356/22-2996-1-min-2356-thumb.jpg
22-2997,22-2997,ESTONIAN FIREWOOD 40L 15kg BAG,https://i.ibb.co/CMGdT9r/22-2997-1-Large.jpg
22-2998,WYSN-0005,BACK SUPPORT FLOOR CHAIR LIGHT BROWN,https://alrimaya.com/image/cache/catalog/product/2779/22-2998%20(2)-min-2779-thumb-900x600.jpg
22-2999,WYSN-0005,BACK SUPPORT FLOOR CHAIR RED,https://alrimaya.com/image/catalog/product/2779/22-2999%20(2)-min-2779-thumb.jpg
2-23,31102000000018,HUNTER 40X200 CAL6.35,https://alrimaya.com/image/cache/catalog/2-23/2-23-(4)-800x800.jpg
22-3000,WYSN-0005,BACK SUPPORT FLOOR CHAIR DARK BROWN,https://alrimaya.com/image/cache/catalog/product/2779/22-3000%20(2)-min-2779-thumb-900x600.jpg
22-3001,790700600000,FOLDABLE COLANDERS,https://alrimaya.com/image/catalog/product/3281/22-3001-(1)-min-3281-thumb.jpg
22-3002,WYSN-0123,BACK SUPPORT FLOOR CHAIR RED CLASSIC,https://alrimaya.com/image/cache/catalog/product/2769/22-3002%20(4)-min-2769-thumb-800x800.jpg
22-3003,YS-551212,GUN SAFE FOR 5 GUNS,https://alrimaya.com/image/cache/catalog/product/3577/22-3003-3577-thumb-800x800.jpg
22-3004,TOBY-223004,SINNARA LIGHT 3 LEGS STAND,https://alrimaya.com/image/cache/catalog/product/2418/22-3004%20(2)-min-2418-thumb-800x800.jpg
22-3005,TOBY-223005,GLASS SUCTION BRACKET,https://alrimaya.com/image/cache/catalog/product/2419/22-3005%20(2)-min-2419-thumb-800x800.jpg
22-3006,732611000001,FOOD CHOPPER 650ML,https://alrimaya.com/image/catalog/product/2421/22-3006%20(1)-min-2421-thumb.jpg
22-3007,22-3007,SPATULA 43.5 X 10.5CM,https://alrimaya.com/image/catalog/product/2591/22-3007%20(1)-min-2591-thumb.jpg
22-3008,732611000001,BBQ TONG 49CM,https://alrimaya.com/image/catalog/product/2592/22-3008%20(2)-min-2592-thumb.jpg
22-3009,732611000001,PIZZA PEEL 46X21CM,https://alrimaya.com/image/catalog/product/2593/22-3009%20(1)-min-2593-thumb.jpg
22-3010,22-3010,PIZZA STONE 370X60MM,https://alrimaya.com/image/catalog/product/2594/22-3010-low-min-2594-thumb.jpeg
22-3011,790700600000,BAMBOO UNTENCILS SET OF 3 W/ SILICONE HANDLE,https://alrimaya.com/image/catalog/product/2574/22-3011%20(2)-min-2574-thumb.jpg
22-3012,22-3012,BAMBOO SLOTTED SPOON ,https://alrimaya.com/image/catalog/product/2575/22-3012%20(2)-min-2575-thumb.jpg
22-3013,22-3013,BAMBOO SOLID SPOON,https://alrimaya.com/image/catalog/product/2576/22-3013%20(2)-min-2576-thumb.jpg
22-3014,22-3014,BAMBOO SOLID SPATULA,https://alrimaya.com/image/catalog/product/2577/22-3014%20(3)-min-2577-thumb.jpg
22-3015,22-3015,ELECTRONIC LUGGAGE SCALE,https://alrimaya.com/image/catalog/product/2420/22-3015%20(1)%20copy-min-2420-thumb.jpg
22-3016,22-3016,PORTABLE AIR COOLER - WHITE,https://alrimaya.com/image/cache/catalog/product/2409/22-3016%20(2)-min-2409-thumb-800x800.jpg
22-3017,22-3017,PORTABLE AIR COOLER - BLUE,https://alrimaya.com/image/cache/catalog/product/2409/22-3017%20(1)-min-2409-thumb-800x800.jpg
22-3018,420212100001,COOLER BOX 38L,https://alrimaya.com/image/catalog/product/2430/22-3018-1-min-2430-thumb.jpg
22-3019,22-3019,"TOW STRAP 2PC x 1""x 4.5M",https://alrimaya.com/image/catalog/product/2744/22-3019%20(1)-min-2744-thumb.jpg
22-3020,22-3020,"TOW STRAP 2PC x 1.25""x 6M",https://alrimaya.com/image/catalog/product/2745/22-3020%20(1)-min-2745-thumb.jpg
22-3021,TOBY-223021,PORTABLE POWER STORAGE 102400mAh,https://alrimaya.com/image/catalog/product/2300/22-2321%20(1)-2300-thumb.jpg
22-3022,22-3022,OUTDOOR KITCHEN FOLDING TABLE,https://alrimaya.com/image/catalog/product/2746/22-3022%20(2)-min-2746-thumb.jpg
22-3023,732611000001,MANUAL COFFEE GRINDER STAINLESS STEEL,https://alrimaya.com/image/catalog/product/2639/22-3023%20(5)-min-2639-thumb.jpg
22-3024,22-3024,MANUAL COFFEE GRINDER STEEL-GLASS,https://alrimaya.com/image/catalog/product/2640/22-3024%20(5)-min-2640-thumb.jpg
22-3025,GSG021D,OVEN GLOVES 17.2 x1 3.2cm,https://alrimaya.com/image/catalog/product/2429/22-3025%20(1)-min-2429-thumb.jpg
22-3026,03U80-1,SPOON 35.2 x 7 x 3.4cm,https://alrimaya.com/image/catalog/product/2612/22-3026%20(1)-min-2612-thumb.jpg
22-3027,03U80-1,SPAGETTIE SPOON 36 x 7.8 x 3.2cm,https://alrimaya.com/image/catalog/product/2616/22-3037%20(1)-min-2616-thumb.jpg
22-3028,03U80-1,LADLE 33 x 9.3 x 6.8cm,https://alrimaya.com/image/catalog/product/2613/22-3028%20(1)-min-2613-thumb.jpg
22-3029,03U80-1,CHINESE TURNER 35.7 x 10.2cm,https://alrimaya.com/image/catalog/product/2614/22-3029%20(1)-min-2614-thumb.jpg
22-3030,22-3030,COLLAPSIBLE MEASURING CUP,https://alrimaya.com/image/catalog/product/2615/22-3030%20(1)-min-2615-thumb.jpg
22-3031,820320000004,FOOD TONGS 33 x 8 x 4cm,https://alrimaya.com/image/catalog/product/2603/22-3031%20(2)-min-2603-thumb.jpg
22-3032,22-3032,MULTI-FUNCTION PEELER,https://alrimaya.com/image/catalog/product/2573/22-3032%20(1)-min-2573-thumb.jpg
22-3033,392490909999,COOLER BUCKET 20 LITER,https://alrimaya.com/image/catalog/product/2416/22-3033%20(1)-min-2416-thumb.jpg
22-3034,61510900006,FRY PAN CAST ALUMINUM 24 CM,https://alrimaya.com/image/cache/catalog/product/2695/22-3036%20(1)-min-2695-thumb-800x800.jpg
22-3035,61510900006,FRY PAN CAST ALUMINUM 28CM,https://alrimaya.com/image/cache/catalog/product/2695/22-3036%20(1)-min-2695-thumb-800x800.jpg
22-3036,61510900006,FRY PAN CAST ALUMINUM 32CM,https://alrimaya.com/image/cache/catalog/product/2695/22-3036%20(1)-min-2695-thumb-800x800.jpg
22-3037,61510900006,FRY PAN SIDE HANDLE 40CM,https://alrimaya.com/image/catalog/product/2696/22-3037%20(1)-min-2696-thumb.jpg
22-3038,732119000000,PIZZA OVEN  48x35x17cm,https://alrimaya.com/image/catalog/product/2563/22-3038%20(1)-min-2563-thumb.jpg
22-3039,22-3039,PMS PDV 5Y 3WAY,https://alrimaya.com/image/cache/catalog/product/2345/22-3039-min-2345-thumb-800x800.jpg
22-3040,22-3040,PMS PDV 5Y 6WAY,https://alrimaya.com/image/cache/catalog/product/2345/22-3040-min-2345-thumb-800x800.jpg
22-3041,22-3041,PMS USB 5Y 4WAY,https://alrimaya.com/image/catalog/product/2330/22-3042-min-2330-thumb.jpg
22-3042,22-3042,PMS USB 5Y 5WAY,https://i.ibb.co/vqbkDwx/22-3042-1-Large.jpg
22-3044,22-3044,GAS CYLINDER 5 LBS,https://alrimaya.com/image/catalog/product/2315/22-3044-min-2315-thumb.jpg
22-3045,420212900033,COOLER BAG 350x230x260mm RED+WHITE (PVC),https://alrimaya.com/image/cache/catalog/product/2500/22-3045%20(2)-min-2500-thumb-800x800.jpg
22-3046,420212900033,COOLER BAG 470x290x310mm  BLUE+WHITE (PVC),https://alrimaya.com/image/cache/catalog/product/2501/22-3046%20(2)-min-2501-thumb-800x800.jpg
22-3047,420212900033,COOLER BAG 350x230x260mm BLUE+GRAY (POLYESTER),https://alrimaya.com/image/catalog/product/2502/22-3047%20(1)-min-2502-thumb.jpg
22-3048,'420212900033,COOLER BAG 470x290x310mm PINK+GRAY (POLYESTER),https://alrimaya.com/image/catalog/product/2503/22-3048%20(1)-min-2503-thumb.jpg
22-3049,VKS-K-123,TOOL BAG/OXFORD BROWN - 39X32X25CM,https://alrimaya.com/image/catalog/product/2633/22-3049%20(1)-min-2633-thumb.jpg
22-3050,VKS-K-123,TOOL BAG/CANVAS BROWN - 39X32X25CM,https://alrimaya.com/image/catalog/product/2634/22-3050%20(1)-min-2634-thumb.jpg
22-3056,22-3056,تريك زجاج - اشعال عادي S30,https://alrimaya.com/image/catalog/product/2485/22-3056-min-2485-thumb.jpg
22-3057,22-3057,تريك زجاج - اشعال اتوماتيك  F1,https://alrimaya.com/image/catalog/product/2486/22-3057-min-2486-thumb.jpg
22-3058,22-3058,تريك حديد - اشعال عادي F2,https://alrimaya.com/image/catalog/product/2487/22-3058-min-2487-thumb.jpg
22-3060,22-3060,GOAT STAND 3MM 250KG CAPACITY,https://alrimaya.com/image/catalog/product/2606/22-3060%20(1)-min-2606-thumb.jpg
22-3061,732394900000,ENAMEL KETTLE ASIRI DESIGN 1.5L - WHITE,https://alrimaya.com/image/cache/catalog/product/2777/22-3061%20(1)-min-2777-thumb-800x800.jpg
22-3062,732394900000,ENAMEL KETTLE ASIRI DESIGN 2.0L - WHITE,https://alrimaya.com/image/cache/catalog/product/2777/22-3061%20(1)-min-2777-thumb-800x800.jpg
22-3063,732394900000,ENAMEL KETTLE ASIRI DESIGN 2.5L - WHITE,https://alrimaya.com/image/cache/catalog/product/2777/22-3061%20(1)-min-2777-thumb-800x800.jpg
22-3064,732394000000,ENAMEL KETTLE ASIRI DESIGN 1.5L - BLUE,https://alrimaya.com/image/cache/catalog/product/2778/22-3065%20(1)-min-2778-thumb-800x800.jpg
22-3065,732394000000,ENAMEL KETTLE ASIRI DESIGN 2.0L - BLUE,https://alrimaya.com/image/cache/catalog/product/2778/22-3065%20(1)-min-2778-thumb-800x800.jpg
22-3066,732394900000,ENAMEL KETTLE ASIRI DESIGN 2.5L - BLUE,https://alrimaya.com/image/cache/catalog/product/2778/22-3065%20(1)-min-2778-thumb-800x800.jpg
22-3067,22-3067,ENAMEL KETTLE ASIRI DESIGN 1.5L - BLACK,https://alrimaya.com/image/catalog/product/3390/22-3067-(1)-min-3390-thumb.jpg
22-3068,732394900000,ENAMEL KETTLE ASIRI DESIGN 2.0L - BLACK,https://alrimaya.com/image/cache/catalog/product/3390/22-3067-(1)-min-3390-thumb-800x800.jpg
22-3069,732394900000,ENAMEL KETTLE ASIRI DESIGN 2.5L - BLACK,https://alrimaya.com/image/cache/catalog/product/3390/22-3067-(1)-min-3390-thumb-800x800.jpg
22-307,31122000000130,RDCP PORTAIRCOMPROSSER,https://i.ibb.co/0CS1KqZ/Whats-App-Image-2023-09-24-at-18-21-51.jpg
22-3071,WYSN-SAC-0007,BEACH TENT WITH SILVER COATED - OLIVE GREEN,https://alrimaya.com/image/cache/catalog/product/2609/22-3071%20(1)-min-2609-thumb-800x800.jpg
22-3072,WYSN-SAC-0007,BEACH TENT WITH SILVER COATED - BROWN,https://alrimaya.com/image/cache/catalog/product/2609/22-3072%20(1)-min-2609-thumb-800x800.jpg
22-3073,DRA-223073,JUMBO KETTLE 5 L,https://alrimaya.com/image/catalog/product/2945/22-3073%20(1)-min-2945-thumb.jpg
22-3074,DRA-223074,JUMBO KETTLE 7.5 L,https://alrimaya.com/image/cache/catalog/product/2939/22-3075%20(2)-min-2939-thumb-800x800.jpg
22-3075,DRA-223075,JUMBO KETTLE 9 L,https://alrimaya.com/image/cache/catalog/product/2939/22-3075%20(2)-min-2939-thumb-800x800.jpg
22-3076,732310009999,GLASS TEA KETTLE WITH STEEL FILTER 650ML,https://alrimaya.com/image/cache/catalog/product/2275/22-2832%20(1)-2275-thumb-800x800.jpg
22-3077,732310009999,GLASS TEA KETTLE WITH STEEL FILTER 1.2Ltr,https://alrimaya.com/image/cache/catalog/product/2275/22-2832%20(1)-2275-thumb-800x800.jpg
22-3078,,NON-STICK GRILL MAT,https://alrimaya.com/image/catalog/product/2887/22-3078%20(2)-min-2887-thumb.jpg
22-3079,761510900006,ALUMINIUM PRESSURE COOKER 7L - BLACK,https://alrimaya.com/image/cache/catalog/product/2786/22-3079%20(1)-min-2786-thumb-800x800.jpg
22-3080,732119000000,ALUMINIUM PRESSURE COOKER 9L - BLACK,https://alrimaya.com/image/cache/catalog/product/2786/22-3079%20(1)-min-2786-thumb-800x800.jpg
22-3081,22-3081,ALUMINIUM PRESSURE COOKER 11L - BLACK,https://alrimaya.com/image/cache/catalog/product/2786/22-3079%20(1)-min-2786-thumb-800x800.jpg
22-3082,761510900006,ALUMINIUM PRESSURE COOKER 7L - GRAY,https://alrimaya.com/image/cache/catalog/product/2787/22-3082%20(1)-min-2787-thumb-800x800.jpg
22-3083,761510900006,ALUMINIUM PRESSURE COOKER 9L - GRAY,https://alrimaya.com/image/cache/catalog/product/2787/22-3082%20(1)-min-2787-thumb-800x800.jpg
22-3084,761510900006,ALUMINIUM PRESSURE COOKER 11L - GRAY,https://alrimaya.com/image/cache/catalog/product/2787/22-3082%20(1)-min-2787-thumb-800x800.jpg
22-3085,22-3085,CAMPING  COT - Beige & Black,https://alrimaya.com/image/catalog/product/2770/22-3085%20(1)-min-2770-thumb.jpg
22-3087,22-3087,ECO FIRE STARTER,https://alrimaya.com/image/catalog/product/2435/22-3087-2-min-2435-thumb.jpg
22-3088,732394900000,ENAMEL KETTLE ASIRI 0.7L WHITE,https://alrimaya.com/image/cache/catalog/product/2749/22-3088%20(1)-min-2749-thumb-800x800.jpg
22-3089,732394900000,ENAMEL KETTLE ASIRI  1.1L WHITE,https://alrimaya.com/image/cache/catalog/product/2749/22-3088%20(1)-min-2749-thumb-800x800.jpg
22-3090,732394900000,ENAMEL KETTLE ASIRI 1.5L WHITE,https://alrimaya.com/image/cache/catalog/product/2749/22-3088%20(1)-min-2749-thumb-800x800.jpg
22-3091,732394900000,ENAMEL KETTLE ASIRI  2.3L WHITE,https://alrimaya.com/image/cache/catalog/product/2749/22-3088%20(1)-min-2749-thumb-800x800.jpg
22-3092,732394900000,ENAMEL KETTLE ASIRI 0.7L  BLUE,https://alrimaya.com/image/cache/catalog/product/2750/22-3092%20(1)-min-2750-thumb-800x800.jpg
22-3093,732394900000,ENAMEL KETTLE ASIRI  1.1L BLUE,https://alrimaya.com/image/cache/catalog/product/2750/22-3092%20(1)-min-2750-thumb-800x800.jpg
22-3094,732394900000,ENAMEL KETTLE ASIRI 1.5L BLUE,https://alrimaya.com/image/cache/catalog/product/2750/22-3092%20(1)-min-2750-thumb-800x800.jpg
22-3095,732394900000,ENAMEL KETTLE ASIRI  2.3L BLUE,https://alrimaya.com/image/cache/catalog/product/2750/22-3092%20(1)-min-2750-thumb-800x800.jpg
22-3096,732394900000,ENAMEL KETTLE ASIRI 0.7L RED,https://alrimaya.com/image/cache/catalog/product/2751/22-3096%20(1)-min-2751-thumb-800x800.jpg
22-3097,732394900000,ENAMEL KETTLE ASIRI  1.1L RED,https://alrimaya.com/image/cache/catalog/product/2751/22-3096%20(1)-min-2751-thumb-800x800.jpg
22-3098,732394900000,ENAMEL KETTLE ASIRI 1.5L RED,https://alrimaya.com/image/cache/catalog/product/2751/22-3096%20(1)-min-2751-thumb-800x800.jpg
22-3099,732394900000,ENAMEL KETTLE ASIRI  2.3L RED,https://alrimaya.com/image/cache/catalog/product/2751/22-3096%20(1)-min-2751-thumb-800x800.jpg
22-3100,732394900000,ENAMEL KETTLE ASIRI 0.7L YELLOW,https://alrimaya.com/image/cache/catalog/product/2752/22-3100%20(1)-min-2752-thumb-800x800.jpg
22-3101,732394900000,ENAMEL KETTLE ASIRI  1.1L YELLOW,https://alrimaya.com/image/cache/catalog/product/2752/22-3100%20(1)-min-2752-thumb-800x800.jpg
22-3102,732394900000,ENAMEL KETTLE ASIRI 1.5L YELLOW,https://alrimaya.com/image/cache/catalog/product/2752/22-3100%20(1)-min-2752-thumb-800x800.jpg
22-3103,732394900000,ENAMEL KETTLE ASIRI  2.3L YELLOW,https://alrimaya.com/image/cache/catalog/product/2752/22-3100%20(1)-min-2752-thumb-800x800.jpg
22-3104,732394900000,ENAMEL KETTLE ASIRI 0.7L BLACK,https://alrimaya.com/image/cache/catalog/product/2754/22-3104%20(1)-min-2754-thumb-800x800.jpg
22-3105,732394900000,ENAMEL KETTLE ASIRI  1.1L BLACK,https://alrimaya.com/image/cache/catalog/product/2754/22-3104%20(1)-min-2754-thumb-800x800.jpg
22-3106,732394900000,ENAMEL KETTLE ASIRI 1.5L BLACK,https://alrimaya.com/image/cache/catalog/product/2754/22-3104%20(1)-min-2754-thumb-800x800.jpg
22-3107,732394900000,ENAMEL KETTLE ASIRI  2.3L BLACK,https://alrimaya.com/image/cache/catalog/product/2754/22-3104%20(1)-min-2754-thumb-800x800.jpg
22-3108,732394900000,BIRD WATER DRINKER,https://alrimaya.com/image/catalog/product/2908/22-3108%20(2)-min-2908-thumb.jpg
22-3109,732394900000,COOLER BOX 50L RED COLOR,https://alrimaya.com/image/catalog/product/2771/22-3109%20(1)-min-2771-thumb.jpg
22-3110,22-3110,راس دافور صيني عريض     ,https://alrimaya.com/image/catalog/product/2909/22-3110%20(1)-min-2909-thumb.jpg
22-3111,420219900000,COOLER BOX 24L RED COLOR ,https://alrimaya.com/image/cache/catalog/product/2709/22-3111%20(3)-min-2709-thumb-800x800.jpg
22-3112,420219900000,COOLER BOX 15L RED COLOR ,https://alrimaya.com/image/cache/catalog/product/2709/22-3111%20(3)-min-2709-thumb-800x800.jpg
22-3113,3001SA/B,EUROCAMPING GAS CYLINDER 1KG/2.4L ,https://alrimaya.com/image/catalog/product/3455/22-3113%20(2)-min-3455-thumb.jpg
22-3114,3002SA/B,EUROCAMPING GAS CYLINDER 1.9KG/4.7L,https://alrimaya.com/image/cache/catalog/product/3455/22-3113%20(2)-min-3455-thumb-800x800.jpg
22-3115,3003SA/B,EUROCAMPING GAS CYLINDER 2.9KG/7L,https://alrimaya.com/image/cache/catalog/product/3455/22-3113%20(2)-min-3455-thumb-800x800.jpg
22-3116,820320000004,BBQ CLIP SILVER 30CM WOODEN HANDLE,https://alrimaya.com/image/catalog/product/3294/22-3117-(2)-min-3294-thumb.jpg
22-3117,820320000004,BBQ CLIP SILVER 60CM WOODEN HANDLE,https://alrimaya.com/image/cache/catalog/product/3294/22-3117-(2)-min-3294-thumb-800x800.jpg
22-3118,820320000004,BBQ CLIP 48CM WOODEN HANDLE,https://alrimaya.com/image/catalog/product/3295/22-3118-(2)-min-3295-thumb.jpg
22-3119,732119000000,BBQ STICK WOOD 30 CM 25PCS IN 1 PACK,https://alrimaya.com/image/cache/catalog/product/1709/22-3119%20(2)-min-1709-thumb-800x800.jpg
22-3120,790700600000,COFFEE DALLAH SS GOLDEN LID 1000ml - INDIA ,https://alrimaya.com/image/cache/catalog/product/2903/22-3120%20(1)-min-2903-thumb-800x800.jpg
22-3121,732393000000,COFFEE DALLAH SS GOLDEN LID 1200ML - INDIA ,https://alrimaya.com/image/cache/catalog/product/2903/22-3120%20(1)-min-2903-thumb-800x800.jpg
22-3122,732393000000,COFFEE DALLAH SS GOLDEN LID 1400ML - INDIA ,https://alrimaya.com/image/cache/catalog/product/2903/22-3120%20(1)-min-2903-thumb-800x800.jpg
22-3124,DRA-223124,STAINLESS STEEL NICE DAY JAR - MEDIUM,https://alrimaya.com/image/cache/catalog/product/2946/22-3124%20(1)-min-2946-thumb-800x800.jpg
22-3125,DRA-223125,STAINLESS STEEL NICE DAY JAR - BIG,https://alrimaya.com/image/cache/catalog/product/2946/22-3124%20(1)-min-2946-thumb-800x800.jpg
22-3126,22-3126,NITECORE CELLPHONE RING SUPPORT,https://alrimaya.com/image/catalog/product/2910/22-3126%20(2)-min-2910-thumb.jpg
22-3127,732393000000,VINTAGE CONTAINER-1000ML -STAINLESS STEEL,https://alrimaya.com/image/catalog/product/3062/22-3127%20(1)-min-3062-thumb.jpg
22-3128,WYSN-0006,BACK SUPPORT FLOOR CHAIR WITH ARMREST,https://alrimaya.com/image/catalog/product/3159/22-3128-(1)-min-3159-thumb.jpg
22-3129,WYSN-0006M,BACK SUPPORT FLOOR CHAIR WITH ARMREST,https://alrimaya.com/image/catalog/product/3144/22-3129-(5)-min-3144-thumb.jpg
22-3130,WYSN-0501E,BACK SUPPORT FLOOR CHAIR SOFA,https://alrimaya.com/image/catalog/product/2905/22-3130 (2)-min-2905-thumb.jpg
22-3132,VKS-K-503-1,CAMPING BAG 46x26x25CM/OXFORD/COFFEE,https://alrimaya.com/image/cache/catalog/product/2869/22-3134%20(3)-min-2869-thumb-800x800.jpg
22-3133,VKS-K-503-2,CAMPING BAG 56x32x31CM/OXFORD/COFFEE,https://alrimaya.com/image/cache/catalog/product/2869/22-3134%20(3)-min-2869-thumb-800x800.jpg
22-3134,VKS-K-503-3,CAMPING BAG 66x38x37CM/OXFORD/COFFEE,https://alrimaya.com/image/cache/catalog/product/2869/22-3134%20(3)-min-2869-thumb-800x800.jpg
22-3135,VKS-22-3135,CAMPING BAG LONG (COFFEE),https://alrimaya.com/image/catalog/product/2922/22-3135%20(1)-min-2922-thumb.jpg
22-3136,VKS-K-505,CAMPING BAG WITH 3 SIDE POCKET COFFEE,https://alrimaya.com/image/catalog/product/2870/22-31-36%20(1)-min-2870-thumb.jpg
22-3137,VKS-K-507,CAMPING BAG WITH 5 SIDE POCKET KHAKI,https://alrimaya.com/image/catalog/product/2871/22-3137%20(1)-min-2871-thumb.jpg
22-3138,VKS-SHK-010,HIKING BACKPACK 38x22x70CM - KHAKI,https://alrimaya.com/image/catalog/product/2827/22-3138%20(1)-min-2827-thumb.jpg
22-3139,94017190000,TRAVEL CHAIR - CAMO ,https://alrimaya.com/image/catalog/product/2941/22-3139%20(2)-min-2941-thumb.jpg
22-3140,94017190000,KING CAMP DELUXE DIRECTOR CHAIR,https://alrimaya.com/image/catalog/product/2942/22-3140%20(2)-min-2942-thumb.jpg
22-3141,VKS-22-3141,HANG BAG WITH 6 GLASS CUPS/LIGHT BROWN,https://alrimaya.com/image/cache/catalog/product/2898/22-3141%20(2)-min-2898-thumb-800x800.jpg
22-3142,VKS-22-3142,HANG BAG WITH 6 GLASS CUPS/DARK BROWN,https://alrimaya.com/image/cache/catalog/product/2898/22-3141%20(2)-min-2898-thumb-800x800.jpg
22-3143,VKS-22-3143,HANG BAG WITH 8 GLASS CUPS/LIGHT BROWN,https://alrimaya.com/image/cache/catalog/product/2899/22-3141%20(2)-min-2899-thumb-800x800.jpg
22-3144,VKS-22-3144,HANG BAG WITH 8 GLASS CUPS/DARK BROWN,https://alrimaya.com/image/cache/catalog/product/2899/22-3141%20(2)-min-2899-thumb-800x800.jpg
22-3145,VKS-22-3145,GLASS CUP HANG BAG - 10 GLASS ( LIGHT BROWN ),https://alrimaya.com/image/cache/catalog/product/2900/22-3145%20(2)-min-2900-thumb-800x800.jpg
22-3146,VKS-22-3146,GLASS CUP HANG BAG - 10 GLASS ( DARK BROWN ),https://alrimaya.com/image/cache/catalog/product/2900/22-3146%20(2)-min-2900-thumb-800x800.jpg
22-3147,VKS-22-3147,HANG BAG WITH 12 GLASS CUPS/LIGHT BROWN,https://alrimaya.com/image/cache/catalog/product/2901/22-3147%20(2)-min-2901-thumb-800x800.jpg
22-3148,VKS-22-3148,HANG BAG WITH 12 GLASS CUPS/DARK BROWN,https://alrimaya.com/image/cache/catalog/product/2901/22-3148%20(2)-min-2901-thumb-800x800.jpg
22-3149,VKS-22-3149,HANG BAG WITH 6 GLASS CUPS/LIGHT BROWN,https://alrimaya.com/image/cache/catalog/product/2902/22-3149%20(2)-min-2902-thumb-800x800.jpg
22-3150,VKS-22-3150,HANG BAG WITH 6 GLASS CUPS/DARK BROWN,https://alrimaya.com/image/cache/catalog/product/2902/22-3150%20(2)-min-2902-thumb-800x800.jpg
22-3151,VKS-22-3151,HANG BAG WITH 8 GLASS CUPS/LIGHT BROWN,https://alrimaya.com/image/cache/catalog/product/2926/22-3151%20(2)-min-2926-thumb-800x800.jpg
22-3152,VKS-22-3152,HANG BAG WITH 8 GLASS CUPS/DARK BROWN,https://alrimaya.com/image/cache/catalog/product/2926/22-3152%20(1)-min-2926-thumb-800x800.jpg
22-3153,VKS-22-3153,GLASS CUP HANG BAG - 10 GLASS (LIGHT BROWN),https://alrimaya.com/image/cache/catalog/product/2927/22-3153%20(1)-min-2927-thumb-800x800.jpg
22-3154,VKS-22-3154,GLASS CUP HANG BAG - 10 GLASS (DARK BROWN),https://alrimaya.com/image/cache/catalog/product/2927/22-3154%20(1)-min-2927-thumb-800x800.jpg
22-3155,VKS-22-3155,HANG BAG WITH 12 GLASS CUPS/LIGHT BROWN,https://alrimaya.com/image/cache/catalog/product/2928/22-3155%20(1)-min-2928-thumb-800x800.jpg
22-3156,VKS-22-3156,HANG BAG WITH 12 GLASS CUPS/DARK BROWN,https://alrimaya.com/image/cache/catalog/product/2928/22-3156%20(1)-min-2928-thumb-800x800.jpg
22-3157,TLR223157,Mattress 68/200 Beige Color,https://alrimaya.com/image/catalog/product/3607/22-3157-(3)-3607-thumb.jpg
22-3158,TLR223158,"Mattress 68/200, yellow color",https://alrimaya.com/image/catalog/product/3859/22-3158 (1)-3859-thumb.jpg
22-3161,TLR223161,فرشة زاوية 190/190 شعبى بيج,https://alrimaya.com/image/catalog/product/4614/22-3161-2-4614-thumb.jpg
22-3163,22-3163,فرشة زاوية 190/190 ازرق,https://i.ibb.co/X7T27KN/22-3163-2-min-2911-thumb-900x600-Large.jpg
22-3165,NCJSA-29-R3,CamJam® XT™ Aluminum Cord Tightener / NCJSA-29-R3,https://m.media-amazon.com/images/I/81VQuEbQsHL._AC_SL1500_.jpg
22-3166,22-3166,DEEM GUESTS DALLA 7 LITERS,https://alrimaya.com/image/catalog/product/2929/22-3166-2929-thumb.jpg
22-3167,SBA4-08-R6,S-Biner #4 - Olive / SBA4-08-R6,https://alrimaya.com/image/catalog/product/2830/22-3167%20(1)-min-2830-thumb.jpg
22-3168,SBA234-A2-R6,S-Biner® - 3 Pack - Assort / SBA234-A2-R6,https://alrimaya.com/image/catalog/product/2831/22-3168%20(1)-min-2831-thumb.jpg
22-3169,MSBL-08-R7,SlideLock® 360° Magnetic Locking / MSBL-08-R7,https://alrimaya.com/image/catalog/product/2832/22-3169%20(1)-min-2832-thumb.jpg
22-3170,,حبل زينة تراثي    ,https://alrimaya.com/image/cache/catalog/product/3608/22-3170-(2)-min-3608-thumb-800x800.jpg
22-3171,CSLAW3-10-R6,SLIDELOCK® KEY RING ALUMINUM - RED / CSLAW3-10-R6,https://alrimaya.com/image/catalog/product/2833/22-3171%20(1)-min-2833-thumb.jpg
22-3172,KLKBF-07-R3,BigFoot Locker™ KeyRack™ - Spectrum / KLKBF-07-R3,https://alrimaya.com/image/catalog/product/2834/22-3172%20(1)-min-2834-thumb.jpg
22-3173,KRGA-A1-R3,KeyRing Locker™ S-Biner® Aluminum / KRGA-A1-R3,https://alrimaya.com/image/catalog/product/2835/22-3173%20(1)-min-2835-thumb.jpg
22-3174,732119000000,BBQ GRILL WITH FOLDABLE STAND,https://alrimaya.com/image/catalog/product/3110/22-3174-(1)-min-3110-thumb.jpg
22-3175,732119000000,FOLDABLE FIRE STAND,https://alrimaya.com/image/catalog/product/3111/22-3175-(1)-min-3111-thumb.jpg
22-3176,732119000000,FOLDABLE BBQ WITH SKEWERS,https://alrimaya.com/image/catalog/product/3112/22-3176%20(3)-min-3112-thumb.jpg
22-3177,732119000000,FOLDING FIREBOX ,https://alrimaya.com/image/catalog/product/3113/22-3177-(1)-min-3113-thumb.jpg
22-3179,22-3179,BOWL WITH LID - SMALL,https://alrimaya.com/image/cache/catalog/product/2772/22-3179%2022-3180%2022-3181%20(3)-min-2772-thumb-800x800.jpg
22-3180,22-3180,BOWL WITH LID - MEDIUM,https://alrimaya.com/image/cache/catalog/product/2772/22-3179%2022-3180%2022-3181%20(3)-min-2772-thumb-800x800.jpg
22-3181,22-3181,BOWL WITH LID - BIG,https://alrimaya.com/image/cache/catalog/product/2772/22-3179%2022-3180%2022-3181%20(3)-min-2772-thumb-800x800.jpg
22-3182,732391000000,FRY PAN WITH LEGS - 58CM,https://alrimaya.com/image/catalog/product/2963/22-3182-min-2963-thumb.jpg
22-3183,732391000000,TAWA WITH LEGS - 47.2CM,https://alrimaya.com/image/catalog/product/2964/22-3183-min-2964-thumb.jpg
22-3184,WYSN-SAC-0001-ATN,CAMPING TENT - CAMO (250X250X180CM),https://alrimaya.com/image/cache/catalog/product/2962/22-3184%20(1)-min-2962-thumb-800x800.jpg
22-3185,WYSN-SAC-0001-ATN,CAMPING TENT - BEIGE & BROWN (250X250X180CM),https://alrimaya.com/image/cache/catalog/product/2962/22-3185%20(1)-min-2962-thumb-800x800.jpg
22-3186,732394000000,ALRIMAYA HISTORICAL POT - 0.8L  RED,https://alrimaya.com/image/cache/catalog/product/2965/22-3186-(1)-min-2965-thumb-800x800.jpg
22-3187,732394000000,ALRIMAYA HISTORICAL POT - 0.8L YELLOW,https://alrimaya.com/image/cache/catalog/product/2966/22-3189-(1)-min-2966-thumb-800x800.jpg
22-3188,732394000000,ALRIMAYA HISTORICAL POT - 1.2L RED,https://alrimaya.com/image/cache/catalog/product/2965/22-3186-(1)-min-2965-thumb-800x800.jpg
22-3189,732394000000,ALRIMAYA HISTORICAL POT - 1.2L YELLOW,https://alrimaya.com/image/cache/catalog/product/2966/22-3189-(1)-min-2966-thumb-800x800.jpg
22-3190,732394000000,ALRIMAYA HISTORICAL POT - 1.8L RED,https://alrimaya.com/image/cache/catalog/product/2965/22-3186-(1)-min-2965-thumb-800x800.jpg
22-3191,732394000000,ALRIMAYA HISTORICAL POT - 1.8L YELLOW,https://alrimaya.com/image/cache/catalog/product/2966/22-3189-(1)-min-2966-thumb-800x800.jpg
22-3192,732394000000,ALRIMAYA HISTORICAL POT - 2.4L RED,https://alrimaya.com/image/cache/catalog/product/2965/22-3186-(1)-min-2965-thumb-800x800.jpg
22-3193,732394000000,ALRIMAYA HISTORICAL POT - 2.4L YELLOW,https://alrimaya.com/image/cache/catalog/product/2966/22-3189-(1)-min-2966-thumb-800x800.jpg
22-3194,732394000000,ENAMEL PLATE RED - 34CM,https://alrimaya.com/image/cache/catalog/product/2936/22-3194%20(2)-min-2936-thumb-800x800.jpg
22-3195,732394000000,ENAMEL PLATE YELLOW - 34CM,https://alrimaya.com/image/cache/catalog/product/2937/22-3195%20(2)-2937-thumb-800x800.jpg
22-3196,732394000000,ENAMEL PLATE RED - 40CM,https://alrimaya.com/image/cache/catalog/product/2936/22-3194%20(2)-min-2936-thumb-800x800.jpg
22-3197,732394000000,ENAMEL PLATE YELLOW - 40CM,https://alrimaya.com/image/cache/catalog/product/2937/22-3195%20(2)-2937-thumb-800x800.jpg
22-3198,732394000000,ENAMEL PLATE RED - 45CM,https://alrimaya.com/image/cache/catalog/product/2936/22-3194%20(2)-min-2936-thumb-800x800.jpg
22-3199,732394000000,ENAMEL PLATE YELLOW - 45CM,https://alrimaya.com/image/cache/catalog/product/2937/22-3195%20(2)-2937-thumb-800x800.jpg
22-3200,VKS-22-3200,HANG BAG WITH 6 GLASS CUPS/SINGLE/LIGHT BROWN,https://alrimaya.com/image/catalog/product/3391/22-3200-(1)-min-3391-thumb.jpg
22-3201,VKS-22-3201,HANG BAG WITH 6 GLASS CUPS/SINGLE/DARK BROWN,https://alrimaya.com/image/cache/catalog/product/3391/22-3201-(1)-min-3391-thumb-800x800.jpg
22-3202,VKS-22-3202,HANG BAG WITH 6 GLASS CUPS/SINGLE/LIGHT BROWN,https://alrimaya.com/image/catalog/product/3392/22-3202-(1)-min-3392-thumb.jpg
22-3203,VKS-22-3203,HANG BAG WITH 6 GLASS CUPS/SINGLE/DARK BROWN,https://alrimaya.com/image/cache/catalog/product/3392/22-3202-(1)-min-3392-thumb-800x800.jpg
22-3204,99152001,STAINLESS STEEL CONTAINER - BIG,https://alrimaya.com/image/catalog/product/3488/22-3204-(1)-min-3488-thumb.jpg
22-3205,99152003,CARDAMOM CONTAINER/500ml,https://alrimaya.com/image/catalog/product/2935/22-3205%20(1)-min-2935-thumb.jpg
22-3206,DRA-223206,JUG SATAINLESS STEEL - 1.2L,https://alrimaya.com/image/cache/catalog/product/2947/22-3206%20(1)-min-2947-thumb-800x800.jpg
22-3207,DRA-223207,JUG STAINLESS STEEL - 1.6L,https://alrimaya.com/image/cache/catalog/product/2947/22-3206%20(1)-min-2947-thumb-800x800.jpg
22-3208,DRA-223208,JUG STAINLESS STEEL - 2L,https://alrimaya.com/image/cache/catalog/product/2947/22-3206%20(1)-min-2947-thumb-800x800.jpg
22-3209,DRA-223209,STEEL CONTAINER GLASS LID ,https://alrimaya.com/image/catalog/product/2948/22-3209%20(1)-min-2948-thumb.jpg
22-3210,392049100000,DISH COVER 80*80CM,https://alrimaya.com/image/catalog/product/2837/22-3210%20(2)-min-2837-thumb.jpg
22-3211,392049100000,DISH COVER 70*45CM,https://alrimaya.com/image/catalog/product/2838/22-3211%20(2)-min-2838-thumb.jpg
22-3212,940171900000,PORTABLE TOILET - 20L,https://alrimaya.com/image/catalog/product/2931/22-3212%20(1)-min-2931-thumb.jpg
22-3213,732393000000, BREAKFAST SET STAINLESS STEEL - 43CM,https://alrimaya.com/image/cache/catalog/product/3060/22-3213%20(1)-min-3060-thumb-800x800.jpg
22-3214,732393000000, BREAKFAST SET STAINLESS STEEL GOLDEN - 43CM ,https://alrimaya.com/image/catalog/product/3061/22-3214%20(1)-min-3061-thumb.jpg
22-3215,732393000000, BREAKFAST SET STAINLESS STEEL - 30CM ,https://alrimaya.com/image/cache/catalog/product/3060/22-3213%20(1)-min-3060-thumb-800x800.jpg
22-3216,732393000000, BREAKFAST SET STAINLESS STEEL GOLDEN  - 30CM ,https://alrimaya.com/image/cache/catalog/product/3061/22-3214%20(1)-min-3061-thumb-800x800.jpg
22-3217,732393000000,STAINLESS STEEL CANISTER - SMALL,https://alrimaya.com/image/cache/catalog/product/3058/22-3217%20(1)-min-3058-thumb-800x800.jpg
22-3218,732393000000,STAINLESS STEEL CANISTER GOLDEN - SMALL,https://alrimaya.com/image/cache/catalog/product/3059/22-3218%20(1)-min-3059-thumb-800x800.jpg
22-3219,732393000000,STAINLESS STEEL CANISTER - BIG,https://alrimaya.com/image/cache/catalog/product/3058/22-3217%20(1)-min-3058-thumb-800x800.jpg
22-3220,732393000000,STAINLESS STEEL CANISTER GOLDEN - BIG,https://alrimaya.com/image/cache/catalog/product/3059/22-3218%20(1)-min-3059-thumb-800x800.jpg
22-3221,VKS-22-3221,TEA SUGAR BAG 5PCS SET GREY+ORANGE,https://alrimaya.com/image/catalog/product/2938/_DSC1493-min-2938-thumb.jpg
22-3222,VKS-22-3222,HANG BAG WITH 6 GAHWA CUPS/SINGLE/LIGHT BROWN,https://alrimaya.com/image/catalog/product/3393/22-3222-(1)-min-3393-thumb.jpg
22-3223,VKS-22-3223,HANG BAG WITH 6 GAHWA CUPS/SINGLE/DARK BROWN,https://alrimaya.com/image/cache/catalog/product/3393/22-3222-(1)-min-3393-thumb-800x800.jpg
22-3224,VKS-22-3224,HANG BAG WITH 12 GAHWA CUPS/SINGLE/LIGHT BROWN,https://alrimaya.com/image/catalog/product/3394/22-3224-(1)-min-3394-thumb.jpg
22-3225,VKS-22-3225,HANG BAG WITH 12 GAHWA CUPS/SINGLE/DARK BROWN,https://alrimaya.com/image/cache/catalog/product/3394/22-3225-(1)-min-3394-thumb-800x800.jpg
22-3226,VKS-T-511,CAMPING TENT - KHAKI + BROWN 200x220 CM,https://alrimaya.com/image/catalog/product/2967/22-3226-(2)-min-2967-thumb.jpg
22-3227,732394000000,2.3L TEA KETTLE RED,https://alrimaya.com/image/cache/catalog/product/3011/22-3227%20(1)-min-3011-thumb-800x800.jpg
22-3228,732394000000,TEA KETTLE 2.3 LITER - YELLOW,https://alrimaya.com/image/catalog/product/3012/22-3228%20(1)-min-3012-thumb.jpg
22-3229,732394000000,1.6L TEA KETTLE RED,https://alrimaya.com/image/cache/catalog/product/3011/22-3227%20(1)-min-3011-thumb-800x800.jpg
22-3230,732394000000,1.6L TEA KETTLE YELLOW,https://alrimaya.com/image/cache/catalog/product/3012/22-3228%20(1)-min-3012-thumb-800x800.jpg
22-3231,732394000000,1.4L TEA KETTLE RED,https://alrimaya.com/image/cache/catalog/product/3011/22-3227%20(1)-min-3011-thumb-800x800.jpg
22-3232,732394000000,1.4L TEA KETTLE YELLOW,https://alrimaya.com/image/cache/catalog/product/3012/22-3228%20(1)-min-3012-thumb-800x800.jpg
22-3234,KC2141,KINGCAMP FOLDING CHAIR WITH CUP HOLDER BLACK,https://alrimaya.com/image/catalog/product/2940/22-3234%20(4)-min-2940-thumb.jpg
22-3235,BW6598,FIRE PIT STAND BIG,https://alrimaya.com/image/cache/catalog/product/2904/22-3235%20(2)-min-2904-thumb-800x800.jpg
22-3236,ZYZY-25,FIRE PIT STAND SMALL,https://alrimaya.com/image/cache/catalog/product/2904/22-3235%20(2)-min-2904-thumb-800x800.jpg
22-3237,841850000002,AL RIMAYA FRIDGE 55L,https://alrimaya.com/image/catalog/product/2999/22-3237-2-2999-thumb.jpg
22-3238,VKS-22-3238,THERMOS BAG Grey+orange (27*17*40cm),https://alrimaya.com/image/cache/catalog/product/3003/22-3238%20(1)-min-3003-thumb-800x800.jpg
22-3239,VKS-22-3239,THERMOS BAG Red+grey (27*17*40cm),https://alrimaya.com/image/cache/catalog/product/3003/22-3239%20(1)-min-3003-thumb-800x800.jpg
22-3240,VKS-22-3240,THERMOS BAG Purple+grey (27*17*40cm),https://alrimaya.com/image/cache/catalog/product/3003/22-3240%20(1)-min-3003-thumb-800x800.jpg
22-3241,VKS-22-3241,THERMOS BAG Light green+grey (27*17*40cm),https://alrimaya.com/image/cache/catalog/product/3003/22-3241%20(1)-min-3003-thumb-800x800.jpg
22-3242,VKS-K-115,THERMOS BAG Red (22*33*33cm),https://alrimaya.com/image/cache/catalog/product/3068/22-3242-(4)-min-3068-thumb-800x800.jpg
22-3243,VKS-K-115,THERMOS BAGS Purple (22*33*33cm),https://alrimaya.com/image/cache/catalog/product/3068/22-3243-(2)-min-3068-thumb-800x800.jpg
22-3244,VKS-K-115,THERMOS BAGS Light green (22*33*33cm),https://alrimaya.com/image/cache/catalog/product/3068/22-3244-(2)-min-3068-thumb-800x800.jpg
22-3245,VKS-22-3245,OUTDOOR BAG Red (28*25*42cm),https://alrimaya.com/image/catalog/product/3069/22-3245-(1)-min-3069-thumb.jpg
22-3246,VKS-22-3246,OUTDOOR BAG Purple (28*25*42cm),https://alrimaya.com/image/cache/catalog/product/3004/22-3246%20(1)-min-3004-thumb-800x800.jpg
22-3247,VKS-22-3247,OUTDOOR BAG Light green (28*25*42cm),https://alrimaya.com/image/cache/catalog/product/3004/22-3247%20(1)-min-3004-thumb-800x800.jpg
22-3248,VKS-22-3248,CAMPING BAG Red (53*35*30cm) ,https://alrimaya.com/image/cache/catalog/product/3005/22-3248%20(2)-min-3005-thumb-800x800.jpg
22-3249,VKS-22-3249, CAMPING BAG Red (60*42*32cm) ,https://alrimaya.com/image/cache/catalog/product/3005/22-3248%20(2)-min-3005-thumb-800x800.jpg
22-3250,VKS-22-3250,CAMPING BAG RED (70*45*40cm) ,https://alrimaya.com/image/cache/catalog/product/3005/22-3248%20(2)-min-3005-thumb-800x800.jpg
22-3251,VKS-22-3251,CAMPING BAG Purple (53*35*30cm) ,https://alrimaya.com/image/cache/catalog/product/3006/22-3251%20(2)-min-3006-thumb-800x800.jpg
22-3252,VKS-22-3252,CAMPING BAG Purple (60*42*32cm),https://alrimaya.com/image/cache/catalog/product/3006/22-3251%20(2)-min-3006-thumb-800x800.jpg
22-3253,VKS-22-3253,CAMPING BAG Purple (70*45*40cm) ,https://alrimaya.com/image/cache/catalog/product/3006/22-3251%20(2)-min-3006-thumb-800x800.jpg
22-3254,VKS-22-3254,CAMPING BAG Light green (53*35*30cm) ,https://alrimaya.com/image/cache/catalog/product/3007/22-3255%20(2)-min-3007-thumb-800x800.jpg
22-3255,VKS-22-3255,CAMPING BAG Light green (60*42*32cm),https://alrimaya.com/image/cache/catalog/product/3007/22-3255%20(2)-min-3007-thumb-800x800.jpg
22-3256,VKS-22-3256,CAMPING BAG Light green (70*45*40cm),https://alrimaya.com/image/cache/catalog/product/3007/22-3255%20(2)-min-3007-thumb-800x800.jpg
22-3257,VKS-22-3257,CAMPING BAG 2 STORE SMALL Red (37*29*29cm),https://alrimaya.com/image/cache/catalog/product/3070/22-3257-(1)-min-3070-thumb-800x800.jpg
22-3258,VKS-22-3258,CAMPING BAG 2 STORE SMALL Purple (37*29*29cm) ,https://alrimaya.com/image/cache/catalog/product/3070/22-3258-(2)-min-3070-thumb-800x800.jpg
22-3259,VKS-22-3259,CAMPING BAG 2 STORE SMALL Light Green (37*29*29cm),https://alrimaya.com/image/cache/catalog/product/3070/22-3259-(2)-min-3070-thumb-800x800.jpg
22-3260,732119000000,FOLDABLE GRILL WITH SKEWERS,https://alrimaya.com/image/catalog/product/3296/22-3260-(3)-min-3296-thumb.jpg
22-3261,940179900000,FOLDING CHAIR - BLACK,https://alrimaya.com/image/catalog/product/2989/22-3261-(1)-min-2989-thumb.jpg
22-3262,KBXL-01-R7,HIDEOUT MAGNETIC KEY BOX-XL,https://alrimaya.com/image/catalog/product/2912/22-3262%20(1)-min-2912-thumb.jpg
22-3266,732310000004,CUT RESISTANT GLOVES - GREEN,https://alrimaya.com/image/catalog/product/2944/22-3266%20(2)-min-2944-thumb.jpg
22-3268,731414000000,ROUND TRIVET,https://alrimaya.com/image/catalog/product/2897/22-3268-min-2897-thumb.jpg
22-3269,RS-QC001,FOLDING CHAIR - GREEN ,https://alrimaya.com/image/catalog/product/2826/22-3269%20(1)-min-2826-thumb.jpg
22-3270,RS-QC001,FOLDING CHAIR - BLACK ,https://alrimaya.com/image/catalog/product/2825/22-3270%20(1)-min-2825-thumb.jpg
22-3271,WYSN-SAW-0009-817D,FOLDING WIND SCREEN TENT  8x1.7M,https://alrimaya.com/image/catalog/product/3025/22-3271-(1)-min-3025-thumb.jpg
22-3272,940171900000,OVERSIZED MESH COOLER CHAIR,https://alrimaya.com/image/catalog/product/3136/22-3272-(1)-min-3136-thumb.jpg
22-3273,940171900000,DIRECTOR CHAIR,https://alrimaya.com/image/catalog/product/3137/22-3273-(1)-min-3137-thumb.jpg
22-3274,940171900000,HIKING MICRO CHAIR - BLUE,https://alrimaya.com/image/catalog/product/3066/22-3274-(3)-min-3066-thumb.jpg
22-3275,940179900000,FOLDING CHAIR,https://alrimaya.com/image/catalog/product/3020/22-3275%20(1)-min-3020-thumb.jpg
22-3280,FC5,FUEL CAN - 5L,https://alrimaya.com/image/cache/catalog/product/2954/22-3280%20(1)-min-2954-thumb-800x800.jpg
22-3281,FC10,FUEL CAN - 10L,https://alrimaya.com/image/cache/catalog/product/2954/22-3281%20(2)-min-2954-thumb-800x800.jpg
22-3282,FC20,FUEL CAN - 20L,https://alrimaya.com/image/cache/catalog/product/2954/22-3282%20(2)-min-2954-thumb-800x800.jpg
22-3283,22-3283,مولع فحم -  OFOG,https://alrimaya.com/image/catalog/product/2913/22-3283-min-2913-thumb.jpg
22-3284,22-3284,مبخرة خماسي ليزر كبير  ,https://alrimaya.com/image/catalog/product/2914/22-3284%20(1)-min-2914-thumb.jpg
22-3285,,BODY SPONGE ,https://alrimaya.com/image/catalog/product/2915/22-3285%20(2)-min-2915-thumb.jpg
22-3286,732393000000,COFFEE DALLAH SS SILVER LID 1000ML - INDIA,https://alrimaya.com/image/catalog/product/3368/22-3286%20(1)-min-3368-thumb.jpg
22-3287,732393000000,COFFEE DALLAH SS SILVER LID 1200ML - INDIA,https://alrimaya.com/image/cache/catalog/product/3368/22-3286%20(1)-min-3368-thumb-800x800.jpg
22-3288,732393000000,COFFEE DALLAH SS SILVER LID 1400ML - INDIA,https://alrimaya.com/image/cache/catalog/product/3368/22-3286%20(1)-min-3368-thumb-800x800.jpg
22-3289,WYSN-SAG-0001,GOAT STAND WITH CARRY BAG,https://alrimaya.com/image/catalog/product/2987/22-1978-1411-thumb-2987-thumb.jpg
22-3290,790700600000,TEA KETTLE WITH WOODEN HANDLE - 1.2L,https://alrimaya.com/image/catalog/product/3100/22-3290-(2)-min-3100-thumb.jpg
22-3291,790700600000,KINGCAMP UTENSIL SET ,https://alrimaya.com/image/catalog/product/3016/22-3291%20(1)-min-3016-thumb.jpg
22-3292,8424419000000,SOLAR SHOWER 20L BLACK,https://alrimaya.com/image/catalog/product/3017/22-3292%20(1)-min-3017-thumb.jpg
22-3294,420212109999,HARD GUN CASE CAMO -125CM,https://alrimaya.com/image/catalog/product/3184/22-3294-(1)-min-3184-thumb.jpg
22-3295,,بيز تراثي صغير,https://alrimaya.com/image/catalog/product/2916/22-3295%20(1)-min-2916-thumb.jpg
22-3296,,بيز تراثي كبير,https://alrimaya.com/image/catalog/product/2917/22-3296%20(2)-min-2917-thumb.jpg
22-3297,790700600000,FOLDING STRAINER WITHOUT HOLE,https://alrimaya.com/image/catalog/product/2955/22-3297%20(1)-min-2955-thumb.jpg
22-3300,,مسند ظهر 75 سم مع  مركى - لون  سكري فاتح,https://i.ibb.co/Jx0hPvR/Whats-App-Image-2023-02-25-at-10-55-39-PM.jpg
22-3301,ZYZY-23,CAMPING STOVE 3 EYES WITH BAG,https://alrimaya.com/image/catalog/product/4016/22-3301-(1)-4016-thumb.jpg
22-3302,ZYZY-95,CAMPING STOVE 5 EYES WITH BAG,https://alrimaya.com/image/catalog/product/4017/22-3302-(1)-4017-thumb.jpg
22-3303,DZ-180,CAMPING BURNER,https://alrimaya.com/image/catalog/product/3274/22-3303-(1)-min-3274-thumb.jpg
22-3304,DZ-3113K,CAMPING BURNER - DZ3113K,https://alrimaya.com/image/catalog/product/3275/22-3304-(1)-min-3275-thumb.jpg
22-3305,732111100001,CAMPING BURNER YELLOW - DZ-145,https://alrimaya.com/image/catalog/product/3276/22-3305-(1)-min-3276-thumb.jpg
22-3306,ZYZY-79,CAMPING STOVE 9 EYES WITH BAG,https://alrimaya.com/image/catalog/product/4018/22-3306-(1)-4018-thumb.jpg
22-3307,392490909999,STAINLESS STEEL BOX - 11.7x6cm,https://alrimaya.com/image/catalog/product/2932/22-3307%20(1)-min-2932-thumb.jpg
22-3308,392490909999,STAINLESS STEEL BOX - 15.5X7CM,https://alrimaya.com/image/catalog/product/2933/22-3308%20(1)-min-2933-thumb.jpg
22-3309,392490909999,STAINLESS STEEL BOX - 19.5X8CM,https://alrimaya.com/image/catalog/product/2934/22-3309%20(1)-min-2934-thumb.jpg
22-3311,420340000000,INDOOR SHOES BLACK 38/39,https://i.ibb.co/qd9C1pd/22-3323-1.jpg
22-3314,6035,COOKING FIRE STAND - SMALL,https://alrimaya.com/image/cache/catalog/product/3056/22-3315%20(1)-min-3056-thumb-800x800.jpg
22-3315,6036,COOKING FIRE STAND - MEDIUM,https://alrimaya.com/image/cache/catalog/product/3056/22-3315%20(1)-min-3056-thumb-800x800.jpg
22-3316,6037,COOKING FIRE STAND - BIG,https://alrimaya.com/image/cache/catalog/product/3056/22-3315%20(1)-min-3056-thumb-800x800.jpg
22-3317,732119000000,فرشة ( مدة ) 1×3 متر  عنابي مع رصاصي,https://alrimaya.com/image/cache/catalog/product/2918/22-3317%20(2)-min-2918-thumb-800x800.jpg
22-3318,,فرشة ( مدة ) 1×3 متر ازرق مع بيج,https://alrimaya.com/image/cache/catalog/product/2918/22-3318%20(2)-min-2918-thumb-800x800.jpg
22-3319,,فرشة ( مدة ) 1×3 متر اصفر مع ازرق,https://alrimaya.com/image/cache/catalog/product/2918/22-3319%20(2)-min-2918-thumb-800x800.jpg
22-3320,,PICNIC MAT 2X4M - YELLOW,https://alrimaya.com/image/catalog/product/2919/22-3320 (2)-min-2919-thumb.jpg
22-3323,420340000000,INDOOR SHOES BLACK 40/41,https://alrimaya.com/image/catalog/product/3612/22-3323-(1)-min-3612-thumb.jpg
22-3324,420340000000,INDOOR SHOES BLACK 42/43,https://i.ibb.co/qd9C1pd/22-3323-1.jpg
22-3325,420340000000,INDOOR SHOES BLACK 44/45,https://i.ibb.co/qd9C1pd/22-3323-1.jpg
22-3326,420340000000,INDOOR SHOES NAVY 38/39,https://i.ibb.co/S5Y7nZG/22-3326-1.jpg
22-3327,420340000000,INDOOR SHOES NAVY 40/41,https://alrimaya.com/image/catalog/product/3613/22-3326-(1)-min-3613-thumb.jpg
22-3328,420340000000,INDOOR SHOES NAVY 42/43,https://i.ibb.co/S5Y7nZG/22-3326-1.jpg
22-3329,420340000000,INDOOR SHOES NAVY 44/45,https://i.ibb.co/S5Y7nZG/22-3326-1.jpg
22-3330,420340000000,INDOOR SHOES RED 36/37,https://alrimaya.com/image/catalog/product/3614/22-3330-(1)-min-3614-thumb.jpg
22-3331,420340000000,INDOOR SHOES RED 38/39,https://i.ibb.co/w4xNgbC/22-3330-1.jpg
22-3332,420340000000,INDOOR SHOES RED 40/41,https://i.ibb.co/w4xNgbC/22-3330-1.jpg
22-3333,EZBA-S,TEA & GAHWA BAG SET/BROWN/BEIGE,https://alrimaya.com/image/catalog/product/3269/22-3333-(1)-3269-thumb.jpg
22-3334,BH-S-001,LIFE JACKET - ORANGE,https://alrimaya.com/image/catalog/product/3128/22-3334%20(1)-min-3128-thumb.jpg
22-3335,940171900000,COMFORTABLE OUTDOOR CHAIR - GRAY,https://alrimaya.com/image/catalog/product/3065/22-3335-(3)-min-3065-thumb.jpg
22-3337,,OLIVE FIREWOOD - 5KG,https://alrimaya.com/image/cache/catalog/product/2925/22-3337%20(2)-min-2925-thumb-800x800.jpg
22-3338,,OLIVE FIREWOOD - 10KG,https://alrimaya.com/image/cache/catalog/product/2925/22-3337%20(2)-min-2925-thumb-800x800.jpg
22-3339,TOBY-223339,GLASS SUCTION PLATE,https://alrimaya.com/image/catalog/product/2990/22-3339-(2)-min-2990-thumb.jpg
22-334,31122000000152,290503 AIR FILTER,https://i.ibb.co/Czk0Wgz/22-334.jpg
22-3340,TOBY-223340,FOLDING FAN,https://alrimaya.com/image/catalog/product/2969/22-3340-(2)-min-2969-thumb.jpg
22-3342,820330000000,SMART CUTTER 6 IN 1,https://alrimaya.com/image/catalog/product/3174/22-3342%20(1)-min-3174-thumb.jpg
22-3343,732394000000,CANISTER WITH SPOON 600ML - WHITE,https://alrimaya.com/image/catalog/product/3193/22-3343%20(1)-min-3193-thumb.jpg
22-3344,732394000000,CANISTER WITH SPOON 600ML - RED,https://alrimaya.com/image/catalog/product/3194/22-3344%20(1)-min-3194-thumb.jpg
22-3345,732394000000,CANISTER WITH SPOON 800ML - WHITE,https://alrimaya.com/image/cache/catalog/product/3193/22-3345%20(2)-min-3193-thumb-800x800.jpg
22-3346,732394000000,CANISTER WITH SPOON 800ML - RED,https://alrimaya.com/image/cache/catalog/product/3194/22-3346%20(2)-min-3194-thumb-800x800.jpg
22-3347,732394000000,CANISTER WITH SPOON 1000ML WHITE,https://alrimaya.com/image/cache/catalog/product/3193/22-3347%20(2)-min-3193-thumb-800x800.jpg
22-3348,732394000000,CANISTER WITH SPOON 1000ML - RED,https://alrimaya.com/image/cache/catalog/product/3194/22-3348%20(3)-min-3194-thumb-800x800.jpg
22-3349,732394000000,CANISTER WITH SPOON 1200ML - WHITE,https://alrimaya.com/image/cache/catalog/product/3193/22-3347%20(3)-min-3193-thumb-800x800.jpg
22-335,31122000000153,1606001 TANK RET.BOLT,https://i.ibb.co/3RNLmQT/22-335.jpg
22-3350,732394000000,CANISTER WITH SPOON 1200ML - RED,https://alrimaya.com/image/cache/catalog/product/3194/22-3348%20(3)-min-3194-thumb-800x800.jpg
22-3351,732394000000,GAHWA CUP 100CC 6PCS RED,https://alrimaya.com/image/catalog/product/3195/22-3351%20(1)-min-3195-thumb.jpg
22-3352,732394000000,GAHWA CUP 100CC 6PCS WHITE,https://alrimaya.com/image/catalog/product/3196/22-3352%20(1)-min-3196-thumb.jpg
22-3353,VKS-K-528,PICNIC BAG - RED,https://alrimaya.com/image/catalog/product/3071/22-3353-(1)-min-3071-thumb.jpg
22-3354,VKS-K-528,PICNIC BAG - PURPLE,https://alrimaya.com/image/catalog/product/3134/22-3354-(1)-min-3134-thumb.jpg
22-3355,VKS-K-528,PICNIC BAG - BLUE,https://alrimaya.com/image/cache/catalog/product/3134/22-3355-(2)-min-3134-thumb-800x800.jpg
22-3356,VKS-22-3356,HANG BAG WITH 6pcs GLASS AND GAHWA CUP/ORANGE,https://alrimaya.com/image/catalog/product/3211/22-3356-(1)-min-3211-thumb.jpg
22-3359,VKS-22-3359,HANG BAG WITH 6pcs GLASS AND GAHWA CUP/BLUE,https://i.ibb.co/9bHc0d2/Whats-App-Image-2023-02-25-at-11-07-24-PM.jpg
22-3363,940320909999,ALUMINIUM FOLDING TABLE - WOODEN,https://alrimaya.com/image/catalog/product/3132/22-3363-(1)-min-3132-thumb.jpg
22-3364,732611000001,PIZZA PEEL WITH FOLDABLE HANDLE,https://alrimaya.com/image/catalog/product/3289/22-3364-(1)-min-3289-thumb.jpg
22-3365,RS-QC001,FOLDING CHAIR - GRAY,https://alrimaya.com/image/cache/catalog/product/3057/22-3365%20(1)-min-3057-thumb-900x600.jpg
22-3366,RS-QC001,FOLDING CHAIR - RED,https://alrimaya.com/image/catalog/product/3057/22-3366%20(1)-min-3057-thumb.jpg
22-3367,RS-QC001,FOLDING CHAIR - PINK,https://alrimaya.com/image/cache/catalog/product/3057/22-3367%20(1)-min-3057-thumb-900x600.jpg
22-3368,RS-QC001,FOLDING CHAIR - BLUE,https://alrimaya.com/image/cache/catalog/product/3057/22-3368%20(1)-min-3057-thumb-900x600.jpg
22-3369,RS-QC001,FOLDING CHAIR - PURPLE,https://alrimaya.com/image/cache/catalog/product/3057/22-3369%20(1)-min-3057-thumb-900x600.jpg
22-3370,630140000000,PICNIC BEACH MAT 2x3M - BLUE,https://alrimaya.com/image/catalog/product/3013/22-3370-(2)-3013-thumb.jpg
22-3371,630140000000,2 IN 1 PICNIC BEACH BLANKET 1.5x2M - COFFEE,https://alrimaya.com/image/catalog/product/3014/22-3371-(1)-3014-thumb.jpg
22-3372,630140000000,2 IN 1 PICNIC BEACH BLANKET 1.5x2M - DARK GREEN,https://alrimaya.com/image/catalog/product/3015/22-3372 (1)-min-3015-thumb.jpg
22-3374,732391000000,FRY PAN WITH LEGS 69.5CM - CAST IRON,https://alrimaya.com/image/catalog/product/3131/22-3374-22-3375-min-3131-thumb.jpg
22-3375,732391000000,FRY PAN WITH LEGS 85CM - CAST IRON,https://alrimaya.com/image/cache/catalog/product/3131/22-3374-(1)-min-3131-thumb-800x800.jpg
22-3376,732119000000,SS CLIP WITH WOODEN HANDLE - 45CM,https://alrimaya.com/image/catalog/product/3101/22-3376-(1)-min-3101-thumb.jpg
22-3377,732119000000,SS CLIP WITH RUBBER HANDLE - 43.5CM,https://alrimaya.com/image/catalog/product/3102/22-3377-(1)-min-3102-thumb.jpg
22-3378,750890200000,STAINLESS STEEL BOTTLE 500ML - GREEN,https://alrimaya.com/image/catalog/product/3122/22-3378-(1)-min-3122-thumb.jpg
22-3379,750890200000,STAINLESS STEEL BOTTLE 500ML - RED,https://alrimaya.com/image/catalog/product/3123/22-3379-(1)-min-3123-thumb.jpg
22-3380,750890200000,STAINLESS STEEL BOTTLE 500ML - BLUE,https://alrimaya.com/image/catalog/product/3124/22-3380-(1)-min-3124-thumb.jpg
22-3381,750890200000,STAINLESS STEEL BOTTLE 500ML - WHITE,https://alrimaya.com/image/catalog/product/3125/22-3381-(1)-min-3125-thumb.jpg
22-3382,750890200000,STAINLESS STEEL BOTTLE 700ML - GREEN,https://alrimaya.com/image/cache/catalog/product/3122/22-3378-(1)-min-3122-thumb-800x800.jpg
22-3383,750890200000,STAINLESS STEEL BOTTLE 700ML - RED,https://alrimaya.com/image/cache/catalog/product/3123/22-3379-(1)-min-3123-thumb-800x800.jpg
22-3384,750890200000,STAINLESS STEEL BOTTLE 700ML - BLUE,https://alrimaya.com/image/cache/catalog/product/3124/22-3380-(1)-min-3124-thumb-800x800.jpg
22-3385,750890200000,STAINLESS STEEL BOTTLE 700ML - WHITE,https://alrimaya.com/image/cache/catalog/product/3125/22-3381-(1)-min-3125-thumb-800x800.jpg
22-3386,KC3954S,RECTANGULAR FOLDING TABLE - BAMBOO,https://alrimaya.com/image/catalog/product/3103/22-3386-(2)-min-3103-thumb.jpg
22-3387,KC3954S,BAMBOO CORNER FOLDING TABLE 65x50x30-40CM,https://alrimaya.com/image/catalog/product/3104/22-3387-(2)-min-3104-thumb.jpg
22-3388,940382000000,FOLDING TABLE WITH STORAGE - 140x55x79 CM,https://alrimaya.com/image/catalog/product/3105/22-3388-(1)-min-3105-thumb.jpg
22-3389,400931100003,GAS HOSE WITH VALVE,https://alrimaya.com/image/catalog/product/3173/22-3389%20(3)-min-3173-thumb.jpg
22-3390,732611000001,MANUAL COFFEE GRINDER STAINLESS STEEL-120x55x170mm,https://alrimaya.com/image/catalog/product/3129/22-3390%20(1)-min-3129-thumb.jpg
22-3391,73231000004 /7418100,HEAT RESISTANT GLOVES - BLACK + GREEN SILICONE,https://alrimaya.com/image/catalog/product/3121/22-3391-(1)-min-3121-thumb.jpg
22-3392,,منقل 60×40 سم  يصفط,https://i.ibb.co/jRY64vT/Whats-App-Image-2023-02-25-at-11-10-02-PM.jpg
22-3393,VKS-K-527,GAS BAG - SMALL,https://alrimaya.com/image/catalog/product/3072/22-3395-(1)-min-3072-thumb.jpg
22-3394,VKS-K-527,GAS BAG - MEDIUM,https://alrimaya.com/image/cache/catalog/product/3072/22-3395-(1)-min-3072-thumb-800x800.jpg
22-3395,VKS-K-527,GAS BAG - BIG,https://alrimaya.com/image/cache/catalog/product/3072/22-3395-(1)-min-3072-thumb-800x800.jpg
22-3396,KRB2-01-R6,KEYRACK S-BINER VERSION 2 - BLACK / KRB2-01-R6,https://alrimaya.com/image/catalog/product/3880/22-3396-(1)-min-3880-thumb.jpg
22-3397,KRB2-11-R6,KEYRACK S-BINER VERSION 2 - STAINLESS / KRB2-11-R6,https://alrimaya.com/image/catalog/product/3881/22-3397-(1)-min-3881-thumb.jpg
22-3398,KRK2-01-R6,KEYRACK VERSION 2 - BLACK/ASSORTED / KRK2-01-R6,https://www.nite-ize.eu/wol_pl_Nite-Ize-KeyRack-S-Biner-KRK2-01-R6-32682_5.jpg
22-3399,SBH-11-R6,S-BINER HOOK-N-HOLD S-HOOK-STAINLESS / SBH-11-R6,https://www.nite-ize.eu/wol_pl_Nite-Ize-S-Biner-Hook-N-Hold-S-Hook-SBH-11-R6-32681_5.jpg
22-3400,SUSBM-01-R3,SQUEEZE ROTATING SMARTPHONE BAR MOUNT /SUSBM-01-R3,https://alrimaya.com/image/catalog/product/3023/22-3400-min-3023-thumb.jpg
22-3401,GS1-01-2R6,G-SERIES #1 2PK - BLACK / GS1-01-2R6,https://www.nite-ize.eu/wol_pl_Nite-Ize-G-Series-1-2-Pack-Black-GS1-01-2R6-32673_1.jpg
22-3402,GS2-01-R6,G-SERIES #2 - BLACK / GS2-01-R6,https://www.nite-ize.eu/wol_pl_Nite-Ize-G-Series-Dual-Chamber-Carabiner-2-Black-GS2-01-R6-32675_5.jpg
22-3403,GS2-11-R6,G-SERIES #2 - STAINLESS / GS2-11-R6,https://www.nite-ize.eu/wol_pl_Nite-Ize-G-Series-Dual-Chamber-Carabiner-2-Stainless-Steel-GS2-32676_7.jpg
22-3404,GS3-01-R6,G-SERIES #3 - BLACK / GS3-01-R6,https://www.nite-ize.eu/wol_pl_Nite-Ize-G-Series-Dual-Chamber-Carabiner-3-Black-GS3-01-R6-32677_10.jpg
22-3405,GS3-11-R6,G-SERIES #3 - STAINLESS / GS3-11-R6,https://www.nite-ize.eu/wol_pl_Nite-Ize-G-Series-Dual-Chamber-Carabiner-3-Stainless-Steel-GS3-32678_10.jpg
22-3406,STSCK-11-R8,STEELIE SQUEEZE DASH KIT / STSCK-11-R8,https://m.media-amazon.com/images/I/81sZR2Y5zxL._AC_SL1500_.jpg
22-3407,STSVK-11-R8,STEELIE SQUEEZE VENT KIT / STSVK-11-R8,https://www.acmetools.com/dw/image/v2/BHBS_PRD/on/demandware.static/-/Sites-acme-catalog-m-en/default/dw111f4acb/images/images/catalog/product/s/STSVK-11-R8.jpg
22-3408,STSWK-01-R8,STEELIE SQUEEZE WINDSHIELD KIT / STSWK-01-R8,https://alrimaya.com/image/catalog/product/3882/22-3408-(1)-min-3882-thumb.jpg
22-3409,RSLR3-02-R8,RADIANT RECHARGEABLE SHINELINE-WHITE / RSLR3-02-R8,https://www.nite-ize.eu/wol_pl_Nite-Ize-Radiant-Rechargeable-ShineLine-White-White-LED-RSLR3-02-32690_1.jpg
22-3412,61510900006,FRY PAN WITH INDUCTION BASE - BLACK,https://alrimaya.com/image/catalog/product/3141/22-3412-(1)-min-3141-thumb.jpg
22-3413,61510900006,FRY PAN WITH INDUCTION BASE - GRAY,https://alrimaya.com/image/cache/catalog/product/3141/22-3413-(2)-min-3141-thumb-800x800.jpg
22-3414,392690999999,TEA FILTER,https://alrimaya.com/image/catalog/product/3142/22-3414-(1)-min-3142-thumb.jpg
22-3415,WYSN-SAC-0007SL,TOILET TENT 120 x 120 x 210cm - NAVY BLUE,https://alrimaya.com/image/catalog/product/3146/22-3415-(2)-min-3146-thumb.jpg
22-3416,WYSN-SAC-0007SL,TOILET TENT - DARK BROWN,https://alrimaya.com/image/cache/catalog/product/3146/22-3416-(3)-min-3146-thumb-800x800.jpg
22-3417,WYSN-SAC-0007SL,TOILET TENT - OLIVE GREEN,https://alrimaya.com/image/cache/catalog/product/3146/22-3417-(3)-min-3146-thumb-800x800.jpg
22-3418,WYSN-SAC-0017F,CAMPING TENT 200X200X180CM,https://alrimaya.com/image/catalog/product/3200/22-3418-(1)-min-3200-thumb.jpg
22-3419,WYSN-SAC-0017F,CAMPING TENT 250X250X180CM,https://alrimaya.com/image/cache/catalog/product/3200/22-3418-(1)-min-3200-thumb-800x800.jpg
22-3420,03U80-4,4PCS - SILICONE UTENSIL SET ,https://alrimaya.com/image/catalog/product/3178/22-3420%20(1)-min-3178-thumb.jpg
22-3421,03U80-2,2PCS SILICONE UTENSIL SET,https://alrimaya.com/image/catalog/product/3179/22-3421%20(1)-min-3179-thumb.jpg
22-3422,732391000000,COLLAPSIBLE COLANDER - BROWN,https://alrimaya.com/image/catalog/product/3180/22-3422%20(2)-min-3180-thumb.jpg
22-3423,,SILICONE FUNNEL,https://alrimaya.com/image/catalog/product/3181/22-3423%20(3)-min-3181-thumb.jpg
22-3424,FSB,FOLDABLE SKIN BAG - GREY,https://alrimaya.com/image/cache/catalog/product/3444/22-3424-(2)-min-3444-thumb-800x800.jpg
22-3425,FSB,FOLDABLE SKIN BAG - ORANGE,https://alrimaya.com/image/cache/catalog/product/3444/22-3425-(3)-min-3444-thumb-800x800.jpg
22-3426,FSB,FOLDABLE SKIN BAG - BLACK,https://alrimaya.com/image/cache/catalog/product/3444/22-3426-(2)-min-3444-thumb-800x800.jpg
22-3427,FSB,FOLDABLE SKIN BAG - DARK BLUE,https://alrimaya.com/image/cache/catalog/product/3444/22-3427-(1)-min-3444-thumb-800x800.jpg
22-3428,VKS-K-538,APRON - ARTIFICIAL LEATHER,https://alrimaya.com/image/catalog/product/3073/22-3428-(2)-min-3073-thumb.jpg
22-3429,761510900007,ALUMINIUM CAKE PAN 35CM - RED,https://alrimaya.com/image/catalog/product/3118/22-3429-(5)-min-3118-thumb.jpg
22-3430,761510900007,ALUMINIUM CAKE PAN 50CM - RED,https://alrimaya.com/image/cache/catalog/product/3118/22-3430-RED-(5)-min-3118-thumb-800x800.jpg
22-3431,761510900007,ALUMINIUM CAKE PAN 35CM - BLACK,https://alrimaya.com/image/catalog/product/3119/22-3431-(1)-min-3119-thumb.jpg
22-3432,761510900007,ALUMINIUM CAKE PAN 50CM - BLACK,https://alrimaya.com/image/cache/catalog/product/3119/22-3432-(5)-min-3119-thumb-800x800.jpg
22-3433,761510900007,ALUMINIUM CAKE PAN 35CM - ORANGE,https://alrimaya.com/image/catalog/product/3120/22-3433-(5)-min-3120-thumb.jpg
22-3434,761510900007,ALUMINIUM CAKE PAN 50CM - ORANGE,https://alrimaya.com/image/cache/catalog/product/3120/22-3430-ORANGE-(5)-min-3120-thumb-800x800.jpg
22-3436,732611000001,RECHARGEABLE FOOD CHOPPER - BLUE,https://alrimaya.com/image/catalog/product/3290/22-3436-(1)-min-3290-thumb.jpg
22-3437,732611000001,RECHARGEABLE FOOD CHOPPER - WHITE,https://alrimaya.com/image/cache/catalog/product/3290/22-3437-(1)-min-3290-thumb-800x800.jpg
22-3438,73231000004 /7418100,HEAT RESISTANT GLOVES - GRAY + GREEN SILICONE,https://alrimaya.com/image/cache/catalog/product/3121/22-3438-(2)-min-3121-thumb-800x800.jpg
22-3439,73231000004 /7418100,HEAT RESISTANT GLOVES - GRAY + RED SILICONE,https://alrimaya.com/image/cache/catalog/product/3121/22-3439-(2)-min-3121-thumb-800x800.jpg
22-3440,8424411000000,PRESSURE SPRAYER 5L,https://alrimaya.com/image/catalog/product/3133/22-3440-(1)-min-3133-thumb.jpg
22-3441,8424411000000,PRESSURE SPRAYER 3L,https://alrimaya.com/image/cache/catalog/product/3133/22-3440-(1)-min-3133-thumb-800x800.jpg
22-3442,732119000000,STAINLESS STEEL STOVE ,https://alrimaya.com/image/catalog/product/3152/22-3442-(1)-min-3152-thumb.jpg
22-3443,KT2011,TENT KHAN 500 - 500X500X300/180/80CM,https://alrimaya.com/image/catalog/product/3163/22-3443-2-3163-thumb.jpg
22-3444,630622000000,TENT KHAN PLUS - 545X250X210CM,https://i.ibb.co/pLxcP21/22-3444.jpg
22-3445,790700600000,FORGED ALUMINIUM FRY PAN 24CM - 716310,https://alrimaya.com/image/cache/catalog/product/2956/22-3445%20(1)-min-2956-thumb-800x800.jpg
22-3446,790700600000,FORGED ALUMINIUM FRY PAN 28CM - 716510,https://alrimaya.com/image/cache/catalog/product/2956/22-3445%20(1)-min-2956-thumb-800x800.jpg
22-3447,790700600000,FORGED ALUMINIUM FRY PAN 32CM - 716710,https://alrimaya.com/image/cache/catalog/product/2956/22-3445%20(1)-min-2956-thumb-800x800.jpg
22-3448,790700600000,FORGED ALUMINIUM CASSER ROLE 28CM - 717100,https://alrimaya.com/image/catalog/product/2957/22-3448%20(1)-min-2957-thumb.jpg
22-3449,790700600000,FORGED ALUMINIUM SAUCE PAN 20CM - 717300,https://alrimaya.com/image/catalog/product/2958/22-3449%20(1)-min-2958-thumb.jpg
22-3450,790700600000,FORGED ALUMINIUM GRILL 28X28CM - 717410,https://alrimaya.com/image/catalog/product/2959/22-3450%20(1)-min-2959-thumb.jpg
22-3451,790700600000,FORGED ALUMINIUM WOK 28CM - 717510,https://alrimaya.com/image/catalog/product/2960/22-3451%20(1)-min-2960-thumb.jpg
22-3452,790700600000,FORGED ALUMINIUM CASSER ROLE 24CM - 717000,https://alrimaya.com/image/catalog/product/2961/22-3452%20(1)-min-2961-thumb.jpg
22-3453,871680900000,FOLDABLE WAGON - GREEN,https://alrimaya.com/image/catalog/product/3220/22-3453-(6)-min-3220-thumb.jpg
22-3454,871680900000,FOLDABLE WAGON - GREY,https://alrimaya.com/image/cache/catalog/product/3220/22-3454-(5)-min-3220-thumb-800x800.jpg
22-3455,,ANTI-SPLASH PEELER - YELLOW,https://alrimaya.com/image/catalog/product/3217/22-3455-22-3456-(1)-min-3217-thumb.jpg
22-3456,,ANTI-SPLASH PEELER - RADIUM,https://alrimaya.com/image/cache/catalog/product/3217/22-3456-(2)-min-3217-thumb-800x800.jpg
22-3457,820600000000,32PCS HAND TOOL SET,https://alrimaya.com/image/catalog/product/3153/22-3457-(1)-min-3153-thumb.jpg
22-3458,820600000000,100PCS HAND TOOL SET,https://alrimaya.com/image/catalog/product/3154/22-3458-(1)-min-3154-thumb.jpg
22-3459,, 34PCS SCREWDRIVER KIT / CTK-204,https://alrimaya.com/image/catalog/product/3155/22-3459-(1)-min-3155-thumb.jpg
22-3460,820600000000,5PCS WRENCH SET / CWH-201,https://alrimaya.com/image/catalog/product/3156/22-3460-(1)-min-3156-thumb.jpg
22-3461,,FOLDABLE CUTTING BOARD - BLUE,https://alrimaya.com/image/catalog/product/3216/22-3461-(1)-min-3216-thumb.jpg
22-3462,,FOLDABLE CUTTING BOARD - LIGHT BLUE,https://alrimaya.com/image/cache/catalog/product/3216/22-3462-(1)-min-3216-thumb-800x800.jpg
22-3463,,FOLDABLE CUTTING BOARD - BEIGE,https://alrimaya.com/image/cache/catalog/product/3216/22-3463-(2)-min-3216-thumb-800x800.jpg
22-3464,790700600000,COFFEE MUG - RED,https://alrimaya.com/image/catalog/product/3249/22-3464-(1)-min-3249-thumb.jpg
22-3465,790700600000,COFFEE MUG - WHITE,https://alrimaya.com/image/cache/catalog/product/3249/22-3465-(2)-min-3249-thumb-800x800.jpg
22-3466,790700600000,COFFEE MUG - MULTI COLOR ,https://alrimaya.com/image/cache/catalog/product/3249/22-3466-(2)-min-3249-thumb-800x800.jpg
22-3467,ROFS-09-R3,RUNOFF WATEPROOF SMALL TRAVEL POUCH - CHARCOAL,https://m.media-amazon.com/images/I/91SuCfQa8ML._AC_SL1500_.jpg
22-3468,ROFM-03-R3,RUNOFF WATEPROOF MEDIUM TRAVEL POUCH - BLUE,https://m.media-amazon.com/images/I/81Nn3w816LL._AC_SL1500_.jpg
22-3469,ROPPL-09-R3,RUNOFF WATEPROOF PHONE POUCH - CHARCOAL,https://m.media-amazon.com/images/I/81NMXFrVwqL._AC_SL1500_.jpg
22-3470,ROPPL-19-R3,RUNOFF WATEPROOF PHONE POUCH - ORANGE,https://m.media-amazon.com/images/I/81RvFP9ZDOL._AC_SL1500_.jpg
22-3471,ROPPL-03-R3,RUNOFF WATEPROOF PHONE POUCH - BLUE,https://m.media-amazon.com/images/I/71AguAdMVsL._AC_SL1500_.jpg
22-3472,ROPC-09-R3,RUNOFF WATEPROOF PHONE CASE - CHARCOAL,https://alrimaya.com/image/catalog/product/3109/22-3472-min-3109-thumb.jpg
22-3473,ZX05,GAS HOSE WITH BAG,https://alrimaya.com/image/cache/catalog/product/3578/22-3473-(2)-min-3578-thumb-800x800.jpg
22-3474,B388-500,THERMOS WITH 2 CUPS - BLACK,https://alrimaya.com/image/catalog/product/3170/22-3474%20(3)-min-3170-thumb.jpg
22-3475,WBSS,WATER BOTTLE STAINLESS STEEL - BLACK,https://alrimaya.com/image/cache/catalog/product/3171/22-3475%20(1)-min-3171-thumb-800x800.jpg
22-3476,SF-S005,SAND SLIDER ADULT'S MULTI-FUNCTION BOARD - ORANGE,https://alrimaya.com/image/catalog/product/3138/22-3476-(1)-min-3138-thumb.jpg
22-3477,VKS-K-536-1,PICNIC BAG-OXFORD-KHAKI,https://alrimaya.com/image/catalog/product/3361/22-3477-(1)-min-3361-thumb.jpg
22-3478,VKS-K-536-1,PICNIC BAG-OXFORD-WHITE+PURPLE ,https://alrimaya.com/image/cache/catalog/product/3361/22-3478-(2)-min-3361-thumb-800x800.jpg
22-3479,VKS-K-536-1,PICNIC BAG-OXFORD-DARK BROWN,https://alrimaya.com/image/cache/catalog/product/3361/22-3479-(2)-min-3361-thumb-800x800.jpg
22-3480,VKS-K-549,OUTDOOR BAG 75x32x30CM - KHAKI ,https://alrimaya.com/image/catalog/product/3360/22-3480-(1)-min-3360-thumb.jpg
22-3481,VKS-K-549,OUTDOOR BAG 75x32x30CM - DARK BROWN ,https://alrimaya.com/image/cache/catalog/product/3360/22-3481-(3)-min-3360-thumb-800x800.jpg
22-3482,VKS-K-002,TOOL BAG 35x20x10CM - OLIVE GREEN,https://alrimaya.com/image/catalog/product/3197/22-3482-(1)-min-3197-thumb.jpg
22-3483,VKS-K-002,TOOL BAG 35x20x10CM - DARK RED,https://i.ibb.co/M2MLHzL/22-3482-1-min-3197-thumb-900x600.jpg
22-3484,WYSN-SAC-0017F,CAMPING TENT  - 300X300X180CM ,https://alrimaya.com/image/cache/catalog/product/3200/22-3418-(1)-min-3200-thumb-800x800.jpg
22-3485,,BATTER DISPENSER,https://alrimaya.com/image/catalog/product/3215/22-3485-(1)-min-3215-thumb.jpg
22-3486,761510900006,ALUMINUM PRESSURE COOKER 3L - BEIGE,https://alrimaya.com/image/catalog/product/3187/22-3491%20(1)-min-3187-thumb.jpg
22-3487,761510900006,ALUMINUM PRESSURE COOKER 5L - BEIGE,https://alrimaya.com/image/cache/catalog/product/3187/22-3491%20(1)-min-3187-thumb-800x800.jpg
22-3488,761510900006,ALUMINUM PRESSURE COOKER 7L - BEIGE,https://alrimaya.com/image/cache/catalog/product/3187/22-3491%20(1)-min-3187-thumb-800x800.jpg
22-3489,761510900006,ALUMINUM PRESSURE COOKER 9L - BEIGE,https://alrimaya.com/image/cache/catalog/product/3187/22-3491%20(1)-min-3187-thumb-800x800.jpg
22-3490,761510900006,ALUMINUM PRESSURE COOKER 11L - BEIGE,https://alrimaya.com/image/cache/catalog/product/3187/22-3491%20(1)-min-3187-thumb-800x800.jpg
22-3491,761510900006,ALUMINUM PRESSURE COOKER 15L - BEIGE,https://alrimaya.com/image/cache/catalog/product/3187/22-3491%20(1)-min-3187-thumb-800x800.jpg
22-3492,761510900006,ALUMINUM LOW PRESSURE COOKER 7L - BEIGE,https://alrimaya.com/image/catalog/product/3188/22-3492%20(1)-min-3188-thumb.jpg
22-3493,761510900006,ALUMINUM LOW PRESSURE COOKER 9L - BEIGE,https://alrimaya.com/image/cache/catalog/product/3188/22-3492%20(1)-min-3188-thumb-800x800.jpg
22-3494,761510900006,ALUMINUM LOW PRESSURE COOKER 11L - BEIGE,https://alrimaya.com/image/cache/catalog/product/3188/22-3492%20(1)-min-3188-thumb-800x800.jpg
22-3495,,GRATER WITH BOWL - BLUE,https://alrimaya.com/image/catalog/product/3372/22-3495-(1)-min-3372-thumb.jpg
22-3496,,GRATER WITH BOWL - GREEN,https://alrimaya.com/image/cache/catalog/product/3372/22-3495-(1)-min-3372-thumb-800x800.jpg
22-3497,03U80-1,SKIMMER - BLACK,https://alrimaya.com/image/catalog/product/3376/22-3497-(1)-min-3376-thumb.jpg
22-3498,732391000000,COLLAPSIBLE BOWL WITH CUTLERY SET ,https://alrimaya.com/image/catalog/product/3428/22-3498-(5)-3428-thumb.jpg
22-3499,65069190000000,WARM FLEECE BALACLAVA HAT - GREY,https://alrimaya.com/image/catalog/product/3185/22-3499%20(1)-min-3185-thumb.jpg
22-3500,732394000000,ENAMEL KETTLE ASIRI DESIGN 1.1LITER - RED,https://alrimaya.com/image/catalog/product/3272/22-3500-(1)-min-3272-thumb.jpg
22-3501,732394000000,ENAMEL KETTLE ASIRI DESIGN 1.7LITER - RED,https://alrimaya.com/image/cache/catalog/product/3272/22-3500-(1)-min-3272-thumb-800x800.jpg
22-3502,732394000000,ENAMEL KETTLE ASIRI DESIGN 2.3 LITER - RED,https://alrimaya.com/image/cache/catalog/product/3272/22-3500-(1)-min-3272-thumb-800x800.jpg
22-3503,732394000000,ENAMEL KETTLE ASIRI DESIGN 1.1 LITER - YELLOW,https://alrimaya.com/image/catalog/product/3271/22-3503-(1)-min-3271-thumb.jpg
22-3504,732394000000,ENAMEL KETTLE ASIRI DESIGN 1.7 LITER - YELLOW,https://alrimaya.com/image/cache/catalog/product/3271/22-3503-(1)-min-3271-thumb-800x800.jpg
22-3505,732394000000,ENAMEL KETTLE ASIRI DESIGN 2.3 LITER - YELLOW,https://alrimaya.com/image/cache/catalog/product/3271/22-3503-(1)-min-3271-thumb-800x800.jpg
22-3506,,FRYING PAN WITH GLASS LID 28CM - CAST ALUMINUM,https://alrimaya.com/image/catalog/product/3245/22-3506-(1)-min-3245-thumb.jpg
22-3507,,HIKING HAT - BLUE,https://alrimaya.com/image/catalog/product/3214/22-3507-(2)-min-3214-thumb.jpg
22-3508,,HIKING HAT - GREY,https://alrimaya.com/image/cache/catalog/product/3214/22-3508-(3)-min-3214-thumb-800x800.jpg
22-3509,732391000000,CAST IRON POT - 26CM,https://alrimaya.com/image/catalog/product/3162/22-3509-(1)-3162-thumb.jpg
22-3510,732391000000,CAST IRON POT WITH HANDLE 26.6CM,https://alrimaya.com/image/catalog/product/3165/22-3510-(1)-3165-thumb.jpg
22-3511,732394000000,ENAMEL KETTLE 0.8L - RED & YELLOW,https://alrimaya.com/image/catalog/product/3273/22-3512-(1)-min-3273-thumb.jpg
22-3512,732394000000,ENAMEL KETTLE 1.6L - RED & YELLOW,https://alrimaya.com/image/cache/catalog/product/3273/22-3512-(1)-min-3273-thumb-800x800.jpg
22-3513,732394000000,ENAMEL KETTLE 2.4L - RED & YELLOW,https://alrimaya.com/image/cache/catalog/product/3273/22-3512-(1)-min-3273-thumb-800x800.jpg
22-3514,732394000000,ENAMEL KETTLE 3.3L - RED & YELLOW,https://alrimaya.com/image/cache/catalog/product/3273/22-3512-(1)-min-3273-thumb-800x800.jpg
22-3515,732394000000,ENAMEL CUP - RED,https://alrimaya.com/image/catalog/product/3320/22-3516-(1)-min-3320-thumb.jpg
22-3516,732394000000,ENAMEL CUP - YELLOW,https://alrimaya.com/image/cache/catalog/product/3320/22-3516-(1)-min-3320-thumb-800x800.jpg
22-3517,732394900000,ENAMEL KETTLE ASIRI 1.5L -YELLOW,https://alrimaya.com/image/catalog/product/3182/22-3517%20(1)-min-3182-thumb.jpg
22-3518,732394900000,ENAMEL KETTLE ASIRI 2L - YELLOW,https://alrimaya.com/image/cache/catalog/product/3182/22-3517%20(1)-min-3182-thumb-800x800.jpg
22-3519,732394900000,ENAMEL KETTLE ASIRI 2.5L - YELLOW,https://alrimaya.com/image/cache/catalog/product/3182/22-3517%20(1)-min-3182-thumb-800x800.jpg
22-3520,732394900000,ENAMEL KETTLE ASIRI 1.5L - RED,https://alrimaya.com/image/catalog/product/3183/22-3521%20(1)-min-3183-thumb.jpg
22-3521,732394900000,ENAMEL KETTLE ASIRI 2L - RED,https://alrimaya.com/image/cache/catalog/product/3183/22-3521%20(1)-min-3183-thumb-800x800.jpg
22-3522,732394900000,ENAMEL KETTLE ASIRI 2.5L - RED,https://alrimaya.com/image/cache/catalog/product/3183/22-3521%20(1)-min-3183-thumb-800x800.jpg
22-3523,940171900000,TOILET CHAIR - BLUE,https://alrimaya.com/image/catalog/product/3401/22-3523-(1)-min-3401-thumb.jpg
22-3524,WPB,WATERPROOF BAG 10L - BLUE,https://alrimaya.com/image/catalog/product/3087/22-3524-(1)-min-3087-thumb.jpg
22-3525,WPB,WATERPROOF BAG 15L - YELLOW,https://alrimaya.com/image/catalog/product/3098/22-3525-(1)-min-3098-thumb.jpg
22-3526,WPB,WATERPROOF BAG 20L - GREY,https://alrimaya.com/image/catalog/product/3099/22-3526-(1)-min-3099-thumb.jpg
22-3527,420219900000,COOLER BAG 30L - CAMO ,https://alrimaya.com/image/catalog/product/3088/22-3527-(3)-min-3088-thumb.jpg
22-3528,420219900000,PICNIC COOLER BAG 30L - RED & BLACK,https://alrimaya.com/image/catalog/product/3089/22-3528-(1)-min-3089-thumb.jpg
22-3529,420219900000,COOLER BOX WITH WHEEL 20L - GREY,https://alrimaya.com/image/catalog/product/3090/22-3529-(1)-min-3090-thumb.jpg
22-3530,691390900000,6PCS GAHWA CUP 65CC - RED   ,https://alrimaya.com/image/catalog/product/3251/22-3530-(1)-min-3251-thumb.jpg
22-3531,691390900000,GAHWA CUP 6PCS/100CC/RED,https://alrimaya.com/image/cache/catalog/product/3251/22-3530-(1)-min-3251-thumb-800x800.jpg
22-3532,790700600000,6PCS GAHWA CUP 65CC - YELLOW,https://alrimaya.com/image/catalog/product/3252/22-3532-(1)-min-3252-thumb.jpg
22-3533,790700600000,6PCS GAHWA CUP 100CC - YELLOW,https://alrimaya.com/image/cache/catalog/product/3252/22-3532-(1)-min-3252-thumb-800x800.jpg
22-3534,790700600000,GAHWA CUP 6PCS/100CC/WHITE ,https://alrimaya.com/image/catalog/product/3253/22-3534-(1)-min-3253-thumb.jpg
22-3535,,OUTDOOR SAFARI VESTS - L,https://alrimaya.com/image/catalog/product/3255/22-3535-(2)-min-3255-thumb.jpg
22-3536,,OUTDOOR SAFARI VESTS - XL,https://alrimaya.com/image/cache/catalog/product/3255/22-3535-(2)-min-3255-thumb-800x800.jpg
22-3537,,OUTDOOR SAFARI VESTS - XXL,https://alrimaya.com/image/cache/catalog/product/3255/22-3535-(2)-min-3255-thumb-800x800.jpg
22-3538,WYSN-SSAT-0002,ARMREST PILLOW - BEIGE,https://alrimaya.com/image/cache/catalog/product/3145/22-3539-3145-thumb-800x800.jpg
22-3539,WYSN-SSAT-0002,ARMREST PILLOW - RED,https://i.ibb.co/7p0GcB3/22-3539-2.jpg
22-3540,,COOLER BOX WITH FOLDING TABLE & CHAIR - RED,https://alrimaya.com/image/catalog/product/3219/22-3540-(1)-min-3219-thumb.jpg
22-3541,,COOLER BOX WITH FOLDABLE TABLE & CHAIR - BLUE,https://alrimaya.com/image/cache/catalog/product/3219/22-3541-(2)-min-3219-thumb-800x800.jpg
22-3542,,WORKING GLOVES,https://alrimaya.com/image/catalog/product/3218/22-3542-(1)-min-3218-thumb.jpg
22-3546,B388-500,THERMOS WITH 2 CUPS - BROWN,https://alrimaya.com/image/cache/catalog/product/3170/22-3546%20(2)-min-3170-thumb-800x800.jpg
22-3547,WBSS,WATER BOTTLE STAINLESS STEEL - RED,https://alrimaya.com/image/cache/catalog/product/3171/22-3547%20(2)-min-3171-thumb-800x800.jpg
22-3548,WBWC,WATER BOTTLE WITH COVER - BLACK,https://alrimaya.com/image/catalog/product/3172/22-3548%20(1)-min-3172-thumb.jpg
22-3549,VKS-K-551,APRON 85X60CM - BLACK,https://alrimaya.com/image/catalog/product/3135/22-3549-(1)-min-3135-thumb.jpg
22-3550,,OUTDOOR KITCHEN FOLDING TABLE,https://alrimaya.com/image/catalog/product/3189/22-3550%20(1)-min-3189-thumb.jpg
22-3551,BH-S-001,LIFE JACKET - BLUE,https://alrimaya.com/image/cache/catalog/product/3128/22-3551-(2)-min-3128-thumb-800x800.jpg
22-3552,VKS-22-3552,VEGETABLE BAG - SMALL,https://alrimaya.com/image/catalog/product/3198/22-3551-(1)-min-3198-thumb.jpg
22-3553,VKS-22-3553,VEGETABLE BAG - MEDIUM,https://alrimaya.com/image/cache/catalog/product/3198/22-3551-(1)-min-3198-thumb-800x800.jpg
22-3554,VKS-22-3554,VEGETABLE BAG - LARGE,https://alrimaya.com/image/cache/catalog/product/3198/22-3551-(1)-min-3198-thumb-800x800.jpg
22-3556,FMX-5702,RECHARGEABLE BBQ BLOWER,https://alrimaya.com/image/catalog/product/3377/22-3556-(1)-min-3377-thumb.jpg
22-3557,WYSN-SAC-0007-WFY-1,BEACH TENT 250x210x160CM - OLIVE,https://alrimaya.com/image/catalog/product/3199/22-3557-(2)-min-3199-thumb.jpg
22-3558,WYSN-SAW-0001G,FOLDING WIND SCREEN TENT-L3.75xH1.25 M-OLIVE,https://alrimaya.com/image/catalog/product/3224/22-3558-(2)-min-3224-thumb.jpg
22-3559,WYSN-SAW-0001G,FOLDING WIND SCREEN TENT-L6.25xH1.65 M-OLIVE,https://alrimaya.com/image/catalog/product/3225/22-3559-(1)-min-3225-thumb.jpg
22-3560,,ROUND PLATE WITH HAMMER DOT - SMALL,https://alrimaya.com/image/catalog/product/3212/22-3562-(1)-min-3212-thumb.jpg
22-3561,,ROUND PLATE WITH HAMMER DOT - MEDIUM,https://alrimaya.com/image/cache/catalog/product/3212/22-3562-(1)-min-3212-thumb-800x800.jpg
22-3562,,ROUND PLATE WITH HAMMER DOT - BIG,https://alrimaya.com/image/cache/catalog/product/3212/22-3562-(1)-min-3212-thumb-800x800.jpg
22-3563,950670009999,HUNTING GAITERS - KHAKI,https://alrimaya.com/image/catalog/product/3330/22-3563-(1)-3330-thumb.jpg
22-3564,950670009999,HUNTING GAITERS - OLIVE GREEN,https://alrimaya.com/image/cache/catalog/product/3330/22-3564-(1)-3330-thumb-800x800.jpg
22-3565,392490909999,COOLER JUG 5L - NAVY BLUE,https://alrimaya.com/image/catalog/product/3186/22-3565%20(2)-min-3186-thumb.jpg
22-3566,,ALUMINIUM TEA KETTLE 1.5L,https://alrimaya.com/image/catalog/product/3248/22-3566-(4)-min-3248-thumb.jpg
22-3567,750890200000,VACUUM FLASK 330ML - BLUE,https://alrimaya.com/image/catalog/product/3436/22-3569-(1)-min-3436-thumb.jpg
22-3568,750890200000,VACUUM FLASK 330ML - BLACK,https://alrimaya.com/image/catalog/product/3437/22-3568-(1)-min-3437-thumb.jpg
22-3569,750890200000,VACUUM FLASK 500ML - BLUE,https://alrimaya.com/image/cache/catalog/product/3436/22-3569-(1)-min-3436-thumb-800x800.jpg
22-3570,750890200000,VACUUM FLASK 500ML - BLACK,https://alrimaya.com/image/cache/catalog/product/3437/22-3568-(1)-min-3437-thumb-800x800.jpg
22-3571,750890200000,THERMOS BOTTLE WITH HANDLE 800ML - BLUE,https://alrimaya.com/image/catalog/product/3438/22-3571---22-3572-(1)-min-3438-thumb.jpg
22-3572,750890200000,THERMOS BOTTLE WITH HANDLE 800ML - BLACK,https://alrimaya.com/image/cache/catalog/product/3438/22-3572-(3)-min-3438-thumb-800x800.jpg
22-3573,750890200000,WATER BOTTLE 2.2 LITER- BLUE,https://alrimaya.com/image/catalog/product/3439/22-3573-(1)-min-3439-thumb.jpg
22-3574,870840009999,CAR DOOR STEP - ORANGE,https://alrimaya.com/image/catalog/product/3291/22-3574-(1)-min-3291-thumb.jpg
22-3575,WBWC,WATER BOTTLE WITH COVER - GREEN,https://alrimaya.com/image/cache/catalog/product/3172/22-3575%20(2)-min-3172-thumb-800x800.jpg
22-3576,570292200000,PRAYER MAT - GREEN,https://alrimaya.com/image/catalog/product/3364/22-3577-(1)-3364-thumb.jpg
22-3577,570292200000,PRAYER MAT - GREY ,https://alrimaya.com/image/cache/catalog/product/3364/22-3577-(1)-min-3364-thumb-800x800.jpg
22-3578,,AUTOMATIC DRINK STRAW DEVICE,https://alrimaya.com/image/catalog/product/3386/22-3578-(1)-min-3386-thumb.jpg
22-3579,,FOLDABLE PICNIC BASKET - LARGE,https://alrimaya.com/image/catalog/product/3387/22-3579-(2)-min-3387-thumb.jpg
22-3580,,FOLDABLE PICNIC BASKET - SMALL,https://alrimaya.com/image/cache/catalog/product/3387/22-3579-(2)-min-3387-thumb-800x800.jpg
22-3581,GA314,SEAT BACK HOOK ,https://alrimaya.com/image/catalog/product/3389/22-3581-(1)-min-3389-thumb.jpg
22-3582,441990000003,MEASURING CUPS SET,https://alrimaya.com/image/catalog/product/3352/22-3582-min-3352-thumb.jpg
22-3583,441990000003,5PCS MEASURING SPOON SET,https://alrimaya.com/image/catalog/product/3353/22-3583-min-3353-thumb.jpg
22-3584,691390900000,FOLDABLE TRAVELING BOTTLE - GREY,https://alrimaya.com/image/catalog/product/3355/22-3584-(1)-min-3355-thumb.jpg
22-3585,691390900000,FOLDABLE TRAVELING BOTTLE - BLUE,https://alrimaya.com/image/cache/catalog/product/3355/22-3585-(1)-min-3355-thumb-800x800.jpg
22-3586,691390900000,FOLDABLE TRAVELING BOTTLE - WHITE,https://alrimaya.com/image/cache/catalog/product/3355/22-3586-(1)-min-3355-thumb-800x800.jpg
22-3587,940171900000,TOILET CHAIR - GREY,https://alrimaya.com/image/catalog/product/3402/22-3587-(5)-min-3402-thumb.jpg
22-3588,691390900000,CAR DOORSTEP - BLACK,https://alrimaya.com/image/catalog/product/3246/22-3588-(1)-min-3246-thumb.jpg
22-3589,DRA-223589,BREAKFAST PLATE,https://alrimaya.com/image/catalog/product/3206/22-3589-(2)-min-3206-thumb.jpg
22-3590,DRA-223590,TEA KETTLE STAINLESS STEEL - 600ML,https://alrimaya.com/image/catalog/product/3161/22-3590-(1)-3161-thumb.jpg
22-3591,DRA-223591,TEA KETTLE STAINLESS STEEL - 1.2 LITER,https://alrimaya.com/image/cache/catalog/product/3161/22-3590-(1)-3161-thumb-800x800.jpg
22-3592,DRA-223592,TEA KETTLE STAINLESS STEEL - 1.6 LITER,https://alrimaya.com/image/catalog/product/3205/22-3592-(1)-min-3205-thumb.jpg
22-3593,DRA-223593,STAINLESS STEEL JAR 1.7 LITER,https://alrimaya.com/image/catalog/product/3207/22-3593-(1)-min-3207-thumb.jpg
22-3594,DRA-223594,STAINLESS STEEL JAR - 2 LITER,https://alrimaya.com/image/cache/catalog/product/3207/22-3593-(1)-min-3207-thumb-800x800.jpg
22-3595,DRA-223595,JUG CANISTER WITH GOLDEN LID - SMALL,https://alrimaya.com/image/catalog/product/3293/22-3595-(1)-min-3293-thumb.jpg
22-3596,DRA-223596,JUG CANISTER WITH GOLDEN LID - MEDIUM,https://alrimaya.com/image/cache/catalog/product/3293/22-3595-(1)-min-3293-thumb-800x800.jpg
22-3597,DRA-223597,JUG CANISTER WITH GOLDEN LID - BIG,https://alrimaya.com/image/cache/catalog/product/3293/22-3595-(1)-min-3293-thumb-800x800.jpg
22-3598,YS-551612,GUN SAFE FOR 8 GUNS,https://alrimaya.com/image/catalog/product/3222/22-3598-3222-thumb.jpg
22-3599,,GUN SAFE FOR 11-GUN,https://alrimaya.com/image/catalog/product/3223/22-3599-3223-thumb.jpg
22-3600,TLR223600,FARSA WATANIA 2X3 ,https://alrimaya.com/image/catalog/product/3714/22-3600-3714-thumb.jpg
22-3601,9403209099999,FOLDING TABLE - GRAY,https://alrimaya.com/image/catalog/product/3282/22-3601-(1)-min-3282-thumb.jpg
22-3602,9403209099999,FOLDING TABLE - WOODEN,https://alrimaya.com/image/catalog/product/3283/22-3602-(1)-min-3283-thumb.jpg
22-3603,QW001,FOLDING TABLE 58X40X27CM - BLACK,https://alrimaya.com/image/catalog/product/3190/22-3603%20(1)-min-3190-thumb.jpg
22-3604,YR0513,CUSHION FOLDING CHAIR WITH PILLOW GREY,https://alrimaya.com/image/catalog/product/3226/22-3604-(3)-min-3226-thumb.jpg
22-3605,B1-RAIN,RAINCOAT - BLUE,https://alrimaya.com/image/catalog/product/3230/22-3605-(1)-min-3230-thumb.jpg
22-3606,B1-RAIN,RAINCOAT - BLACK,https://alrimaya.com/image/cache/catalog/product/3230/22-3606-(1)-min-3230-thumb-800x800.jpg
22-3607,B1-RAIN,RAINCOAT -PINK,https://alrimaya.com/image/cache/catalog/product/3230/22-3607-(1)-min-3230-thumb-800x800.jpg
22-3608,HF-3608,INSULATING BUCKET 10L - GREEN,https://alrimaya.com/image/catalog/product/3277/22-3608-(1)-min-3277-thumb.jpg
22-3609,392620900002,6 YEAR CHILDREN RAINCOAT - GREEN BORDER,https://alrimaya.com/image/catalog/product/3365/22-3609-(1)-min-3365-thumb.jpg
22-3610,392620900002,12 YEAR CHILDREN RAINCOAT - SILVER BORDER,https://alrimaya.com/image/catalog/product/3366/22-3610-(1)-min-3366-thumb.jpg
22-3613,841320000000,WATER PUMP,https://alrimaya.com/image/catalog/product/3327/22-3613-(1)-min-3327-thumb.jpg
22-3614,420212109999,COOLER BOX 45L - ORANGE & GREY,https://alrimaya.com/image/catalog/product/3259/22-3614-(6)-min-3259-thumb.jpg
22-3615,420212109999,COOLER BOX 65L - BLUE,https://alrimaya.com/image/catalog/product/3260/22-3615-(1)-min-3260-thumb.jpg
22-3616,392490909999,COOLER JUG 20L - BLUE,https://alrimaya.com/image/catalog/product/3261/22-3616-(1)-min-3261-thumb.jpg
22-3617,392630000000,ARMREST COVER - BLACK THREAD,https://alrimaya.com/image/catalog/product/3278/22-3617-(1)-min-3278-thumb.jpg
22-3618,392630000000,WIRELESS CHARGER ARMREST - RED THREAD,https://alrimaya.com/image/catalog/product/3279/22-3618-(4)-min-3279-thumb.jpg
22-3619,392630000000,WIRELESS CHARGER ARMREST - BROWN,https://alrimaya.com/image/cache/catalog/product/3279/22-3619-(2)-min-3279-thumb-800x800.jpg
22-3620,392630000000,WIRELESS CHARGER ARMREST - BLACK THREAD,https://alrimaya.com/image/cache/catalog/product/3279/22-3620-(1)-min-3279-thumb-800x800.jpg
22-3621,DRA-223621,3PCS CANISTER SET ,https://alrimaya.com/image/catalog/product/3288/22-3621-(1)-min-3288-thumb.jpg
22-3622,VKS-K-545,PLATE BAG 42x6x42CM - KHAKI ,https://alrimaya.com/image/catalog/product/3363/22-3622-(1)-min-3363-thumb.jpg
22-3623,VKS-K-545,PLATE BAG 47x6x47CM,https://alrimaya.com/image/catalog/product/3363/22-3622-(1)-min-3363-thumb.jpg
22-3624,VKS-K-550,COFFEE SET BAG 34.5x24x17.5CM/OXFORD/COFFEE,https://alrimaya.com/image/catalog/product/3414/22-3624-(1)-min-3414-thumb.jpg
22-3625,VKS-K-550,COFFEE SET BAG-OXFORD-GREEN,https://alrimaya.com/image/cache/catalog/product/3414/22-3625-(2)-min-3414-thumb-800x800.jpg
22-3626,VKS-K-555,FIREWOOD CARRY BAG - KHAKI,https://alrimaya.com/image/catalog/product/3415/22-3626-(1)-min-3415-thumb.jpg
22-3627,VKS-K-555,FIREWOOD CARRY BAG - LIGHT BROWN,https://alrimaya.com/image/cache/catalog/product/3415/22-3627-(2)-min-3415-thumb-800x800.jpg
22-3628,VKS-K-552,THERMOS BAG 23x17x34CM - KHAKI,https://alrimaya.com/image/catalog/product/3362/22-3628-(4)-min-3362-thumb.jpg
22-3629,VKS-K-552,THERMOS BAG 23x17x34CM - RED,https://alrimaya.com/image/cache/catalog/product/3362/22-3629-(4)-min-3362-thumb-800x800.jpg
22-3630,VKS-K-552,THERMOS BAG 23x17x34CM - PURPLE,https://alrimaya.com/image/cache/catalog/product/3362/22-3630-(4)-min-3362-thumb-800x800.jpg
22-3631,VKS-K-556,BABY CARE BAG - GREY,https://alrimaya.com/image/cache/catalog/product/3416/22-3631-(5)-min-3416-thumb-800x800.jpg
22-3632,VKS-K-556,BABY CARE BAG 35.5x20x45CM - RED,https://alrimaya.com/image/cache/catalog/product/3416/22-3632-(6)-min-3416-thumb-800x800.jpg
22-3633,,ENAMELED CAST IRON CASSEROLE POT - ORANGE,https://alrimaya.com/image/catalog/product/3417/22-3633-(1)-min-3417-thumb.jpg
22-3634,850519000000,RECHARGEABLE VACUUM CLEANER - 120W,https://alrimaya.com/image/catalog/product/3331/DSC_9851-min-3331-thumb.jpg
22-3635,761510900006,ALUMINUM FRY PAN 38CM - BLACK,https://alrimaya.com/image/catalog/product/3464/22-3635-(1)-min-3464-thumb.jpg
22-3636,,GLASS TEA KETTLE 1Ltr,https://alrimaya.com/image/catalog/product/3256/22-3636-(1)-min-3256-thumb.jpg
22-3637,,GLASS TEA KETTLE 1.1L,https://alrimaya.com/image/catalog/product/3257/22-3637-(1)-min-3257-thumb.jpg
22-3638,,GLASS TEA KETTLE 1.2L,https://alrimaya.com/image/catalog/product/3258/22-3638-(1)-min-3258-thumb.jpg
22-3639,790700600000,3PCS VEGETABLE CHOPPING SET - GOLD,https://alrimaya.com/image/catalog/product/3169/22-3639%20(2)-min-3169-thumb.jpg
22-3640,COAL-5,BBQ CHARCOAL 5KG,https://alrimaya.com/image/cache/catalog/product/3270/22-3640-(2)-3270-thumb-800x800.jpg
22-3641,441990000003,5 IN 1 MULTI FUNCTIONAL SPOON AND FORK,https://alrimaya.com/image/catalog/product/3357/22-3641-(1)-min-3357-thumb.jpg
22-3642,732391000000,3PCS FOLDABLE CUTLERY SET,https://alrimaya.com/image/catalog/product/3356/22-3642-(1)-min-3356-thumb.jpg
22-3643,441990000003,18PCS PLASTIC CUTLERY SET,https://alrimaya.com/image/catalog/product/3358/22-3643-(1)-min-3358-thumb.jpg
22-3644,GA331,COLLAPSIBLE COLANDER GREY,https://alrimaya.com/image/catalog/product/3443/22-3644-(1)-min-3443-thumb.jpg
22-3645,960390400000,BBQ CLEANING WIRE - SMALL,https://alrimaya.com/image/catalog/product/3359/22-3645-(1)-min-3359-thumb.jpg
22-3646,960390400000,BBQ CLEANING WIRE - LARGE,https://alrimaya.com/image/cache/catalog/product/3359/22-3645-(1)-min-3359-thumb-800x800.jpg
22-3648,WYSN-0007,BACK SUPPORT FLOOR CHAIR WITH ARMREST,https://alrimaya.com/image/catalog/product/3412/22-3648 (6)-3412-thumb.jpg
22-3649,WYSN-SSAT-0004,ARMREST WITH FLOOR MAT,https://alrimaya.com/image/catalog/product/3454/22-3649-(3)-3454-thumb.jpg
22-3650,WYSN-SAW-0010-617,FOLDING WIND SCREEN TENT-L600 X H170CM - YELLOW,https://alrimaya.com/image/catalog/product/3382/22-3650-(1)-min-3382-thumb.jpg
22-3651,WYSN-SAC-0014,CAMPING TENT 300X300X180CM,https://alrimaya.com/image/catalog/product/3411/22-3651-(2)-min-3411-thumb.jpg
22-3652,WYSN-SAC-0014,CAMPING TENT 200X200X180CM,https://alrimaya.com/image/catalog/product/3410/22-3652-(2)-min-3410-thumb.jpg
22-3653,,FOLDING STOOL - GREEN,https://alrimaya.com/image/catalog/product/3247/22-3653-(2)-min-3247-thumb.jpg
22-3654,WYSN-SAW-0010-617,FOLDING WIND SCREEN TENT-L600 X H170CM - RED,https://alrimaya.com/image/cache/catalog/product/3382/22-3654-(2)-min-3382-thumb-800x800.jpg
22-3655,732119000000,8PCS STAINLESS STEEL BBQ SKEWERS SET,https://alrimaya.com/image/catalog/product/3280/22-3655-(1)-min-3280-thumb.jpg
22-3656,,NON STICK BBQ MESH BAG - 240X30CM,https://alrimaya.com/image/catalog/product/3369/22-3656-(1)-min-3369-thumb.jpg
22-3657,,BBQ STICK SET 41CM,https://alrimaya.com/image/catalog/product/3472/22-3657-(5)-min-3472-thumb.jpg
22-3658,,CHARCOAL STARTER 20CM,https://alrimaya.com/image/catalog/product/3370/22-3658-(1)-min-3370-thumb.jpg
22-3659,,FIRE PIT - BLACK,https://alrimaya.com/image/catalog/product/3371/22-3659-(1)-min-3371-thumb.jpg
22-3660,,BBQ GRILL - BLACK / GOLD,https://alrimaya.com/image/catalog/product/3373/22-3660-(1)-min-3373-thumb.jpg
22-3661,,OUTDOOR FIRE PIT WITH BBQ GRILL - GOLD,https://alrimaya.com/image/catalog/product/3374/22-3661-(1)-min-3374-thumb.jpg
22-3662,FMX-3150P,BBQ HAND FAN,https://alrimaya.com/image/catalog/product/3375/22-3662-min-3375-thumb.jpg
22-3663,VKS-22-3663,KITCHEN CLOTH - PURPLE,https://alrimaya.com/image/catalog/product/3418/22-3663-(1)-min-3418-thumb.jpg
22-3664,VKS-22-3664,KITCHEN CLOTH - ARMY GREEN,https://alrimaya.com/image/cache/catalog/product/3418/22-3664-(2)-min-3418-thumb-800x800.jpg
22-3665,VKS-22-3665,KITCHEN CLOTH - DARK BROWN,https://alrimaya.com/image/cache/catalog/product/3418/22-3665-(2)-min-3418-thumb-800x800.jpg
22-3666,VKS-22-3666,KITCHEN CLOTH - BROWN,https://alrimaya.com/image/cache/catalog/product/3418/22-3666-(2)-min-3418-thumb-800x800.jpg
22-3667,B1-RAIN-1,SINGLE USE RAINCOAT ,https://alrimaya.com/image/cache/catalog/product/3231/22-3667-(2)-min-3231-thumb-800x800.jpg
22-3668,732310009999,ROUND TRAY 22CM - YELLOW,https://alrimaya.com/image/catalog/product/3284/22-3668-(1)-min-3284-thumb.jpg
22-3669,732310009999,ROUND TRAY 24CM - YELLOW,https://alrimaya.com/image/cache/catalog/product/3284/22-3668-(1)-min-3284-thumb-800x800.jpg
22-3670,732310009999,ROUND TRAY 22CM - RED,https://alrimaya.com/image/catalog/product/3285/22-3670-(1)-min-3285-thumb.jpg
22-3671,732310009999,ROUND TRAY 24CM - RED,https://alrimaya.com/image/cache/catalog/product/3285/22-3670-(1)-min-3285-thumb-800x800.jpg
22-3672,732394000000,SERVICE PLATE SET - YELLOW,https://alrimaya.com/image/catalog/product/3286/22-3672-(1)-min-3286-thumb.jpg
22-3673,732394000000,SERVICE PLATE SET - RED,https://alrimaya.com/image/cache/catalog/product/3286/22-3673-(1)-min-3286-thumb-800x800.jpg
22-3674,732620400000,BOWL - YELLOW,https://alrimaya.com/image/catalog/product/3465/22-3674-(1)-min-3465-thumb.jpg
22-3675,732620400000,BOWL - RED,https://alrimaya.com/image/cache/catalog/product/3465/22-3675-(2)-min-3465-thumb-800x800.jpg
22-3676,HF-60Y04L,ALUMINUM BOX 29L - GREEN,https://alrimaya.com/image/cache/catalog/product/3340/22-3678-(1)-min-3340-thumb-800x800.jpg
22-3677,HF-60Y04F,ALUMINUM BOX 45L - GREEN,https://alrimaya.com/image/cache/catalog/product/3340/22-3678-(1)-min-3340-thumb-800x800.jpg
22-3678,HF-60Y04G,ALUMINUM BOX 90L - GREEN,https://alrimaya.com/image/cache/catalog/product/3340/22-3678-(1)-min-3340-thumb-800x800.jpg
22-3679,HF-60Y04L,ALUMINUM BOX 29L - SAND,https://alrimaya.com/image/cache/catalog/product/3341/22-3681-(1)-min-3341-thumb-800x800.jpg
22-3680,HF-60Y04F,ALUMINUM BOX 45L - SAND,https://alrimaya.com/image/cache/catalog/product/3341/22-3681-(1)-min-3341-thumb-800x800.jpg
22-3681,HF-60Y04G,ALUMINUM BOX 90L - SAND,https://alrimaya.com/image/cache/catalog/product/3341/22-3681-(1)-min-3341-thumb-800x800.jpg
22-3682,HF-60Y04L,ALUMINUM BOX 29L - BLACK,https://alrimaya.com/image/cache/catalog/product/3342/22-3684-(1)-min-3342-thumb-800x800.jpg
22-3683,HF-60Y04F,ALUMINUM BOX 45L - BLACK,https://alrimaya.com/image/cache/catalog/product/3342/22-3684-(1)-min-3342-thumb-800x800.jpg
22-3684,HF-60Y04G,ALUMINUM BOX 90L - BLACK,https://alrimaya.com/image/cache/catalog/product/3342/22-3684-(1)-min-3342-thumb-800x800.jpg
22-3685,,FIREWOOD 10KG SOUTH AFRICA	,https://alrimaya.com/image/cache/catalog/product/3839/22-3685-(2)-min-3839-thumb-800x800.jpg
22-3686,,FIREWOOD 10KG SOUTH AFRICA,https://alrimaya.com/image/cache/catalog/product/4119/22-3686-4119-thumb-800x800.jpg
22-3687,RCG-D12,RECHARGEABLE COFFEE GRINDER/USB/SILVER,https://alrimaya.com/image/catalog/product/3329/22-3687-(1)-min-3329-thumb.jpg
22-3688,940219000000,CAMP PAD 203x76CM - BLUE,https://alrimaya.com/image/catalog/product/3367/22-3688-(2)-min-3367-thumb.jpg
22-3689,940219000000,CAMP PAD 203x76CM - GREEN,https://alrimaya.com/image/cache/catalog/product/3367/22-3689-(1)-min-3367-thumb-800x800.jpg
22-3690,,FOLDING TABLE BLACK/SILVER - KC2251,https://alrimaya.com/image/catalog/product/3482/22-3690-(3)-min-3482-thumb.jpg
22-3691,AC3008F,DIRECTOR FOLDING CHAIR GRAY & YELLOW,https://alrimaya.com/image/catalog/product/3471/22-3691-(5)-3471-thumb.jpg
22-3692,AC3065B,KID'S DIRECTOR FOLDING CHAIR GRAY & YELLOW,https://alrimaya.com/image/catalog/product/3466/22-3692-(1)-min-3466-thumb.jpg
22-3693,570292200000,PRAYER MAT 120X70CM - GREEN,https://alrimaya.com/image/catalog/product/3332/22-3693-(5)-3332-thumb.jpg
22-3694,570292200000,PRAYER MAT 120X70CM - RED,https://alrimaya.com/image/catalog/product/3696/22-3694-3696-thumb.jpg
22-3695,570292200000,PRAYER MAT 120X70CM - BEIGE,https://alrimaya.com/image/cache/catalog/product/3332/22-3695-(2)-min-3332-thumb-800x800.jpg
22-3696,C443-001,TEA CUP 6PCS SET 110CC,https://alrimaya.com/image/catalog/product/3456/22-3696-(1)-min-3456-thumb.jpg
22-3697,,6PCS GAHWA CUP 65CC - C382-011,https://alrimaya.com/image/catalog/product/3457/22-3697-(1)-min-3457-thumb.jpg
22-3698,,6PCS GAHWA CUP 65CC - C382-013,https://alrimaya.com/image/cache/catalog/product/3458/22-3698-(1)-min-3458-thumb-800x800.jpg
22-3699,,6PCS GAHWA CUP 65CC - C382-014,https://alrimaya.com/image/catalog/product/3459/22-3699-(1)-min-3459-thumb.jpg
22-3700,,6PCS GAHWA CUP 65CC - C382-018,https://alrimaya.com/image/catalog/product/3460/22-3700-(1)-min-3460-thumb.jpg
22-3701,,6PCS GAHWA CUP 100CC - MULTI-COLOR,https://alrimaya.com/image/cache/catalog/product/3457/22-3697-(1)-min-3457-thumb-800x800.jpg
22-3702,,6PCS GAHWA CUP 100CC - MULTI-COLOR,https://alrimaya.com/image/cache/catalog/product/3458/22-3698-(1)-min-3458-thumb-800x800.jpg
22-3703,,6PCS GAHWA CUP 100CC - MULTI-COLOR,https://alrimaya.com/image/cache/catalog/product/3459/22-3699-(1)-min-3459-thumb-800x800.jpg
22-3704,,6PCS GAHWA CUP 100CC - MULTI-COLOR,https://alrimaya.com/image/cache/catalog/product/3460/22-3700-(1)-min-3460-thumb-800x800.jpg
22-3705,874680900000,FOLDING CART,https://alrimaya.com/image/catalog/product/3333/22-3705-(2)-min-3333-thumb.jpg
22-3706,,LIGHTWEIGHT JACKET - M,https://alrimaya.com/image/catalog/product/3254/22-3706-(2)-min-3254-thumb.jpg
22-3707,,LIGHTWEIGHT JACKET - L,https://alrimaya.com/image/cache/catalog/product/3254/22-3706-(2)-min-3254-thumb-800x800.jpg
22-3708,,LIGHTWEIGHT JACKET - XL,https://alrimaya.com/image/cache/catalog/product/3254/22-3706-(2)-min-3254-thumb-800x800.jpg
22-3709,,ROUND PLATE WITH HAMMER DOT GOLDEN - SMALL,https://alrimaya.com/image/catalog/product/3213/22-3711-(1)-min-3213-thumb.jpg
22-3710,,ROUND PLATE WITH HAMMER DOT GOLD - MEDIUM,https://alrimaya.com/image/cache/catalog/product/3213/22-3711-(1)-min-3213-thumb-800x800.jpg
22-3711,,ROUND PLATE WITH HAMMER DOT GOLD - BIG,https://alrimaya.com/image/cache/catalog/product/3213/22-3711-(1)-min-3213-thumb-800x800.jpg
22-3712,TLR223712,"Mattress 68/200, red color",https://alrimaya.com/image/catalog/product/3609/22-3712-(3)-3609-thumb.jpg
22-3713,HF-60105M,CAMPING TENT 200X200X140CM - GREEN,https://alrimaya.com/image/catalog/product/3434/22-3713-(6)-min-3434-thumb.jpg
22-3714,HF-60123U,CAMPING TENT 210X150X125CM - GREEN,https://alrimaya.com/image/catalog/product/3452/22-3714-(4)-min-3452-thumb.jpg
22-3715,HF-60V13R,HAMMOCK / SLEEPING BED - BEIGE,https://alrimaya.com/image/cache/catalog/product/3409/22-3715-(2)-min-3409-thumb-800x800.jpg
22-3716,HF-60V13R,HAMMOCK / SLEEPING BED - BLUE,https://alrimaya.com/image/cache/catalog/product/3409/22-3716-(1)-3409-thumb-800x800.jpg
22-3717,WYSN-0008,BACK SUPPORT FLOOR CHAIR WITH MAT,https://alrimaya.com/image/catalog/product/3413/22-3717-(3)-3413-thumb.jpg
22-3718,VKS-V-831,ICE BOX 37x25x24CM - KHAKI,https://alrimaya.com/image/catalog/product/3419/22-3718-(3)-min-3419-thumb.jpg
22-3719,VKS-K-105,PICNIC BAG 32X25X37 - KHAKI,https://alrimaya.com/image/catalog/product/3429/22-3719-(1)-3429-thumb.jpg
22-3720,VKS-K-105-1,PICNIC BAG 45X25X37 - COFFEE,https://alrimaya.com/image/catalog/product/3420/22-3720-(1)-min-3420-thumb.jpg
22-3721,VKS-K-559,AIR CYLINDER BAG 42X13X13 - KHAKI,https://alrimaya.com/image/catalog/product/3421/22-3722-(1)-min-3421-thumb.jpg
22-3722,VKS-K-559,AIR CYLINDER BAG 50X16X16 - KHAKI,https://alrimaya.com/image/catalog/product/3421/22-3722-(1)-min-3421-thumb.jpg
22-3723,VKS-K-559,AIR CYLINDER BAG 53X19X19 - KHAKI,https://alrimaya.com/image/catalog/product/3421/22-3722-(1)-min-3421-thumb.jpg
22-3725,940169000000,FOLDING CHAIR - BEIGE,https://alrimaya.com/image/catalog/product/3334/22-3725-(1)-min-3334-thumb.jpg
22-3726,BH-I-001,INFLATABLE SLEEPING PAD - GREEN,https://alrimaya.com/image/catalog/product/3440/22-3726-(1)-min-3440-thumb.jpg
22-3727,BH-D-001,WATERPROOF DUFFEL BAG - BLACK,https://alrimaya.com/image/catalog/product/3441/22-3727-(1)-min-3441-thumb.jpg
22-3728,BH-F-001,FOLDING TRASH CAN - BLACK,https://alrimaya.com/image/catalog/product/3442/22-3728-(3)-min-3442-thumb.jpg
22-3729,BH-F-002,FOLDING TRASH CAN - BROWN / BLACK,https://alrimaya.com/image/catalog/product/3531/22-3729-(1)-min-3531-thumb.jpg
22-3730,BSL36-03-R3,SLIDELOCK CARABINER BUNGEE 36''-BLUE - BSL36-03-R3,https://alrimaya.com/image/catalog/product/3493/22-3730-1-min-3493-thumb.jpg
22-3731,BSL48-17-R3,HOOKLOCK LOCKING BUNGEE 48'' - LIME - BHL48-17-R3,https://alrimaya.com/image/catalog/product/3494/22-3731-1-3494-thumb.jpg
22-3732,FFDR-07S-R8,FLASHFLIGHT -DISC-O-TECH RECHARGEABLE -FFDR-07S-R8,https://alrimaya.com/image/catalog/product/3495/22-3732-1-3495-thumb.jpg
22-3733,SKL2SR-07S-R6,SPOKELIT DISC-O TECH WHEEL LIGHT - SKL2SR-07S-R6,https://alrimaya.com/image/catalog/product/3496/22-3733-3-3496-thumb.jpg
22-3734,STOMS-01-R8,STEELIE ORBITER MAGSAFE - STOMS-01-R8,https://alrimaya.com/image/catalog/product/3497/22-3734-1-3497-thumb.jpg
22-3735,940350900001,FOLDING BED WITH PADDED - 190x68x35/52CM,https://alrimaya.com/image/catalog/product/3335/22-3735-(1)-min-3335-thumb.jpg
22-3736,940350900001,FOLDING BED - BLUE,https://alrimaya.com/image/catalog/product/3336/22-3736-(1)-min-3336-thumb.jpg
22-3737,CR1173,FOLDING BED 190X71X41CM - GREY/GREEN ,https://alrimaya.com/image/catalog/product/3287/22-3737-(1)-min-3287-thumb.jpg
22-3738,,18 IN 1 POCKET MULTI-TOOL,https://alrimaya.com/image/catalog/product/3461/22-3738-(1)-min-3461-thumb.jpg
22-3739,420212109999,WATERPROOF GUN CASE 93x35.6x15.2CM - BLACK,https://alrimaya.com/image/catalog/product/3378/22-3739-(1)-min-3378-thumb.jpg
22-3740,420212109999,WATERPROOF GUN CASE 104.2x35.2x13.2CM - BLACK,https://alrimaya.com/image/catalog/product/3379/22-3740-(1)-min-3379-thumb.jpg
22-3741,420212109999,COOLER BOX 20L - SEAFOAM,https://alrimaya.com/image/catalog/product/3380/22-3741-(1)-min-3380-thumb.jpg
22-3742,420212109999,COOLER BOX 50L - TAN,https://alrimaya.com/image/catalog/product/3381/22-3742-(1)-min-3381-thumb.jpg
22-3743,420222000000,HIKING BACKPACK - 30 LITER,https://alrimaya.com/image/catalog/product/3405/22-3743-(1)-min-3405-thumb.jpg
22-3744,420222000000,HIKING BACKPACK - 45 LITER,https://alrimaya.com/image/cache/catalog/product/3406/22-3744-(2)-min-3406-thumb-800x800.jpg
22-3745,420222000000,HYDRATION BACKPACK 12 L WITH HYDRATION BAG 2L,https://alrimaya.com/image/cache/catalog/product/3407/22-3745-(1)-min-3407-thumb-800x800.jpg
22-3746,HF-60Y04,ALUMINUM BOX 3PCS SET - GREEN,https://alrimaya.com/image/cache/catalog/product/3343/22-3746-(1)-min-3343-thumb-800x800.jpg
22-3747,HF-60Y04,ALUMINUM BOX 3 PCS SET - SAND,https://alrimaya.com/image/cache/catalog/product/3343/22-3747-(1)-min-3343-thumb-800x800.jpg
22-3748,HF-60Y04,ALUMINUM BOX 3PCS SET - BLACK,https://alrimaya.com/image/cache/catalog/product/3343/22-3748-(1)-min-3343-thumb-800x800.jpg
22-3749,732391000000,ENAMEL KETTLE ASIRI DESIGN 1.1L - RED,https://alrimaya.com/image/catalog/product/3321/22-3749-(1)-min-3321-thumb.jpg
22-3750,732391000000,ENAMEL KETTLE ASIRI DESIGN 1.7L - RED,https://alrimaya.com/image/cache/catalog/product/3321/22-3749-(1)-min-3321-thumb-800x800.jpg
22-3751,732391000000,ENAMEL KETTLE ASIRI DESIGN 2.3L - RED,https://alrimaya.com/image/cache/catalog/product/3321/22-3749-(1)-min-3321-thumb-800x800.jpg
22-3752,732391000000,ENAMEL KETTLE ASIRI DESIGN 1.1L - WHITE,https://alrimaya.com/image/catalog/product/3322/22-3752-(1)-min-3322-thumb.jpg
22-3753,732391000000,ENAMEL KETTLE ASIRI DESIGN 1.7L - WHITE,https://alrimaya.com/image/cache/catalog/product/3322/22-3752-(1)-min-3322-thumb-800x800.jpg
22-3754,732391000000,ENAMEL KETTLE ASIRI DESIGN 2.3L - WHITE,https://alrimaya.com/image/cache/catalog/product/3322/22-3752-(1)-min-3322-thumb-800x800.jpg
22-3755,732391000000,ENAMEL KETTLE ASIRI DESIGN 1.1L - YELLOW,https://alrimaya.com/image/catalog/product/3323/22-3755-(1)-min-3323-thumb.jpg
22-3756,732391000000,ENAMEL KETTLE ASIRI DESIGN 1.7L - YELLOW,https://alrimaya.com/image/cache/catalog/product/3323/22-3755-(1)-min-3323-thumb-800x800.jpg
22-3757,732391000000,ENAMEL KETTLE ASIRI DESIGN 2.3L - YELLOW,https://alrimaya.com/image/cache/catalog/product/3323/22-3755-(1)-min-3323-thumb-800x800.jpg
22-3758,732391000000,ENAMEL KETTLE ASIRI DESIGN 1.1L - PURPLE,https://alrimaya.com/image/catalog/product/3324/22-3759-(1)-min-3324-thumb.jpg
22-3759,732391000000,ENAMEL KETTLE ASIRI DESIGN 1.7L - PURPLE,https://alrimaya.com/image/cache/catalog/product/3324/22-3759-(1)-min-3324-thumb-800x800.jpg
22-3760,732391000000,ENAMEL KETTLE ASIRI DESIGN 2.3L - PURPLE,https://alrimaya.com/image/cache/catalog/product/3324/22-3759-(1)-min-3324-thumb-800x800.jpg
22-3761,732391000000,ENAMEL KETTLE ASIRI DESIGN 1.1L - BLUE,https://alrimaya.com/image/catalog/product/3325/22-3761-(1)-min-3325-thumb.jpg
22-3762,732391000000,ENAMEL KETTLE ASIRI DESIGN 1.7L - BLUE,https://alrimaya.com/image/cache/catalog/product/3325/22-3761-(1)-min-3325-thumb-800x800.jpg
22-3763,732391000000,ENAMEL KETTLE ASIRI DESIGN 2.3L - BLUE,https://alrimaya.com/image/cache/catalog/product/3325/22-3761-(1)-min-3325-thumb-800x800.jpg
22-3764,732391000000,ENAMEL KETTLE ASIRI DESIGN 1.1L - PINK,https://alrimaya.com/image/catalog/product/3326/22-3764-(1)-min-3326-thumb.jpg
22-3765,732391000000,ENAMEL KETTLE ASIRI DESIGN 1.7L - PINK,https://alrimaya.com/image/cache/catalog/product/3326/22-3764-(1)-min-3326-thumb-800x800.jpg
22-3766,732391000000,ENAMEL KETTLE ASIRI DESIGN 2.3L - PINK,https://alrimaya.com/image/cache/catalog/product/3326/22-3764-(1)-min-3326-thumb-800x800.jpg
22-3767,22-3767,TEA & GAHWA BAG SET/LIGHT GREEN,https://i.ibb.co/8D46Xsq/22-3767-2.jpg
22-3768,22-3768,TEA & GAHWA BAG SET/PURPLE,https://i.ibb.co/C50V1vr/22-3768-2.jpg
22-3769,,SPORTS GLOVES - GREY & BLACK,https://alrimaya.com/image/catalog/product/3516/22-3769-(1)-min-3516-thumb.jpg
22-3770,,SPORTS GLOVES - OLIVE,https://alrimaya.com/image/cache/catalog/product/3516/22-3770-(2)-min-3516-thumb-800x800.jpg
22-3771,570292200000,PRAYER MAT WITH BACK SUPPORT - GREEN,https://alrimaya.com/image/catalog/product/3328/22-3771-(3)-min-3328-thumb.jpg
22-3772,570292200000,PRAYER MAT WITH BACK SUPPORT - GREY,https://i.ibb.co/fxtWhQR/22-3772-3.jpg
22-3773,SULTAN BED-2,FOLDING BED CAMPING-200x85x40CM,https://alrimaya.com/image/catalog/product/3304/22-3773-(1)-min-3304-thumb.jpg
22-3774,TLR223774,فرشة أحمر شعبى ,https://alrimaya.com/image/catalog/product/4127/22-3774 (1)-4127-thumb.jpg
22-3775,,HIKING WATER BOTTLE 1000ML - GREY,https://alrimaya.com/image/catalog/product/3462/22-3775-(1)-min-3462-thumb.jpg
22-3776,,HIKING WATER BOTTLE 1000ML - PURPLE,https://alrimaya.com/image/cache/catalog/product/3462/22-3776-(1)-min-3462-thumb-800x800.jpg
22-3777,,HIKING WATER BOTTLE 1000ML - BLUE,https://alrimaya.com/image/cache/catalog/product/3462/22-37777-(1)-min-3462-thumb-800x800.jpg
22-3778,,HIKING WATER BOTTLE 1000ML - ORANGE,https://alrimaya.com/image/cache/catalog/product/3462/22-3778-(1)-min-3462-thumb-800x800.jpg
22-3779,,HIKING WATER BOTTLE 1000ML - GREEN,https://alrimaya.com/image/cache/catalog/product/3462/22-3779-(1)-min-3462-thumb-800x800.jpg
22-3781,,تكاية لاندكروزر حاملة منديل خلفية  2022,https://alrimaya.com/image/catalog/product/4547/22-3781-(1)-4547-thumb.jpg
22-3782,,تكاية لاندكروزر تكية طير بيج  2022,https://alrimaya.com/image/catalog/product/4548/22-3782-(1)-4548-thumb.jpg
22-3783,732510900000,TANK WITH NOZZLE AND WHEEL - 53 LITER,https://alrimaya.com/image/catalog/product/3383/22-3783-(1)-min-3383-thumb.jpg
22-3784,732510900000,TANK WITH NOZZLE AND WHEEL - 95 LITER,https://alrimaya.com/image/catalog/product/3384/22-3784-(3)-min-3384-thumb.jpg
22-3785,732119000000,SWING GRILL,https://alrimaya.com/image/catalog/product/3426/22-3785-(1)-min-3426-thumb.jpg
22-3786,732391000000,ENAMEL CASSEROLE POT 20CM - RED,https://alrimaya.com/image/catalog/product/3305/22-3790-(1)-min-3305-thumb.jpg
22-3787,732391000000,ENAMEL CASSEROLE POT 20CM - YELLOW & RED,https://alrimaya.com/image/catalog/product/3306/22-3791-(1)-min-3306-thumb.jpg
22-3788,732391000000,ENAMEL CASSEROLE POT 20CM - MULTI-COLOR,https://alrimaya.com/image/catalog/product/3307/22-3792-(1)-min-3307-thumb.jpg
22-3789,732391000000,ENAMEL CASSEROLE POT 20CM - WHITE WITH GREEN,https://alrimaya.com/image/catalog/product/3308/22-3793-(1)-min-3308-thumb.jpg
22-3790,732391000000,ENAMEL CASSEROLE POT 26CM - RED ,https://alrimaya.com/image/cache/catalog/product/3305/22-3790-(1)-min-3305-thumb-800x800.jpg
22-3791,732391000000,ENAMEL CASSEROLE POT 26CM - RED & YELLOW,https://alrimaya.com/image/cache/catalog/product/3306/22-3791-(1)-min-3306-thumb-800x800.jpg
22-3792,732391000000,ENAMEL CASSEROLE POT 26CM - MULTI-COLOR,https://alrimaya.com/image/cache/catalog/product/3307/22-3792-(1)-min-3307-thumb-800x800.jpg
22-3793,732391000000,ENAMEL CASSEROLE POT 26CM - WHITE WITH GREEN,https://alrimaya.com/image/cache/catalog/product/3308/22-3793-(1)-min-3308-thumb-800x800.jpg
22-3794,732391000000,ENAMEL MILK POT 1 LITER - RED,https://alrimaya.com/image/catalog/product/3309/22-3794-(1)-min-3309-thumb.jpg
22-3795,732391000000,ENAMEL MILK POT 1 LITER - MULTI-COLOR,https://alrimaya.com/image/catalog/product/3310/22-3795-(1)-min-3310-thumb.jpg
22-3796,732391000000,ENAMEL MILK POT 1 LITER - WHITE / GREEN,https://alrimaya.com/image/catalog/product/3311/22-3796-(1)-min-3311-thumb.jpg
22-3797,732391000000,ENAMEL MILK POT 1.65 LITER - RED,https://alrimaya.com/image/cache/catalog/product/3309/22-3794-(1)-min-3309-thumb-800x800.jpg
22-3798,732391000000,ENAMEL MILK POT 1.65 LITER - MULTI-COLOR,https://alrimaya.com/image/cache/catalog/product/3310/22-3795-(1)-min-3310-thumb-800x800.jpg
22-3799,732391000000,ENAMEL MILK POT 1.65 LITER - WHITE / GREEN,https://alrimaya.com/image/cache/catalog/product/3311/22-3796-(1)-min-3311-thumb-800x800.jpg
22-3800,732391000000,ENAMEL TEA KETTLE 1.2L - RED,https://alrimaya.com/image/catalog/product/3312/22-3800-(2)-min-3312-thumb.jpg
22-3801,732391000000,ENAMEL TEA KETTLE 1.2L - MULTI-COLOR,https://alrimaya.com/image/catalog/product/3313/22-3801-(1)-min-3313-thumb.jpg
22-3802,732391000000,ENAMEL TEA KETTLE 1.2L - WHITE / GREEN,https://alrimaya.com/image/catalog/product/3314/22-3802-(2)-min-3314-thumb.jpg
22-3803,732391000000,ENAMEL TEA KETTLE 2 LITER - RED,https://alrimaya.com/image/cache/catalog/product/3312/22-3800-(2)-min-3312-thumb-800x800.jpg
22-3804,732391000000,ENAMEL TEA KETTLE 2 LITER - MULTI-COLOR,https://alrimaya.com/image/cache/catalog/product/3313/22-3801-(1)-min-3313-thumb-800x800.jpg
22-3805,732391000000,ENAMEL TEA KETTLE 2L - WHITE / GREEN,https://alrimaya.com/image/cache/catalog/product/3314/22-3802-(2)-min-3314-thumb-800x800.jpg
22-3806,732391000000,ENAMEL TEA KETTLE 2.5L - RED,https://alrimaya.com/image/cache/catalog/product/3312/22-3800-(2)-min-3312-thumb-800x800.jpg
22-3807,732391000000,ENAMEL TEA KETTLE 2.5L - MULTI-COLOR,https://alrimaya.com/image/cache/catalog/product/3313/22-3801-(1)-min-3313-thumb-800x800.jpg
22-3808,732391000000,ENAMEL TEA KETTLE 2.5L - WHITE & GREEN,https://alrimaya.com/image/cache/catalog/product/3314/22-3802-(2)-min-3314-thumb-800x800.jpg
22-3809,732391000000,ENAMEL TEA KETTLE 1.5L - RED & YELLOW,https://alrimaya.com/image/catalog/product/3315/22-3809-(1)-min-3315-thumb.jpg
22-3810,732391000000,ENAMEL TEA KETTLE 2.5L - RED & YELLOW,https://alrimaya.com/image/cache/catalog/product/3315/22-3809-(1)-min-3315-thumb-800x800.jpg
22-3811,732391000000,ENAMEL TEA KETTLE 3.5L - RED & YELLOW,https://alrimaya.com/image/cache/catalog/product/3315/22-3809-(1)-min-3315-thumb-800x800.jpg
22-3812,732391000000,ENAMEL KETTLE 1.3L - RED,https://alrimaya.com/image/catalog/product/3316/22-3812-(1)-min-3316-thumb.jpg
22-3813,732391000000,ENAMEL KETTLE 1.3L -MULTI-COLOR,https://alrimaya.com/image/catalog/product/3317/22-3813-(1)-min-3317-thumb.jpg
22-3814,732391000000,ENAMEL KETTLE 1.3L-WHITE &GREEN,https://alrimaya.com/image/catalog/product/3318/22-3814-(1)-min-3318-thumb.jpg
22-3815,732391000000,ENAMEL KETTLE 1.85L - RED,https://alrimaya.com/image/cache/catalog/product/3316/22-3812-(1)-min-3316-thumb-800x800.jpg
22-3816,732391000000,ENAMEL KETTLE 1.85L-MULTI-COLOR,https://alrimaya.com/image/cache/catalog/product/3317/22-3813-(1)-min-3317-thumb-800x800.jpg
22-3817,732391000000,ENAMEL KETTLE 1.85L-WHITE & GREEN,https://alrimaya.com/image/cache/catalog/product/3318/22-3814-(1)-min-3318-thumb-800x800.jpg
22-3818,732391000000,ENAMEL PLATE 40CM - RED,https://alrimaya.com/image/catalog/product/3319/22-3818-(1)-min-3319-thumb.jpg
22-3819,732391000000,ENAMEL PLATE 40CM - RED & YELLOW,https://alrimaya.com/image/cache/catalog/product/3319/22-3819-(2)-min-3319-thumb-800x800.jpg
22-3820,732391000000,ENAMEL PLATE 40CM - MULTI-COLOR,https://alrimaya.com/image/cache/catalog/product/3319/22-3820-(2)-min-3319-thumb-800x800.jpg
22-3821,732391000000,ENAMEL PLATE 40CM - WHITE & GREEN,https://alrimaya.com/image/cache/catalog/product/3319/22-3821-(2)-min-3319-thumb-800x800.jpg
22-3822,732394000000,ENAMEL POT WITH GLASS LID 20CM - RED,https://alrimaya.com/image/catalog/product/3467/22-3822-(1)-min-3467-thumb.jpg
22-3823,732394000000,ENAMEL POT WITH GLASS LID 26CM - RED,https://alrimaya.com/image/cache/catalog/product/3467/22-3822-(1)-min-3467-thumb-800x800.jpg
22-3824,732394000000,ENAMEL CASSEROLE POT 18CM - YELLOW,https://alrimaya.com/image/catalog/product/3468/22-3824-(1)-min-3468-thumb.jpg
22-3825,732394000000,ENAMEL CASSEROLE POT 22CM - YELLOW,https://alrimaya.com/image/cache/catalog/product/3468/22-3824-(1)-min-3468-thumb-800x800.jpg
22-3826,732394000000,ENAMEL CASSEROLE POT 18CM - RED,https://alrimaya.com/image/catalog/product/3469/22-3826-(1)-min-3469-thumb.jpg
22-3827,732394000000,ENAMEL CASSEROLE POT 22CM - RED,https://alrimaya.com/image/cache/catalog/product/3469/22-3826-(1)-min-3469-thumb-800x800.jpg
22-3828,650691900000,CAP WITH BACK FLAP - GREY,https://alrimaya.com/image/catalog/product/3470/22-3828-(1)-min-3470-thumb.jpg
22-3829,650691900000,CAP WITH BACK FLAP - BEIGE,https://alrimaya.com/image/cache/catalog/product/3470/22-3829-(1)-min-3470-thumb-800x800.jpg
22-3830,,MULTI-PURPOSE FOLDABLE CART - BLACK & RED,https://alrimaya.com/image/catalog/product/3517/22-3830-(2)-min-3517-thumb.jpg
22-3831,,FOLDING STORAGE BOX WITH WOOD LID 55L- WHITE,https://alrimaya.com/image/cache/catalog/product/3518/22-3831-(3)-min-3518-thumb-800x800.jpg
22-3832,,FOLDING STORAGE BOX WITH WOOD LID 55L - BLACK,https://alrimaya.com/image/cache/catalog/product/3518/22-3832-(3)-min-3518-thumb-800x800.jpg
22-3833,,FOLDING STORAGE BOX WITH WOOD LID 55 LITER - BLUE,https://alrimaya.com/image/cache/catalog/product/3518/22-3833-(4)-min-3518-thumb-800x800.jpg
22-3834,,FOLDING STORAGE BOX WITH WOOD LID 55 LITER - GREEN,https://alrimaya.com/image/cache/catalog/product/3561/22-3834-(3)-3561-thumb-800x800.jpg
22-3835,HF-60Y04J,COOLER BOX 22L - OLIVE GREEN,https://alrimaya.com/image/catalog/product/3430/22-3835-(1)-min-3430-thumb.jpg
22-3836,HF-60Y04E,FOLDABLE STORAGE BOX - GREY + YELLOW,https://alrimaya.com/image/catalog/product/3431/22-3836-(3)-min-3431-thumb.jpg
22-3837,HF-60Y04E,FOLDABLE STORAGE BOX - GREY + BLACK,https://alrimaya.com/image/cache/catalog/product/3431/22-3837-(4)-min-3431-thumb-800x800.jpg
22-3838,HF-60C04L,FOLDING TABLE 40x29x12CM - ALUMINUM,https://alrimaya.com/image/catalog/product/3432/22-3838-(4)-min-3432-thumb.jpg
22-3839,HF-61E05O,BLANKET 130X160CM  - MULTI-COLOR,https://alrimaya.com/image/catalog/product/3433/22-3839-(4)-3433-thumb-800x800-3433-thumb.jpg
22-3840,HF-60U01R,GLASS COFFEE POT WITH BOX,https://alrimaya.com/image/catalog/product/3451/22-3840-(2)-min-3451-thumb.jpg
22-3841,940169000000,DIRECTOR CHAIR WITH COOLER BAG AND SIDE TABLE,https://alrimaya.com/image/catalog/product/3337/22-3841-(1)-min-3337-thumb.jpg
22-3842,BH-C-001,CAR ROOF BAG 120x90x40CM - BLACK,https://alrimaya.com/image/cache/catalog/product/3558/22-3842-(2)-3558-thumb-800x800.jpg
22-3843,TY-OG-44,METAL FIRE PIT - TY-OG-44,https://alrimaya.com/image/catalog/product/3192/TY-OG-44-(3)-min-3192-thumb.jpg
22-3847,ZYZY-32,GAS HOSE WITH VALVE - PP PACK,https://alrimaya.com/image/cache/catalog/product/3569/22-3847-(1)-3569-thumb-800x800.jpg
22-3848,,RETRACTABLE WATER GALLON - 10L,https://alrimaya.com/image/cache/catalog/product/3583/22-3848-(3)-min-3583-thumb-800x800.jpg
22-3849,HF-60L01B,CAR ROOF BAG 122x96.5x28/45.7CM - BLACK,https://alrimaya.com/image/catalog/product/3448/22-3849-(1)-min-3448-thumb.jpg
22-3850,HF-60U01T,COFFEE POT STAINLESS STEEL - 800ML,https://alrimaya.com/image/catalog/product/3449/22-3850-(1)-min-3449-thumb.jpg
22-3851,HF-60U01Y,COFFEE POT STAINLESS STEEL - 1000ML,https://alrimaya.com/image/cache/catalog/product/3449/22-3850-(1)-min-3449-thumb-800x800.jpg
22-3852,HF-60I22D,SLEEPING TENT 220x120x90CM - GREY + BLUE,https://alrimaya.com/image/catalog/product/3500/22-3852-(2)-min-3500-thumb.jpg
22-3853,HF-60I22D,SLEEPING TENT 220x120x90CM - GREY + OLIVE GREEN,https://alrimaya.com/image/cache/catalog/product/3500/22-3853-(5)-min-3500-thumb-800x800.jpg
22-3854,HF-90D09H,RECOVERY TANK 40L - BLUE,https://alrimaya.com/image/catalog/product/3435/22-3854-(2)-min-3435-thumb.jpg
22-3855,FMX-2075,3 IN 1 BBQ GRILL 220-240V / 12V,https://alrimaya.com/image/catalog/product/3473/22-3855-(1)-min-3473-thumb.jpg
22-3856,761699500005,GOAT STAND WITH WINCH - BLACK,https://alrimaya.com/image/catalog/product/3427/22-3856-(1)-3427-thumb.jpg
22-3857,,FOLDABLE SHOPPING TROLLEY 50 LITER - RED + BLACK,https://alrimaya.com/image/catalog/product/3480/22-3857-(10)-min-3480-thumb.jpg
22-3858,,FOLDABLE SHOPPING TROLLEY 50 LITER - YELLOW + GREY,https://alrimaya.com/image/cache/catalog/product/3480/22-3858-(3)-min-3480-thumb-800x800.jpg
22-3859,,FOLDABLE SHOPPING TROLLEY 50 LITER - GREEN + GREY,https://alrimaya.com/image/cache/catalog/product/3480/22-3859-(1)-min-3480-thumb-800x800.jpg
22-3860,,FOLDABLE SHOPPING TROLLEY 30 LITER - RED + BLACK,https://alrimaya.com/image/catalog/product/3481/22-3860-(9)-min-3481-thumb.jpg
22-3861,,FOLDABLE SHOPPING TROLLEY 30 LITER - YELLOW + GREY,https://alrimaya.com/image/cache/catalog/product/3480/22-3858-(3)-min-3480-thumb-800x800.jpg
22-3862,,FOLDABLE SHOPPING TROLLEY 30 LITER - GREEN + GREY,https://alrimaya.com/image/cache/catalog/product/3480/22-3859-(1)-min-3480-thumb-800x800.jpg
22-3863,630622000000,CAR ROOF TENT 200x140x75/120CM NORMANDY AUTO 140,https://cdn.globalso.com/iwildland/800x800-19.jpg
22-3864,630622000000,CAR ROOF TENT 200x140x90/110CM DESERT CRUISER,https://alrimaya.com/image/catalog/product/3345/22-3864-7-3345-thumb.jpg
22-3865,630622000000,CAR ROOF TENT 200x140x100CM - ROCK CRUISER ,https://alrimaya.com/image/catalog/product/3346/22-3865-3346-thumb.jpg
22-3866,630622000000,CAR ROOF TENT 200x140x105CM - ADVENTURE CRUISER,https://alrimaya.com/image/catalog/product/3347/22-3866-8-3347-thumb.jpg
22-3867,630622000000,CAR ROOF TENT 200x250x110CM - WILD CRUISER,https://alrimaya.com/image/catalog/product/3348/22-3867-5-3348-thumb.jpg
22-3868,630622000000,HUB SCREEN TENT 366x366x218CM,https://alrimaya.com/image/catalog/product/3349/22-3868-1-3349-thumb.jpg
22-3869,VKS-K-564,GLASS CUP BAG 27x21x9CM - GREY ,https://alrimaya.com/image/cache/catalog/product/3671/22-3869-(1)-min-3671-thumb-800x800.jpg
22-3870,VKS-K-562,TOILETRY BAG 21x21x26CM - GREEN,https://alrimaya.com/image/cache/catalog/product/3672/22-3870-(1)-min-3672-thumb-800x800.jpg
22-3871,VKS-K-013,PICNIC BAG 49x15.5x41CM - PURPLE,https://alrimaya.com/image/cache/catalog/product/3673/22-3871-(1)-min-3673-thumb-800x800.jpg
22-3872,961700,MUG 380ML - BLACK,https://alrimaya.com/image/cache/catalog/product/3474/22-3872-(2)-min-3474-thumb-800x800.jpg
22-3873,961700,MUG 360ML - BLACK,https://alrimaya.com/image/catalog/product/3474/22-3872-(2)-min-3474-thumb.jpg
22-3874,96170000000,MUG WITH FILTER 380ML - BLACK,https://alrimaya.com/image/catalog/product/3475/22-3874-(1)-min-3475-thumb.jpg
22-3875,961700,MUG WITH FILTER 380ML - WHITE,https://alrimaya.com/image/cache/catalog/product/3475/22-3875-(1)-min-3475-thumb-800x800.jpg
22-3876,961700,VACUUM FLASK WATER BOTTLE WITH HANDLE 530ML - BLAC,https://alrimaya.com/image/catalog/product/3476/22-3876-(1)-min-3476-thumb.jpg
22-3877,420212100001,COOLER BOX 50L - WHITE,https://alrimaya.com/image/catalog/product/3477/22-3877-(1)-min-3477-thumb.jpg
22-3878,,PIZZA PEEL WITH FOLDABLE HANDLE - 44X33CM,https://alrimaya.com/image/catalog/product/3463/22-3878-(2)-min-3463-thumb.jpg
22-3879,,WINTER HAT WITH EAR FLAPS BLACK,https://alrimaya.com/image/catalog/product/3601/22-3879-(2)-min-3601-thumb.jpg
22-3880,,GLASS DRINK BOTTLE 290ML WITH FILTER - DARK BROWN,https://alrimaya.com/image/catalog/product/3847/22-2880-(2)-min-3847-thumb.jpg
22-3881,,GLASS DRINK BOTTLE 290ML WITH FILTER - BROWN,https://i.ibb.co/NSKT7CP/22-3881-2.jpg
22-3882,,HAND BAG STOOL - BEIGE,https://alrimaya.com/image/catalog/product/3572/22-3882-(3)-3572-thumb.jpg
22-3883,,HIKING CHAIR WITH HIKING STICK,https://alrimaya.com/image/catalog/product/3573/22-3883-(2)-3573-thumb.jpg
22-3884,HF-60C07U,FOLDING TABLE MESH 60x40x25CM - BLACK,https://alrimaya.com/image/catalog/product/3501/22-3884-(2)-min-3501-thumb.jpg
22-3885,,ALUMINUM FOLDING TABLE-BLACK & SILVER,https://alrimaya.com/image/catalog/product/3502/22-3885-(3)-min-3502-thumb.jpg
22-3886,HF-60C07W,FOLDING TABLE 90x45x25CM - BLACK ,https://alrimaya.com/image/catalog/product/3503/22-3886-(2)-min-3503-thumb.jpg
22-3887,HF-60C08B,FOLDING TABLE WITH MESH 90X60X66/40CM -BLACK +WOOD,https://alrimaya.com/image/catalog/product/3453/22-3887-(4)-min-3453-thumb.jpg
22-3888,HF-60X03F,HIGH PRESSURE WATER WASHER NOZZLE 67.5CM,https://alrimaya.com/image/catalog/product/3504/22-3888-(1)-3504-thumb.jpg
22-3889,HF-60X07G,TRI-POD GRILL - COPPER,https://alrimaya.com/image/catalog/product/3446/22-3889-(1)-min-3446-thumb.jpg
22-3890,HF-60X07H,TRI-POD GRILL - BLACK,https://alrimaya.com/image/catalog/product/3447/22-3890-(1)-min-3447-thumb.jpg
22-3891,TLR223891,فرشة 2/3 هجلزي ثقيل,https://alrimaya.com/image/catalog/product/3680/22-3891-(3)-min-3680-thumb.jpg
22-3892,TLR223892,فرشة 2/4 هجلزي ثقيل,https://alrimaya.com/image/catalog/product/3681/22-3892-2-3681-thumb.jpg
22-3893,,INCENSE BURNER-BIG,https://alrimaya.com/image/catalog/product/3584/22-3893-(1)-3584-thumb.jpg
22-3894,,مبخرة حائل – لون بني محروق ,https://i.ibb.co/1fXFKb8W/22-3894.jpg
22-3898,,GLASS DRINKING BOTTLE 600ML - BLACK,https://alrimaya.com/image/catalog/product/3519/22-3898-(1)-min-3519-thumb.jpg
22-3899,,TRITAN DRINKING BOTTLE 750ML - BLACK,https://alrimaya.com/image/catalog/product/3520/22-3899-(1)-min-3520-thumb.jpg
22-3900,,ENAMEL KETTLE WITH FILTER 2 LITER - CREAM ,https://alrimaya.com/image/catalog/product/3506/22-3900-(1)-min-3506-thumb.jpg
22-3901,,ENAMEL KETTLE WITH FILTER 2 LITER - RED,https://alrimaya.com/image/cache/catalog/product/3506/22-3901-(2)-min-3506-thumb-800x800.jpg
22-3902,,FOLDABLE TRASH CAN - 166 L,https://alrimaya.com/image/catalog/product/3507/22-3902-(2)-min-3507-thumb.jpg
22-3903,,TOW ROPE 9 METER 14 TONS - RED & BLACK,https://alrimaya.com/image/catalog/product/3479/22-3903-(2)-min-3479-thumb.jpg
22-3905,COAL-10,BBQ CHARCOAL 10KG,https://alrimaya.com/image/catalog/product/1753/22-1917-(5)-1753-thumb.jpg
22-3906,790700600000,Garlic Press,https://alrimaya.com/image/catalog/product/3408/22-3906-(1)-min-3408-thumb.jpg
22-3907,HF-60X03G,HIGH PRESSURE WATER JET WITH HOSE,https://alrimaya.com/image/catalog/product/3505/22-3907-(2)-min-3505-thumb.jpg
22-3909,FX-9162(20L),20L JERRY CAN WITH TAP AND SOAP DISPENSER,https://alrimaya.com/image/cache/catalog/product/3678/22-3909-(1)-3678-thumb-800x800.jpg
22-3910,STOOL,FOLDING STOOL - OLIVE,https://alrimaya.com/image/catalog/product/3848/22-3910-(1)-3848-thumb.jpg
22-3911,,ROUNDLE FOLDING TABLE DIA 90CM - BLACK,https://alrimaya.com/image/catalog/product/3483/22-3911-(3)-min-3483-thumb.jpg
22-3912,HF-60X10A,HOT BOWL HOLDER - BLACK,https://alrimaya.com/image/catalog/product/3445/22-3912-(1)-min-3445-thumb.jpg
22-3913,,فرشة  2/3 احمر شا نيل ,https://alrimaya.com/image/catalog/product/3715/22-3913-(2)-min-3715-thumb.jpg
22-3916,R250H-36-R8,RADIANT 250 HEADLAMP - TEAL R250H-36-R8,https://alrimaya.com/image/cache/catalog/product/3492/22-3916%2022-3917-2-3492-thumb-800x800.jpg
22-3917,R250H-09-R8,RADIANT 250 HEADLAMP - CHARCOAL  R250H-09-R8,https://m.media-amazon.com/images/I/81bLE3jjYrL._AC_SL1500_.jpg
22-3918,WYSN-WDSC-8125,FOLDING WIND SCREEN TENT 8x1.25 METER - KHAKI,https://alrimaya.com/image/catalog/product/3567/22-3918 (4)-3567-thumb.jpg
22-3919,WYSN-WDSC-8125,FOLDING WIND SCREEN TENT 10x1.25 METER - KHAKI,https://alrimaya.com/image/cache/catalog/product/3567/22-3918%20(2)-3567-thumb-600x600.jpg
22-3920,TSC-UQ06SP,THERMOS STAINLESS STEEL 0.6L - BEIGE,https://alrimaya.com/image/catalog/product/3508/22-3924-(2)-min-3508-thumb.jpg
22-3921,TSC-UQ06SP,THERMOS STAINLESS STEEL 0.6 LITER - COFFEE,https://alrimaya.com/image/catalog/product/3509/22-3927-(2)-min-3509-thumb.jpg
22-3922,TSC-UQ10SP,THERMOS STAINLESS STEEL 1 LITER - BEIGE,https://alrimaya.com/image/cache/catalog/product/3508/22-3924-(2)-min-3508-thumb-800x800.jpg
22-3923,TSC-UQ15SP,THERMOS STAINLESS STEEL 1 LITER - COFFEE,https://alrimaya.com/image/cache/catalog/product/3509/22-3927-(2)-min-3509-thumb-800x800.jpg
22-3924,TSC-UQ15SP,THERMOS STAINLESS STEEL 1.5 LITER - BEIGE,https://alrimaya.com/image/cache/catalog/product/3508/22-3924-(2)-min-3508-thumb-800x800.jpg
22-3925,TSC-UQ15SP,THERMOS STAINLESS STEEL 1.5 LITER - COFFEE,https://alrimaya.com/image/cache/catalog/product/3509/22-3927-(2)-min-3509-thumb-800x800.jpg
22-3926,TSC-UQ20SP,THERMOS STAINLESS STEEL 2 LITER - BEIGE,https://alrimaya.com/image/cache/catalog/product/3508/22-3924-(2)-min-3508-thumb-800x800.jpg
22-3927,TSC-UQ20SP,THERMOS STAINLESS STEEL 2 LITER - COFFEE,https://alrimaya.com/image/cache/catalog/product/3509/22-3927-(2)-min-3509-thumb-800x800.jpg
22-3928,DRA-223928,MULTI PURPOSE STORAGE CAN WITH LID - 16 LITER,https://alrimaya.com/image/catalog/product/3610/22-3928-(1)-min-3610-thumb.jpg
22-3929,DRA-223929,MULTI PURPOSE STORAGE CAN WITH LID - 6.5 LITER,https://i.ibb.co/KxS46kW/22-3928-1.jpg
22-3930,DRA-223930,MUG STAINLESS STEEL - 300ML,https://alrimaya.com/image/catalog/product/3611/22-3931-(1)-min-3611-thumb.jpg
22-3931,DRA-223931,MUG STAINLESS STEEL - 600ML,https://i.ibb.co/tM3sSzw/22-3930-1.jpg
22-3932,DRA-223932,DOTTED TEA KETTLE 1.2 LITER,https://alrimaya.com/image/cache/catalog/product/3810/22-3932-(1)-min-3810-thumb-800x800.jpg
22-3933,22-3933,TEA & GAHWA BAG SET/COFFEE,https://alrimaya.com/image/catalog/product/3487/22-3933-(3)-min-3487-thumb.jpg
22-3934,22-3934,TEA & GAHWA BAG SET SET/KHAKI,https://alrimaya.com/image/catalog/product/3489/22-3934-(4)-min-3489-thumb.jpg
22-3935,22-3935,TEA & GAHWA BAG SET/WHITE/PURPLE,https://alrimaya.com/image/catalog/product/3490/22-3935-(3)-3490-thumb.jpg
22-3936,22-3936,TEA & GAHWA BAG SET/DARK BROWN,https://alrimaya.com/image/catalog/product/3491/22-3936-(1)-3491-thumb.jpg
22-3938,TLR223938,مع شنطة فرشة  1×3 م مع 2 مركى,https://alrimaya.com/image/catalog/product/3563/22-3938-(4)-3563-thumb.jpg
22-3939,TLR223939,فرشة 75/200سم مع عدد2مركا,https://alrimaya.com/image/catalog/product/3579/22-3939(3)-3579-thumb.jpg
22-3942,HF-61K31B,RECHARGEABLE JUICER BLENDER 380ML - BLACK,https://alrimaya.com/image/cache/catalog/product/3716/22-3942-(1)-3716-thumb-800x800.jpg
22-3944,HF-60U01W,COFFEE CUP WITH FILTER,https://alrimaya.com/image/cache/catalog/product/3635/22-3944-(1)-3635-thumb-800x800.jpg
22-3945,TLR223945,TEA KETTLE COVER,https://alrimaya.com/image/catalog/product/4615/22-3945-(1)-4615-thumb.jpg
22-3946,GA359,CAR SUNSHADE UMBRELLA,https://alrimaya.com/image/cache/catalog/product/3647/22-3946-(1)-3647-thumb-800x800.jpg
22-3947,HF-60X03H,MULTI-FUNCTIONAL SUCTION CUP WITH HOOKS,https://alrimaya.com/image/cache/catalog/product/3638/22-3947-(2)-3638-thumb-800x800.jpg
22-3948,HF-61K30A,FOLDABLE GRABBER/L80CM,https://alrimaya.com/image/cache/catalog/product/3640/22-3948-(1)-3640-thumb-800x800.jpg
22-3949,,MULTI-FUNCTIONAL PEELER SET,https://alrimaya.com/image/cache/catalog/product/3629/22-3949-(1)-3629-thumb-800x800.jpg
22-3950,VKS-K-525,TEA SUGAR BAG 5PCS SET ARMY GREEN & BROWN OXFORD,https://alrimaya.com/image/cache/catalog/product/3674/22-3950-(1)-min-3674-thumb-800x800.jpg
22-3951,BH-005,OUTDOOR CAMPING MAT 200x75CM - KHAKI,https://alrimaya.com/image/catalog/product/3648/22-3951-(4)-3648-thumb.jpg
22-3952,BH-W-001,WATER SPRAYER WITH HOSE - 2M,https://alrimaya.com/image/catalog/product/3649/22-3952-(2)-3649-thumb.jpg
22-3953,,TEA & GAHWA BAG SET/BROWN/BEIGE,https://alrimaya.com/image/catalog/product/3550/22-3953-(1)-3550-thumb.jpg
22-3954,,DRINKING BOTTLE WITH FOLDABLE HANDLE 960ML - BLACK,https://alrimaya.com/image/cache/catalog/product/3600/22-3954-(1)-min-3600-thumb-800x800.jpg
22-3955,,DRINKING BOTTLE WITH FOLDABLE HANDLE 960ML - GREY,https://alrimaya.com/image/cache/catalog/product/3600/22-3955-(2)-min-3600-thumb-800x800.jpg
22-3957,,RECHARGEABLE FLY FAN - BLACK,https://alrimaya.com/image/cache/catalog/product/3717/22-3957-(2)-3717-thumb-800x800.jpg
22-3958,STSS058,STAINLESS STEEL CHICKEN ROASTER ,https://alrimaya.com/image/cache/catalog/product/3628/22-3958-(2)-3628-thumb-800x800.jpg
22-3959,B1-RAIN,RAINCOAT - ARMY GREEN,https://alrimaya.com/image/catalog/product/3652/22-3959-(3)-3652-thumb.jpg
22-3960,B1-RAIN,RAINCOAT - GREY,https://i.ibb.co/9Z5twh6/22-3960-4.jpg
22-3962,BH-CL-005,5 DIGIT MOTORCYCLE LOCK,https://alrimaya.com/image/cache/catalog/product/3650/22-3962-(1)-3650-thumb-800x800.jpg
22-3964,22-3964,CAMPING COOKING BAG SET/KHAKI,https://alrimaya.com/image/catalog/product/3553/22-3964-(1)-3553-thumb.jpg
22-3965,ZSO-01,ADAPTOR FOR GAS CYLINDER,https://alrimaya.com/image/cache/catalog/product/3905/22-3965-(1)-min-3905-thumb-800x800.jpg
22-3966,ZSO-03,ADAPTOR FOR GAS CARTRIDGE,https://alrimaya.com/image/cache/catalog/product/3906/22-3966-(1)-min-3906-thumb-800x800.jpg
22-3967,ZYZY-35-2,THREE WAY GAS VALVE ,https://alrimaya.com/image/cache/catalog/product/3907/22-3967-(2)-min-3907-thumb-800x800.jpg
22-3968,ZYZY-28-1,GAS ADAPTOR WITH VALVE,https://alrimaya.com/image/cache/catalog/product/3908/22-3968-(1)-min-3908-thumb-800x800.jpg
22-3969,ZYZY-223969,GAS ADAPTOR WITH VALVE AND HADLE,https://alrimaya.com/image/cache/catalog/product/3909/22-3969-(1)-min-3909-thumb-800x800.jpg
22-3971,,3PCS BBQ TOOL SET,https://alrimaya.com/image/cache/catalog/product/3679/22-3971-(1)-min-3679-thumb-800x800.jpg
22-3972,WYSN-SAC-0001-ATN,OUTDOOR POP UP TENT 250x250x180CM - BLUE +BEIGE,https://alrimaya.com/image/catalog/product/3666/22-3972-(2)-3666-thumb.jpg
22-3973,WYSN-SAC-0002-ATN,OUTDOOR POP UP TENT 310x310x180CM - BEIGE + BROWN,https://alrimaya.com/image/catalog/product/3868/22-3973 (2)-min-3868-thumb.jpg
22-3974,WYSN-SAC-H0001,MOSQUITO TENT-230x130x120cm-OLIVE GREEN,https://alrimaya.com/image/cache/catalog/product/3667/22-3974-(2)-min-3667-thumb-800x800.jpg
22-3975,WYSN-SAC-0002,CAMPING TENT WITH TWO DOORS/BROWN,https://alrimaya.com/image/cache/catalog/product/3867/22-3975-3867-thumb-600x600.jpg
22-3976,,MANUAL CHOPPER 650ML - WHITE,https://alrimaya.com/image/cache/catalog/product/3676/22-3976-(1)-min-3676-thumb-800x800.jpg
22-3977,,DRAIN BASKET - GREY GREEN,https://alrimaya.com/image/cache/catalog/product/3677/22-3977-(4)-min-3677-thumb-800x800.jpg
22-3978,,UNIVERSAL TRAVEL ADAPTER WITH 3 USB A + 2 USB C,https://alrimaya.com/image/cache/catalog/product/3770/22-3978-(3)-min-3770-thumb-800x800.jpg
22-3979,PIZZA-1,KINGCAMP OUTDOOR PIZZA OVEN,https://alrimaya.com/image/cache/catalog/product/3616/22-3979-(1)-3616-thumb-800x800.jpg
22-3981,BH-008,DESERT TENT WITH 2 DOOR 4x4M - KHAKI,https://alrimaya.com/image/cache/catalog/product/3840/_22-3981-3840-thumb-600x600.jpg
22-3982,22-3982,OUTDOOR TEA BAG SET/OLIVE GREEN,https://alrimaya.com/image/catalog/product/3554/22-3982-(1)-3554-thumb.jpg
22-3983,22-3983,OUTDOOR TEA BAG SET/DARK RED,https://alrimaya.com/image/catalog/product/3555/22-3983-(1)-3555-thumb.jpg
22-3984,22-3984,OUTDOOR GAHWA BAG SET/COFFEE,https://alrimaya.com/image/cache/catalog/product/3414/22-3624-(1)-min-3414-thumb-800x800.jpg
22-3985,22-3985,TEA & GAHWA BAG SET/BROWN/BEIGE,https://alrimaya.com/image/catalog/product/3556/22-3985-(1)-3556-thumb.jpg
22-3987,22-3987,CAMPING COOKING BAG SET/ORANGE/BEIGE,https://alrimaya.com/image/catalog/product/3557/22-3987-(1)-3557-thumb.jpg
22-3989,22-3989,TEA & GAHWA BAG SET/PURPLE,https://alrimaya.com/image/catalog/product/3549/22-3989-(1)-3549-thumb.jpg
22-3991,22-3991,RECOVERY BOX,https://i.ibb.co/bRyRj1Fx/22-3991.jpg
22-3992,FMX-2075,ELECTRIC BBQ GRILL ,https://alrimaya.com/image/cache/catalog/product/3669/22-3992-(4)-min-3669-thumb-800x800.jpg
22-3993,BC2.5M,BOOSTER CABLE 1200AMP 2.5M WITH BAG,https://alrimaya.com/image/cache/catalog/product/3841/22-3993-(3)-min-3841-thumb-800x800.jpg
22-3994,,ALUMINUM FRY PAN 38CM WITH LID  - BEIGE,https://alrimaya.com/image/cache/catalog/product/3772/22-3995-(2)-3772-thumb-800x800.jpg
22-3995,,ALUMINUM FRY PAN 42CM WITH LID  - BEIGE,https://alrimaya.com/image/cache/catalog/product/3772/22-3995-(2)-3772-thumb-800x800.jpg
22-3996,VKS-K-110,AIR COMPRESSOR BAG KHAKI 37*22*24CM,https://alrimaya.com/image/catalog/product/4045/22-3996-(1)-4045-thumb.jpg
22-3997,,BACK SUPPORT FLOOR CHAIR BLACK,https://alrimaya.com/image/catalog/product/4099/22-3998-(1)-4099-thumb.jpg
22-3998,,BACK SUPPORT FLOOR CHAIR BEIGE,https://i.ibb.co/P983x9k/22-3998.png
22-3999,FY-089,FOLDABLE TOILET CHAIR/BLUE,https://alrimaya.com/image/cache/catalog/product/3949/22-3999-(6)-min-3949-thumb-800x800.jpg
22-4000,VKS-K-593-1,CHARCOAL BAG 44x23x22CM/OXFORD/BROWN,https://alrimaya.com/image/cache/catalog/product/3675/22-4000-(2)-min-3675-thumb-800x800.jpg
22-4001,611596000000,SKINNERS ADULTS 2.0 COMFORT SAND 41-42,https://alrimaya.com/image/catalog/product/3602/main-3602-thumb.png
22-4002,611596000000,SKINNERS ADULTS 2.0 COMFORT SAND 43-44,https://i.ibb.co/M112Tzb/22-4001-1.jpg
22-4003,611596000000,SKINNERS ADULTS 2.0 COMFORT SAND 45-46,https://i.ibb.co/M112Tzb/22-4001-1.jpg
22-4004,611596000000,SKINNERS ADULTS 2.0 COMFORT ANTHRACITE 41-42,https://alrimaya.com/image/catalog/product/3604/main-3604-thumb.png
22-4005,611596000000,SKINNERS ADULTS 2.0 COMFORT ANTHRACITE 43-44,https://i.ibb.co/YtTrrpd/22-4004-1.jpg
22-4006,611596000000,SKINNERS ADULTS 2.0 COMFORT ANTHRACITE 45-46,https://i.ibb.co/YtTrrpd/22-4004-1.jpg
22-4007,611596000000,SKINNERS ADULTS 2.0 COMPRESSION PINE 40-42,https://alrimaya.com/image/catalog/product/3605/main-3605-thumb.jpg
22-4008,611596000000,SKINNERS ADULTS 2.0 COMPRESSION PINE 43-44,https://i.ibb.co/L0YWQZL/22-4007-1.jpg
22-4009,611596000000,SKINNERS ADULTS 2.0 COMPRESSION PINE 45-46,https://i.ibb.co/L0YWQZL/22-4007-1.jpg
22-4010,611596000000,SKINNERS ADULTS 2.0 COMPRESSION ANTHRACITE 40-42,https://alrimaya.com/image/catalog/product/3606/main-3606-thumb.jpg
22-4011,611596000000,SKINNERS ADULTS 2.0 COMPRESSION ANTHRACITE 43-44,https://i.ibb.co/b7TywCP/22-4010-1.jpg
22-4012,611596000000,SKINNERS ADULTS 2.0 COMPRESSION ANTHRACITE 45-46,https://i.ibb.co/b7TywCP/22-4010-1.jpg
22-4013,GA488,HIKING VACUUM FLASK 500ML WITH CUP - BLUE,https://alrimaya.com/image/cache/catalog/product/3989/22-4013-(1)-min-3989-thumb-800x800.jpg
22-4014,GA455G,FOLDABLE FOOD COVER 80x80CM - GREEN,https://alrimaya.com/image/cache/catalog/product/3990/22-4014-(4)-min-3990-thumb-800x800.jpg
22-4015,GA455G,FOLDABLE FOOD COVER 70x70CM - GREEN,https://alrimaya.com/image/cache/catalog/product/3990/22-4014-(4)-min-3990-thumb-800x800.jpg
22-4016,GA455G,FOLDABLE FOOD COVER 60x60CM - GREEN,https://alrimaya.com/image/cache/catalog/product/3990/22-4014-(4)-min-3990-thumb-800x800.jpg
22-4017,GA455M,FOLDABLE FOOD COVER 80x80CM - MULTI-COLOR,https://alrimaya.com/image/cache/catalog/product/3991/22-4017-(3)-min-3991-thumb-800x800.jpg
22-4018,GA455M,FOLDABLE FOOD COVER 70x70CM - MULTI-COLOR,https://alrimaya.com/image/cache/catalog/product/3991/22-4017-(3)-min-3991-thumb-800x800.jpg
22-4019,GA455M,FOLDABLE FOOD COVER 60x60CM - MULTI-COLOR,https://alrimaya.com/image/cache/catalog/product/3991/22-4017-(3)-min-3991-thumb-800x800.jpg
22-4020,,MULTI-FUNCTIONAL PICNIC STORAGE BOX - BROWN,https://alrimaya.com/image/cache/catalog/product/3992/22-4020-(6)-min-3992-thumb-800x800.jpg
22-4021,,COLLAPSIBLE CUTTING BOARD WITH DRAIN HOLE - GREY,https://alrimaya.com/image/cache/catalog/product/3924/22-4021-(1)-min-3924-thumb-800x800.jpg
22-4022,,2PCS FOLDABLE COLLAPSIBLE COLANDERS - GREEN + GREY,https://alrimaya.com/image/cache/catalog/product/3925/22-4022-(2)-min-3925-thumb-800x800.jpg
22-4023,,FOLDABLE COLLAPSIBLE COLANDER - GREEN + GREY,https://alrimaya.com/image/cache/catalog/product/3922/22-4023-(3)-min-3922-thumb-800x800.jpg
22-4024,,FOLDABLE COLLAPSIBLE COLANDER - GREEN + GRAY ,https://alrimaya.com/image/cache/catalog/product/3923/22-4024-(2)-min-3923-thumb-800x800.jpg
22-4025,,FOLDABLE BUCKET 10L BLUE-GRAY,https://alrimaya.com/image/cache/catalog/product/3926/22-4025-(4)-min-3926-thumb-800x800.jpg
22-4026,04U037S,FOLDABLE BUCKET 2.5L BLUE-GRAY,https://alrimaya.com/image/cache/catalog/product/3993/22-4026-(3)-min-3993-thumb-800x800.jpg
22-4027,,FOLDABLE COLLAPSIBLE COLANDER - RED,https://alrimaya.com/image/cache/catalog/product/3994/22-4027-(1)-min-3994-thumb-800x800.jpg
22-4028,,FOLDING WATER FILTER BASKET WITH LEG - GREY,https://alrimaya.com/image/cache/catalog/product/3927/22-4028-(4)-min-3927-thumb-800x800.jpg
22-4029,,FOLDABLE COLLAPSIBLE COLANDER WITH HANDLE - BLUE,https://alrimaya.com/image/cache/catalog/product/3995/22-4029-(1)-min-3995-thumb-800x800.jpg
22-4030,GSG023B,OVEN GLOVE 30CM GREY,https://alrimaya.com/image/cache/catalog/product/3928/22-4030-(1)-min-3928-thumb-800x800.jpg
22-4031,GSG030,KITCHEN CLOTH GREY,https://alrimaya.com/image/cache/catalog/product/3929/22-4031-(1)-min-3929-thumb-800x800.jpg
22-4032,GSG016B,OVEN GLOVE 29.5x19CM - LIGHT BLUE + BROWNISH GREY,https://alrimaya.com/image/cache/catalog/product/3930/22-4032-(1)-min-3930-thumb-800x800.jpg
22-4033,FMX-338C,TAWA - 36CM WITH INDUCTION BASE,https://alrimaya.com/image/cache/catalog/product/3773/22-4033-(1)-min-3773-thumb-800x800.jpg
22-4034,339,MULTI-PURPOSE FRY PAN,https://alrimaya.com/image/cache/catalog/product/3774/22-4034-(1)-min-3774-thumb-800x800.jpg
22-4035,7030,FOLDING BBQ GRILL 51x23.5x25.5cm - BLACK,https://alrimaya.com/image/cache/catalog/product/3775/DSC_2421-Edit-min-3775-thumb-800x800.jpg
22-4036,3152,CAMPING RETRACTABLE TRIPOD WITH HOOK-IRON,https://i.ibb.co/1dkZQJq/22-4036.jpg
22-4037,,MULTI-FUNCTIONAL PORTABLE TOILET - 20L,https://alrimaya.com/image/catalog/product/4082/22-4037-(3)-min-4082-thumb.jpg
22-4038,FMX-5701,MANUAL CHARCOAL BLOWER-BROWN,https://alrimaya.com/image/cache/catalog/product/3776/22-4038-(1)-min-3776-thumb-800x800.jpg
22-4039,BH-FT-003,FOLDING TOILET CHAIR - GREY + BLACK,https://alrimaya.com/image/cache/catalog/product/3912/22-4039-(4)-min-3912-thumb-800x800.jpg
22-404,31122000000202,AC CORD 13 L - 1912 178 00 x 0,https://i.ibb.co/60MZ4CP/22-404.jpg
22-4040,KA8115,BAMBOO TOWEL 60x120CM - GREEN,https://alrimaya.com/image/cache/catalog/product/3803/22-4040-(1)-min-3803-thumb-800x800.jpg
22-4041,KA3611,SUEDE TOWEL 30x60CM - BLUE,https://alrimaya.com/image/cache/catalog/product/3804/22-4041-(1)-min-3804-thumb-800x800.jpg
22-4042,KA8122,COOLING TOWEL 30x100CM - GREY,https://alrimaya.com/image/cache/catalog/product/3805/22-4042-(1)-min-3805-thumb-800x800.jpg
22-4043,BH-FT-002,FOLDING TOILET CHAIR - GREEN + BLACK,https://alrimaya.com/image/cache/catalog/product/3913/22-4043-(4)-min-3913-thumb-800x800.jpg
22-4044,GA489 -FIR,SPARK LIGHTER ,https://alrimaya.com/image/cache/catalog/product/3932/22-4044-(1)-min-3932-thumb-800x800.jpg
22-4045,GT025,TEA INFUSER - 5.2CM,https://alrimaya.com/image/cache/catalog/product/3934/22-4047-(2)-min-3934-thumb-800x800.jpg
22-4046,GT025,TEA INFUSER 7.50CM,https://alrimaya.com/image/cache/catalog/product/3934/22-4047-(2)-min-3934-thumb-800x800.jpg
22-4047,GT025,TEA INFUSER 8.80CM,https://alrimaya.com/image/cache/catalog/product/3934/22-4047-(2)-min-3934-thumb-800x800.jpg
22-4048,BM2409770,3PCS COOKWARE SET,https://alrimaya.com/image/cache/catalog/product/4024/22-4048-(2)-min-4024-thumb-800x800.jpg
22-40481,,FRYING PAN,https://i.ibb.co/1fHfLgVk/22-40481.png
22-40482,,STOCKPOT ,https://i.ibb.co/d0dtqSZM/22-40482.png
22-40483,,MILK POT,https://i.ibb.co/q3KGmpRJ/22-40483.png
22-4049,COAL-IB,INCENSE BRIQUETTE 33MM/40PCS,https://alrimaya.com/image/cache/catalog/product/3837/22-4049-(6)-min-3837-thumb-800x800.jpg
22-405,31122000000203,THERMAL FUSE 1603 002 00 x 9,https://i.ibb.co/YX7zMqK/22-405.jpg
22-4050,COAL-IB,INCENSE BRIQUETTE 40MM/40PCS,https://alrimaya.com/image/cache/catalog/product/3837/22-4049-(6)-min-3837-thumb-800x800.jpg
22-4051,22-4051,TEA & GAHWA BAG SET/BROWN/BEIGE,https://i.ibb.co/K79Gt0z/22-4051-2.jpg
22-4052,,INCENSE BURNER WOOD - 26CM,https://alrimaya.com/image/catalog/product/3585/22-4052-(1)-3585-thumb.jpg
22-4053,,INCENSE BURNER WOOD - 20CM,https://i.ibb.co/BsNqcPb/22-4053-1.jpg
22-4054,,HAND BLOWER MEDIUM,https://alrimaya.com/image/catalog/product/3586/22-4054-(1)-3586-thumb.jpg
22-4055,,ALUMINUM LADLE SPOON 37CM ,https://alrimaya.com/image/cache/catalog/product/3893/22-4055-(2)-min-3893-thumb-800x800.jpg
22-4056,,ALUMINUM SKIMMER 37CM ,https://alrimaya.com/image/cache/catalog/product/3894/22-4056-(1)-min-3894-thumb-800x800.jpg
22-4057,,ALUMINUM SPOON 34.5CM,https://alrimaya.com/image/cache/catalog/product/3895/22-4057-(1)-min-3895-thumb-800x800.jpg
22-4058,AXAYS200-DK,ALUMINUM LADLE SPOON 20CM,https://alrimaya.com/image/cache/catalog/product/3896/22-4058-(1)-min-3896-thumb-800x800.jpg
22-4059,,KINGCAMP FOLDING CHAIR COMBO - BEIGE AND NAVY BLUE,https://alrimaya.com/image/cache/catalog/product/3791/22-4059-(3)-min-3791-thumb-800x800.jpg
22-4060,,KINGCAMP FOLDING CHAIR - BEIGE,https://alrimaya.com/image/cache/catalog/product/3790/22-4060-(2)-min-3790-thumb-800x800.jpg
22-4061,,KINGCAMP FOLDING CHAIR - NAVY BLUE,https://alrimaya.com/image/cache/catalog/product/3792/22-4061-(2)-min-3792-thumb-800x800.jpg
22-4062,,POCKET PRAYER MAT - MAROON,https://alrimaya.com/image/cache/catalog/product/3918/22-4062-(2)-min-3918-thumb-600x600.jpg
22-4063,,POCKET PRAYER MAT - GREEN,https://alrimaya.com/image/cache/catalog/product/3918/22-4063-(2)-min-3918-thumb-800x800.jpg
22-4064,VKS-C2/K-012,CUP BAG OXFORD DARK GREEN & GRAY,https://alrimaya.com/image/catalog/product/3843/22-4064-(1)-min-3843-thumb.jpg
22-4065,VKS-C2/K-012,CUP BAG OXFORD WHITE & BEIGE,https://i.ibb.co/cDR9cZr/22-4065-3.jpg
22-4066,VKS-C2/K-012,CUP BAG OXFORD BROWN & GREEN 24.5*16.5*9,https://i.ibb.co/VWG4mRY/22-4066-2.jpg
22-4067,VKS-SHK-010,HIKING BACKPACK 38x22x70CM - CAMO,https://alrimaya.com/image/cache/catalog/product/4083/22-4067-(1)-min-4083-thumb-800x800.jpg
22-4068,VKS-K-503-2,CAMPING BAG MEDIUM - OLIVE GREEN + GRAY,https://alrimaya.com/image/cache/catalog/product/3846/22-4068-(3)-min-3846-thumb-800x800.jpg
22-4069,VKS-K-503-2,CAMPING BAG MEDIUM - BROWN,https://alrimaya.com/image/cache/catalog/product/3846/22-4069-(2)-min-3846-thumb-800x800.jpg
22-4070,MTS-380-1,"ELECTRIC HYDRAULIC JACK,10T,360W",https://alrimaya.com/image/cache/catalog/product/3777/22-4070-(1)-min-3777-thumb-800x800.jpg
22-4071,CWH-102,IMPACT WRENCH 12V,https://alrimaya.com/image/cache/catalog/product/3778/22-4071-(4)-min-3778-thumb-800x800.jpg
22-4072,YR0532,FOLDING BED 190x66x31CM - BLUE,https://alrimaya.com/image/cache/catalog/product/3815/22-4072-(2)-3815-thumb-800x800.jpg
22-4073,53081115CE,EUROCAMPING GAS STOVE 400X400MM/4 LEGS,https://alrimaya.com/image/cache/catalog/product/4023/22-4073-(1)-min-4023-thumb-800x800.jpg
22-4075,RNS,FIRE STAND - DIA22 X 16.5CM,https://alrimaya.com/image/cache/catalog/product/3897/22-4076-(2)-min-3897-thumb-800x800.jpg
22-4076,RNM,FIRE STAND - DIA26 X 17CM,https://alrimaya.com/image/cache/catalog/product/3897/22-4076-(2)-min-3897-thumb-800x800.jpg
22-4077,RNL,FIRE STAND - DIA30 X 19.5CM,https://alrimaya.com/image/cache/catalog/product/3897/22-4076-(2)-min-3897-thumb-800x800.jpg
22-4078,FMX-,BBQ 4 BURGER NET WITH BAG,https://alrimaya.com/image/cache/catalog/product/3731/22-4078-(2)-min-3731-thumb-800x800.jpg
22-4079,FMX-,BBQ 6 BURGER NET WITH BAG,https://alrimaya.com/image/cache/catalog/product/3732/22-4079-(2)-min-3732-thumb-800x800.jpg
22-4080,6106,FOLDING DRAINER TRAY - 40x29x16CM,https://alrimaya.com/image/cache/catalog/product/3733/22-4080-(2)-min-3733-thumb-800x800.jpg
22-4081,,ALUMINUM BBQ CLIP 64CM RED & SILVER,https://alrimaya.com/image/catalog/product/3933/22-4081-(1)-min-3933-thumb.jpg
22-4082,FMX-N30S,BBQ CLIP WITH WOODEN HANDLE 30CM - SILVER,https://alrimaya.com/image/cache/catalog/product/3898/22-4082-(1)-min-3898-thumb-800x800.jpg
22-4083,FMX-N48S,BBQ CLIP WITH WOODEN HANDLE 48CM - SILVER,https://alrimaya.com/image/cache/catalog/product/3898/22-4084-(1)-min-3898-thumb-800x800.jpg
22-4084,FMX-N60S,BBQ CLIP WITH WOODEN HANDLE 60CM - SILVER,https://alrimaya.com/image/cache/catalog/product/3898/22-4084-(1)-min-3898-thumb-800x800.jpg
22-4085,BH-0017,INFLATABLE POOL WITH AIR PUMP,https://alrimaya.com/image/cache/catalog/product/3801/22-4085-(1)-3801-thumb-800x800.jpg
22-4086,BH-0018,ADULT DIVING SET,https://alrimaya.com/image/cache/catalog/product/3800/22-4086-(2)-min-3800-thumb-800x800.jpg
22-4087,22-4087,OUTDOOR CAMPING COOKING BAG SET,https://alrimaya.com/image/cache/catalog/product/3719/22-4166-(3)-min-3719-thumb-800x800.jpg
22-4088,WYSN-SSPM-0001,PRAYER MAT WITH BACK SUPPORT 110x52CM - GREEN,https://alrimaya.com/image/catalog/product/3748/22-4088-(6)-3748-thumb.jpg
22-4089,WYSN-SSPM-0001,PRAYER MAT WITH BACK SUPPORT 110x52CM - BEIGE,https://alrimaya.com/image/cache/catalog/product/3748/22-4089-(4)-min-3748-thumb-800x800.jpg
22-4090,WYSN-SSPM-0001, PRAYER MAT WITH BACK SUPPORT 110x52CM - BROWN,https://alrimaya.com/image/cache/catalog/product/3748/22-4090-(4)-min-3748-thumb-800x800.jpg
22-4091,WYSN-0108D,BACK SUPPORT FLOOR CHAIR KHAKI,https://alrimaya.com/image/cache/catalog/product/3749/22-4091-(4)-min-3749-thumb-800x800.jpg
22-4092,WYSN-0108D,BACK SUPPORT FLOOR CHAIR GREEN,https://alrimaya.com/image/cache/catalog/product/3749/22-4092-(5)-min-3749-thumb-800x800.jpg
22-4093,WYSN-0108D,BACK SUPPORT FLOOR CHAIR TRADITIONAL RED,https://alrimaya.com/image/cache/catalog/product/3749/22-4093-(5)-min-3749-thumb-800x800.jpg
22-4094,AOG-CDSSG,COFFEE DALLAH 500ML SS - SILVER GOLD,https://alrimaya.com/image/cache/catalog/product/3818/22-4095-(1)-min-3818-thumb-800x800.jpg
22-4095,AOG-CDSSG,COFFEE DALLAH 750ML SS - SILVER GOLD,https://alrimaya.com/image/cache/catalog/product/3818/22-4095-(1)-min-3818-thumb-800x800.jpg
22-4096,AOG-CDSSG,COFFEE DALLAH 1L SS - SILVER GOLD,https://alrimaya.com/image/cache/catalog/product/3818/22-4095-(1)-min-3818-thumb-800x800.jpg
22-4097,AOG-CDSSG,COFFEE DALLAH 1.2L SS - SILVER GOLD,https://alrimaya.com/image/cache/catalog/product/3818/22-4095-(1)-min-3818-thumb-800x800.jpg
22-4098,AOG-CDSS,COFFEE DALLAH 750ML SS - SILVER,https://alrimaya.com/image/cache/catalog/product/3819/22-4098-(1)-3819-thumb-800x800.jpg
22-4099,AOG-CDSS,COFFEE DALLAH 1.2L SS - SILVER,https://alrimaya.com/image/cache/catalog/product/3819/22-4098-(1)-3819-thumb-800x800.jpg
22-4100,AOG-CDSG,COFFEE DALLAH 500ML SS - GOLD LID DESIGN,https://alrimaya.com/image/cache/catalog/product/3820/22-4100-(2)-3820-thumb-800x800.jpg
22-4101,AOG-CDSG,COFFEE DALLAH 1L SS - GOLD LID DESIGN,https://alrimaya.com/image/cache/catalog/product/3820/22-4100-(2)-3820-thumb-800x800.jpg
22-4102,AOG-CDSG,COFFEE DALLAH 1.4L SS - GOLD LID DESIGN,https://alrimaya.com/image/cache/catalog/product/3820/22-4100-(2)-3820-thumb-800x800.jpg
22-4103,AOG-CDBSG,COFFEE DALLAH BRASS 750ML - SILVER GOLD,https://alrimaya.com/image/cache/catalog/product/3821/22-4104-(1)-min-3821-thumb-800x800.jpg
22-4104,AOG-CDBSG,COFFEE DALLAH BRASS 1.2L - SILVER GOLD,https://alrimaya.com/image/cache/catalog/product/3821/22-4104-(1)-min-3821-thumb-800x800.jpg
22-4105,AOG-CDBSG,COFFEE DALLAH BRASS 1.5L - SILVER GOLD,https://alrimaya.com/image/cache/catalog/product/3821/22-4104-(1)-min-3821-thumb-800x800.jpg
22-4106,AOG-CWB,COFFEE WARMER BRASS - 250ML,https://alrimaya.com/image/cache/catalog/product/3822/22-4107-(1)-min-3822-thumb-800x800.jpg
22-4107,AOG-CWB,COFFEE WARMER BRASS - 500ML,https://alrimaya.com/image/cache/catalog/product/3822/22-4107-(1)-min-3822-thumb-800x800.jpg
22-4108,AOG-TCA,HAMMERED DESIGN TEA KETTLE ALUMINUM - 1L,https://alrimaya.com/image/cache/catalog/product/3823/22-4109-(1)-min-3823-thumb-800x800.jpg
22-4109,AOG-TCA,HAMMERED DESIGN TEA KETTLE ALUMINUM - 1.5L,https://alrimaya.com/image/cache/catalog/product/3823/22-4109-(1)-min-3823-thumb-800x800.jpg
22-4110,AOG-TPRE,TEA POT IRON 1.8L - RED ENAMAL,https://alrimaya.com/image/catalog/product/3825/22-4110---02-3825-thumb.jpg
22-4111,,THERMOS DRINKING BOTTLE 350ML - OLIVE GREEN,https://alrimaya.com/image/cache/catalog/product/3797/22-4111-(2)-min-3797-thumb-800x800.jpg
22-4112,,THERMOS DRINKING BOTTLE 600ML - OLIVE GREEN,https://alrimaya.com/image/cache/catalog/product/3797/22-4112-(1)-min-3797-thumb-800x800.jpg
22-4113,BH-0019,AIR PILLOW 42x31x10CM - BLUE + GRAY,https://alrimaya.com/image/cache/catalog/product/3799/22-4113-(3)-min-3799-thumb-800x800.jpg
22-4114,BH-0020,AIR PILLOW 46x30x11CM - BROWN + BEIGE,https://alrimaya.com/image/cache/catalog/product/3798/22-4114-(3)-min-3798-thumb-800x800.jpg
22-4115,FMX-2089,OUTDOOR BBQ SET,https://alrimaya.com/image/cache/catalog/product/3833/22-4115-(3)-min-3833-thumb-800x800.jpg
22-4116,,CAMPING COOKING BAG SET/ORANGE/BEIGE,https://alrimaya.com/image/cache/catalog/001/22-2165-22-2166-22-2167-(1)-800x800.jpg
22-4117,HF-60S20G,FOLDABLE FLAME THROWER,https://alrimaya.com/image/catalog/product/3826/22-4117-(1)-3826-thumb.jpg
22-4118,HF-60II3M,FOLDING WIND SCREEN TENT 480x120CM - BEIGE,https://alrimaya.com/image/catalog/product/3827/22-4118 (1)-3827-thumb.jpg
22-4119,HF-60I05K,SLEEPING TENT 280x200x120CM/BROWN/BEIGE,https://alrimaya.com/image/cache/catalog/product/3831/22-4119-(5)-min-3831-thumb-800x800.jpg
22-4120,HF-60I05S,POPUP TENT 270x270x200CM - BLACK + BEIGE,https://alrimaya.com/image/catalog/product/3828/22-4120 (2)-min-3828-thumb.jpg
22-4121,HF-61L01C,CAMPING MATTRESS 240x140CM - ORANGE + GREY,https://alrimaya.com/image/catalog/product/3829/22-4121-(3)main-3829-thumb.jpg
22-4122,HF-60X11A,MINI CORDLESS CHAIN SAW 6'' - ORANGE + BLACK,https://alrimaya.com/image/cache/catalog/product/3830/22-4122-(4)-min-3830-thumb-800x800.jpg
22-4124,TSC05P-05,THERMOS STAINLESS STEEL 0.5L SILVER,https://alrimaya.com/image/cache/catalog/product/3834/22-4124-(1)-min-3834-thumb-800x800.jpg
22-4125,TSC05P-10,THERMOS STAINLESS STEEL 1L SILVER,https://alrimaya.com/image/cache/catalog/product/3834/22-4125-(4)-min-3834-thumb-800x800.jpg
22-4126,TSC-UQ06SP,THERMOS STAINLESS STEEL 0.6L - VINTAGE BLUE,https://alrimaya.com/image/cache/catalog/product/3835/22-4126-(1)-min-3835-thumb-800x800.jpg
22-4127,TSC-UQ10SP,THERMOS STAINLESS STEEL 1L - VINTAGE BLUE,https://alrimaya.com/image/cache/catalog/product/3835/22-4128-(1)-min-3835-thumb-800x800.jpg
22-4128,TSC-UQ15SP,THERMOS STAINLESS STEEL 1.5L - VINTAGE BLUE,https://alrimaya.com/image/cache/catalog/product/3835/22-4128-(1)-min-3835-thumb-800x800.jpg
22-4129,TSC-UQ20SP,THERMOS STAINLESS STEEL 2L - VINTAGE BLUE,https://alrimaya.com/image/cache/catalog/product/3835/22-4129-(1)-min-3835-thumb-800x800.jpg
22-4131,VKS-K-002,TOOL BAG 35x20x10CM - DARK GREEN,https://alrimaya.com/image/cache/catalog/product/3779/22-4131-(3)-min-3779-thumb-800x800.jpg
22-4133,VKS-K-002,TOOL BAG 35x20x10CM/OXFORD/BROWN,https://alrimaya.com/image/cache/catalog/product/3779/22-4133-(3)-min-3779-thumb-800x800.jpg
22-4135,VKS-K-002,TOOL BAG 35x20x10CM - DARK RED,https://alrimaya.com/image/cache/catalog/product/3779/22-4135-(2)-min-3779-thumb-800x800.jpg
22-4136,VKS-V-803,PICNIC BAG 30x30x32CM - PURPLE,https://alrimaya.com/image/cache/catalog/product/3780/22-4136-(2)-min-3780-thumb-600x600.jpg
22-4138,VKS-V-803,PICNIC BAG 30x30x32CM - DARK BROWN,https://i.ibb.co/tQYpJVD/22-4138.png
22-4139,VKS-V-803,PICNIC BAG 30x30x32CM - KHAKI,https://alrimaya.com/image/cache/catalog/product/3780/22-4139-(1)-min-3780-thumb-600x600.jpg
22-4140,VKS-V-803,PICNIC BAG 30x30x32CM - LIGHT GREEN,https://alrimaya.com/image/cache/catalog/product/3780/22-4140-(2)-min-3780-thumb-600x600.jpg
22-4141,VKS-V-803,PICNIC BAG 30x30x32CM - RED,https://alrimaya.com/image/cache/catalog/product/3780/22-4141-(2)-min-3780-thumb-600x600.jpg
22-4142,,TEA & GAHWA BAG SET/BROWN/BEIGE,https://alrimaya.com/image/cache/catalog/product/4084/22-4142-(4)-min-4084-thumb-800x800.jpg
22-4143,,TEA & GAHWA BAG SET/COFFEE,https://alrimaya.com/image/cache/catalog/product/3718/22-4143-(3)-min-3718-thumb-800x800.jpg
22-4144,,HANG BAG WITH 4 GLASS CUPS/L.BROWN,https://alrimaya.com/image/catalog/product/3781/22-4144-(2)-3781-thumb.jpg
22-4148,,HANG BAG WITH 8 GLASS CUPS/LIGHT BROWN,https://alrimaya.com/image/catalog/product/3783/22-4148-(2)-3783-thumb.jpg
22-4149,,HANG BAG WITH 12 GLASS CUPS/ LIGHT BROWN,https://alrimaya.com/image/catalog/product/3784/22-4149-(2)-3784-thumb.jpg
22-4150,,HANG BAG WITH 4 GLASS CUPS/LIGHT BROWN,https://alrimaya.com/image/catalog/product/3785/22-4150-(2)-3785-thumb.jpg
22-4153,,HANG BAG WITH 6 GLASS CUPS/LIGHT BROWN,https://alrimaya.com/image/catalog/product/3786/22-4153-(2)-3786-thumb.jpg
22-4154,,HANG BAG WITH 8 GLASS CUPS/BROWN,https://alrimaya.com/image/catalog/product/3787/22-4154-(2)-3787-thumb.jpg
22-4155,,HANG BAG WITH 12 GLASS CUPS/LIGHT BROWN,https://alrimaya.com/image/catalog/product/3788/22-4155-(2)-3788-thumb.jpg
22-4162,PIZZA-1,KINGCAMP ROTATING OUTDOOR PIZZA OVEN,https://alrimaya.com/image/cache/catalog/product/4072/22-4162-(2)-min-4072-thumb-800x800.jpg
22-4164,,TEA & GAHWA BAG SET/BROWN/BEIGE,https://alrimaya.com/image/cache/catalog/product/4085/22-4164-(4)-min-4085-thumb-800x800.jpg
22-4165,3004SA/B,EUROCAMPING GAS CYLINDER 5KG/11.9L,https://i.ibb.co/4JFkRLr/22-4165.jpg
22-4166,,OUTDOOR CAMPING COOKING BAG SET - VIP01,https://alrimaya.com/image/cache/catalog/product/3719/22-4166-(3)-min-3719-thumb-800x800.jpg
22-4167,,TEA & GAHWA BAG SET/PURPLE,https://alrimaya.com/image/cache/catalog/product/4086/22-4167-(4)-min-4086-thumb-800x800.jpg
22-4168,,TEA & GAHWA BAG SET/LIGHT GREEN,https://alrimaya.com/image/cache/catalog/product/4088/22-4168-(5)-min-4088-thumb-800x800.jpg
22-4169,,TEA & GAHWA BAG SET/PURPLE,https://alrimaya.com/image/cache/catalog/product/4087/22-4169-(5)-min-4087-thumb-800x800.jpg
22-4170,TLR224170,فرشة2-3 احمر ثقيل,https://alrimaya.com/image/catalog/product/3682/22-4170-(3)-min-3682-thumb.jpg
22-4171,TLR224171,فرشة 2-4 احمر ثقيل,https://alrimaya.com/image/catalog/product/3683/22-4171 (3)-min-3683-thumb.jpg
22-4173,EZBA-S,TEA & GAHWA BAG SET/BROWN/BEIGE,https://alrimaya.com/image/cache/catalog/product/4089/22-4173-(6)-min-4089-thumb-800x800.jpg
22-4174,BH-0021,CAMPING TENT 3x3x2M - BEIGE + GREEN,https://alrimaya.com/image/cache/catalog/product/3851/22-4174-3851-thumb-600x600.jpg
22-4175,BH-0022,CAMPING TENT 4x4x2.28M - BEIGE + GREEN,https://alrimaya.com/image/cache/catalog/product/3852/22-4175%20(2)-min-3852-thumb-800x800.jpg
22-4176,69392001,GLASS CUP WITH FILTER/560ML,https://alrimaya.com/image/catalog/product/3862/22-4176-(1)-min-3862-thumb.jpg
22-4177,69551022,MUG WITH FILTER/340ML,https://alrimaya.com/image/catalog/product/3863/22-4177-(1)-min-3863-thumb.jpg
22-4178,69553021,MUG WITH FILTER 520ML,https://alrimaya.com/image/catalog/product/3864/22-4178-(1)-min-3864-thumb.jpg
22-4179,79312002,6PCS SPICES JAR SET WITH MAGNETIC TRAY - SILVER,https://alrimaya.com/image/catalog/product/3865/22-4179-(2)-min-3865-thumb.jpg
22-4180,WYSN-SAC-007ST,TOILET TENT 100x100x100CM - SAND,https://alrimaya.com/image/catalog/product/3854/22-4180-(2)-min-3854-thumb.jpg
22-4181,WYSN-SAC-3321AL,CAMPING TENT 300x300x210CM - GREEN + BEIGE,https://alrimaya.com/image/cache/catalog/product/3853/22-4181-3853-thumb-600x600.jpg
22-4182,WYSN-0124,BACK SUPPORT FLOOR CHAIR GRAY,https://alrimaya.com/image/catalog/product/3855/22-4182-(4)-min-3855-thumb.jpg
22-4183,WYSN-0125,BACK SUPPORT FLOOR CHAIR GRAY,https://alrimaya.com/image/catalog/product/3856/22-4183-(2)-min-3856-thumb.jpg
22-4184,,TEA & GAHWA BAG SET/BROWN/BEIGE,https://alrimaya.com/image/cache/catalog/product/1750/22-2422-(2)-1750-thumb-800x800.jpg
22-4185,BM2409770,OUTDOOR COOKING KIT WITH BAG,https://alrimaya.com/image/cache/catalog/product/3812/22-4185-(3)-min-3812-thumb-800x800.jpg
22-4186,,FOLDING CHAIR WITH COOLER BAG AND SIDE TABLE,https://alrimaya.com/image/cache/catalog/product/3771/22-4186-(1)-min-3771-thumb-800x800.jpg
22-4187,HF-60X03L,OUTDOOR WATER GALLON-5L,https://alrimaya.com/image/cache/catalog/product/3866/22-4187-(2)-min-3866-thumb-800x800.jpg
22-4188,HF-60X03J,OUTDOOR WATER GALLON-7.5L,https://alrimaya.com/image/cache/catalog/product/3869/22-4188-(1)-min-3869-thumb-800x800.jpg
22-4189,BH-0024,FOLDING FISH NET,https://alrimaya.com/image/cache/catalog/product/3860/22-4189-(1)-min-3860-thumb-800x800.jpg
22-4190,BH-0023,MEDITATION PILLOW 43x27x15CM,https://alrimaya.com/image/cache/catalog/product/3861/22-4190-(1)-min-3861-thumb-800x800.jpg
22-4191,FMX-7055,PORTABLE GAS FIRE PIT 30x30.5CM - BLACK,https://alrimaya.com/image/cache/catalog/product/3935/22-4191-(2)-min-3935-thumb-800x800.jpg
22-4192,FMX-7050,FOLDABLE BBQ GRILL 50x30x36.5CM - BLACK,https://alrimaya.com/image/catalog/product/3936/22-4192-(1)-3936-thumb.jpg
22-4193,FMX-2009N,PORTABLE GRILL 38x25x37CM - OLIVE,https://alrimaya.com/image/catalog/product/3937/22-4193-(1)-3937-thumb.jpg
22-4194,SG-72,LONG MEAT HOOK - 72CM,https://alrimaya.com/image/cache/catalog/product/3938/22-4194-(1)-min-3938-thumb-800x800.jpg
22-4195,SKW-2,2 IN 1 SKEWERS SET WITH BAG,https://alrimaya.com/image/cache/catalog/product/3939/22-4195-(5)-min-3939-thumb-800x800.jpg
22-4196,FMX-SKW-2S,2 IN 1 BBQ SKEWERS SET - SS + WOODEN HANDLE,https://alrimaya.com/image/catalog/product/3940/22-4196-(1)-3940-thumb.jpg
22-4197,FMX-SKW-3,6PCS BBQ SKEWERS - SS + WOODEN HANDLE,https://alrimaya.com/image/catalog/product/3941/22-4197-(1)-3941-thumb.jpg
22-4198,FMX-1940,WIND SCREEN 40x90CM - SAND,https://alrimaya.com/image/catalog/product/3942/22-4198-(1)-3942-thumb.jpg
22-4199,FMX-1940,WIND SCREEN 50x90CM - SAND,https://i.ibb.co/RSSWST8/22-4199.png
22-4200,FMX-1940,WIND SCREEN 60x90CM - SAND,https://i.ibb.co/51wK54s/22-4200.png
22-4201,FMX-7051,BBQ GRILL 35.5x23.5x22CM - BLUE,https://alrimaya.com/image/catalog/product/3943/22-4201-(1)-3943-thumb.jpg
22-4202,FMX-7052,BBQ GRILL 38x30x23CM - SILVER,https://alrimaya.com/image/catalog/product/4054/22-4202-(1)-4054-thumb.jpg
22-4203,FMX-3075B,BBQ NET STAINLESS STEEL - 30x40x60CM,https://alrimaya.com/image/cache/catalog/product/3944/22-4203-(2)-min-3944-thumb-800x800.jpg
22-4204,3076,BBQ FISH NET SS - 47x30x67CM,https://alrimaya.com/image/cache/catalog/product/3945/22-4204-(1)-min-3945-thumb-800x800.jpg
22-4205,FMX-7020L,OUTDOOR PORTABLE GAS FIRE PIT - 50x55x22CM,https://alrimaya.com/image/cache/catalog/product/3946/22-4205-(7)-min-3946-thumb-800x800.jpg
22-4206,FMX-RB-N,ROUND BBQ GRILL DIA 34CM - BLACK,https://alrimaya.com/image/catalog/product/3947/22-4206-(1)-3947-thumb.jpg
22-4207,VKS-K-V004,PICNIC MAT 200x180CM,https://alrimaya.com/image/catalog/product/3870/22-4207-(2)-3870-thumb.jpg
22-4208,VKS-K-585,CUP BAG 15x15x9.5CM - KHAKI,https://alrimaya.com/image/catalog/product/3871/22-4208-(1)-3871-thumb.jpg
22-4209,BCWCB,BOOSTER CABLE 4M WITH BAG - 3000AMP,https://alrimaya.com/image/cache/catalog/product/3872/22-4209-(3)-min-3872-thumb-800x800.jpg
22-4210,VKS-K-V808,PICNIC SET 25x4x23CM - GRAY,https://alrimaya.com/image/cache/catalog/product/3873/22-4210-(4)-min-3873-thumb-800x800.jpg
22-4211,VKS-K-588,PICNIC BAG-OXFORD-KHAKI,https://alrimaya.com/image/catalog/product/3874/22-4211-(1)-3874-thumb.jpg
22-4212,VKS-K-592,PICNIC BAG-OXFORD-BROWN,https://alrimaya.com/image/catalog/product/3875/22-4212-(1)-3875-thumb.jpg
22-4213,VKS-K-586,CAMPING BAG WITH 3 SIDE POCKET KHAKI & COFFEE,https://alrimaya.com/image/catalog/product/3876/22-4213-(1)-3876-thumb.jpg
22-4214,VKS-K-592-1,PICNIC BAG-NEW OXFORD-COFFEE,https://alrimaya.com/image/catalog/product/3877/22-4214-(1)-3877-thumb.jpg
22-4215,VKS-K-V54,PICNIC BACKPACK SET WITH PICNIC MAT ,https://alrimaya.com/image/cache/catalog/product/3878/22-4215-(8)-min-3878-thumb-800x800.jpg
22-4216,HF-61E05V,BLANKET 177x128CM - BLUE + WHITE,https://alrimaya.com/image/catalog/product/3902/22-4216-(2)-3902-thumb.jpg
22-4217,HF-61E05W,BLANKET 177x128CM - MULTI-COLOR,https://alrimaya.com/image/cache/catalog/product/3902/22-4217-(2)-3902-thumb-800x800.jpg
22-4218,HF-61L01E,PICNIC MAT 200x145CM - GREEN,https://alrimaya.com/image/catalog/product/3903/22-4218-(2)-3903-thumb.jpg
22-4219,HF-61L01E,PICNIC MAT 200x145CM - BLUE,https://alrimaya.com/image/cache/catalog/product/3903/22-4219-(2)-min-3903-thumb-800x800.jpg
22-4220,HKC-1016L,DELUXE MOON CHAIR 104x85x93CM - GRAY,https://alrimaya.com/image/catalog/product/3899/22-4220-(3)-min-3899-thumb.jpg
22-4221,HKC-1016E,MESH MOON CHAIR/BLUE+GRAY,https://alrimaya.com/image/catalog/product/3900/22-4221-(2)-min-3900-thumb.jpg
22-4222,OC2179SXL,ROCKING CHAIR WITH 2 CUP HOLDERS-MAROON+GRAY,https://alrimaya.com/image/catalog/product/3910/22-4222-3910-thumb.jpg
22-4223,IC513SP,BUTTERFLY FOLDING CHAIR BLACK,https://alrimaya.com/image/cache/catalog/product/3911/22-4223-(3)-min-3911-thumb-800x800.jpg
22-4224,MW-D046M,FIRE PIT STAND 54.5x54.5x37CM WITH BAG,https://alrimaya.com/image/cache/catalog/product/3857/22-4224-(5)-min-3857-thumb-800x800.jpg
22-4225,988-1,BACKPACK 30x42x13.9CM - DARK KHAKI,https://alrimaya.com/image/catalog/product/3920/22-4225-(1)-3920-thumb.jpg
22-4226,600-8,DUFFLE BAG 55x31.7x21.5CM - KHAKI,https://alrimaya.com/image/catalog/product/3921/22-4226-(1)-3921-thumb.jpg
22-4227,H108A,BOONIE HAT - BEIGE,https://alrimaya.com/image/catalog/product/4013/22-4227-(3)-4013-thumb.jpg
22-4228,,CAMPING COOKING BAG SET/KHAKI,https://alrimaya.com/image/cache/catalog/product/2252/22-2634-(4)-min-2252-thumb-800x800.jpg
22-4229,VKS-K-597,SPICE JAR SET WITH BAG 3+3pcs,https://alrimaya.com/image/catalog/product/3887/22-4229-(3)-min-3887-thumb.jpg
22-4230,VKS-K-598,STAINLESS STEEL SPICE JAR SET WITH BAG 6PCS,https://alrimaya.com/image/catalog/product/3888/22-4230-(4)-min-3888-thumb.jpg
22-4231,,KID'S FOLDING CHAIR BLUE,https://alrimaya.com/image/catalog/product/4108/22-4231-(4)-4108-thumb.jpg
22-4232,HNS-CGS001,PORTABLE CAMPING STOVE - NAVY BLUE ,https://alrimaya.com/image/catalog/product/4111/22-4232-(4)-4111-thumb.jpg
22-4233,TLR224233,فرشة اسود شعبي200/65سم مع 2مركا,https://alrimaya.com/image/catalog/product/4616/22-4233-(2)-4616-thumb.jpg
22-4234,YR0513,CUSHION FOLDING CHAIR WITH PILLOW BROWN,https://alrimaya.com/image/cache/catalog/product/4042/22-4234-(2)-4042-thumb-800x800.jpg
22-4236,AFC6151103,ADJUSTABLE FOLDING CHAIR 61x51x103CM - DARK BROWN,https://alrimaya.com/image/catalog/product/3958/22-4236-(1)-3958-thumb.jpg
22-4237,FC526090,FOLDING CHAIR 52x60x90CM - RED,https://alrimaya.com/image/catalog/product/3959/22-4237-(1)-3959-thumb.jpg
22-4238,FC526090,FOLDING CHAIR 52x60x90CM - LIGHT BROWN,https://alrimaya.com/image/cache/catalog/product/3959/22-4238-(1)-3959-thumb-800x800.jpg
22-4239,,10 IN 1 MINI MULTI-TOOL - SILVER,https://alrimaya.com/image/catalog/product/3960/22-4239-(3)-3960-thumb.jpg
22-424,31122000000220,CAMPING BAG,https://alrimaya.com/image/cache/catalog/SKU%20:%2022/22-434-(-3-)-%D8%B4%D9%86%D8%B7%D8%A9-%D9%84%D9%84%D8%B1%D8%AD%D9%84%D8%A7%D8%AA-%D8%A7%D9%84%D8%A8%D8%B1%D9%8A%D8%A9-800x800.png
22-4240,,POCKET MULTI-TOOL - BLACK,https://alrimaya.com/image/catalog/product/3961/22-4240-(1)-3961-thumb.jpg
22-4241,,KEYCHAIN KNIFE - BLACK,https://alrimaya.com/image/catalog/product/3962/22-4241-(1)-3962-thumb.jpg
22-4242,YIWU-224242,38PCS REPAIR TOOL KIT,https://alrimaya.com/image/cache/catalog/product/4000/22-4242-(2)-4000-thumb-800x800.jpg
22-4243,YIWU-224243,10 IN 1 MULTI ANGLE SCREWDRIVER SET - ORANGE+GRAY,https://alrimaya.com/image/cache/catalog/product/4001/22-4243-(4)-4001-thumb-800x800.jpg
22-4244,,NAIL CUTTER SET - SILVER,https://alrimaya.com/image/catalog/product/3971/22-4244-(4)-min-3971-thumb.jpg
22-4245,,COOKING POT Dia 24x H 9CM - SILVER,https://alrimaya.com/image/catalog/product/3972/22-4245-(1)-3972-thumb.jpg
22-4246,,COOKING POT Dia 28x H 10CM - SILVER,https://alrimaya.com/image/cache/catalog/product/3972/22-4245-(1)-3972-thumb-800x800.jpg
22-4247,,COOKING POT Dia 32x H 11CM - SILVER,https://alrimaya.com/image/cache/catalog/product/3972/22-4245-(1)-3972-thumb-800x800.jpg
22-4249,1014CT,SERVING TRAY BROWN 25x35CM,https://alrimaya.com/image/cache/catalog/product/3974/22-4249-(5)-3974-thumb-800x800.jpg
22-4250,1216CT,SERVING TRAY 30x40CM - BROWN,https://alrimaya.com/image/cache/catalog/product/3974/22-4249-(5)-3974-thumb-800x800.jpg
22-4251,1418PT,SERVING TRAY 35x45CM - BROWN,https://alrimaya.com/image/cache/catalog/product/3974/22-4249-(5)-3974-thumb-800x800.jpg
22-4252,,LEMON SQUEEZER 25CM - BLACK,https://alrimaya.com/image/catalog/product/3978/22-4252-(1)-3978-thumb.jpg
22-4253,,ANTI-SCALD CLIP 18CM - SILVER,https://alrimaya.com/image/cache/catalog/product/3980/22-4253-(1)-3980-thumb-800x800.jpg
22-4254,,STAINLESS STEEL PLATE ROUND 36CM,https://alrimaya.com/image/catalog/product/3981/22-4254-(1)-3981-thumb.jpg
22-4255,,RICE FILTER 22CM SS SILVER,https://alrimaya.com/image/catalog/product/3982/22-4255-(2)-3982-thumb.jpg
22-4256,,MEMORY FOAM HIP CUSHION - DARK GRAY,https://alrimaya.com/image/catalog/product/3997/22-4256-3997-thumb.jpg
22-4257,2209-S,BAMBOO CHARCOAL COOLING PILLOW -  GRAY,https://alrimaya.com/image/catalog/product/3998/22-4257-(3)-min-3998-thumb.jpg
22-4258,KS078,MULTI-FUNCTION KITCHEN SCISSOR - SILVER,https://alrimaya.com/image/catalog/product/4007/22-4258-4007-thumb.jpg
22-4259,TG012-O1,FINE MESH STRAINERS - OLIVE GREEN,https://alrimaya.com/image/catalog/product/4008/22-4259---WHITE-BACKGROUND-4008-thumb.jpg
22-4260,,NEOPRENE HANDLE GUN SLING - CAMO,https://alrimaya.com/image/catalog/product/4040/22-4260-(1)-4040-thumb.jpg
22-4261,,NEOPRENE HANDLE GUN SLING - BLACK,https://alrimaya.com/image/catalog/product/4508/22-4261-(1)-4508-thumb.jpg
22-4262,,FLEECE WARMER BALACLAVA HAT - GREEN,https://alrimaya.com/image/catalog/product/4041/22-4262-(1)-4041-thumb.jpg
22-4263,,UNIVERSAL GLOVES BLACK,https://alrimaya.com/image/cache/catalog/product/4012/22-4263-(1)-4012-thumb-800x800.jpg
22-4264,,UNIVERSAL GLOVES BLACK & GREEN,https://i.ibb.co/Jx20Mvf/22-4264.jpg
22-4265,Q12,DOUBLE CYLINDER AIR COMPRESSOR,https://alrimaya.com/image/cache/catalog/product/4020/22-4265-(3)-min-4020-thumb-800x800.jpg
22-4266,LJS002,2 STEPS LADDER,https://alrimaya.com/image/cache/catalog/product/4048/22-4266-(3)-4048-thumb-800x800.jpg
22-4267,LJS003,3 STEPS LADDER,https://alrimaya.com/image/cache/catalog/product/4049/22-4267-(3)-4049-thumb-800x800.jpg
22-4268,,FOLDABLE MOSQUITO KILLER-GREEN,https://alrimaya.com/image/catalog/product/4019/22-4268-(3)-4019-thumb.jpg
22-4269,YXH7004,OUTDOOR MOLLE CAMO BACKPACK 80L CAMO,https://alrimaya.com/image/catalog/product/4005/22-4269---WHITE-BACKGROUND-4005-thumb.jpg
22-4270,GREE224270,GREE AC - COOL & HOT,https://alrimaya.com/image/cache/catalog/product/3811/GPC16AL-DJNTAJA-(1)-min-3811-thumb-800x800.jpg
22-4271,,CLEAN CARE ,https://alrimaya.com/image/catalog/product/4788/22-4271-(1)-4788-thumb.jpg
22-4272,03U87S3,3PCS SILICON UTENSILS SET 35CM - PISTACHIO + BROWN,https://alrimaya.com/image/catalog/product/4031/22-4272 (1)-4031-thumb.jpg
22-4273,SG-034,GEL SEAT CUSHION 41x37x5CM - BLACK,https://alrimaya.com/image/cache/catalog/product/3999/22-4273-(1)-3999-thumb-800x800.jpg
22-4274,TLR224274,فرشة 200*75 مع 2 مركا احمر -22-4274,https://alrimaya.com/image/catalog/product/4617/22-4274-(1)-main-4617-thumb.jpg
22-4275,WYSN-0103N,BACK SUPPORT FLOOR CHAIR GRAY,https://alrimaya.com/image/cache/catalog/product/3889/22-4275-(2)-min-3889-thumb-800x800.jpg
22-4276,WYSN-0103N,BACK SUPPORT FLOOR CHAIR/BROWN,https://alrimaya.com/image/catalog/product/3889/22-4276-(3)-min-3889-thumb.jpg
22-4277,WYSN-0001PM,BACK SUPPORT FLOOR CHAIR/GRAY,https://alrimaya.com/image/catalog/product/3890/22-4277-(3)-min-3890-thumb.jpg
22-4278,GLORY-1,FLEECE TRAVEL BLANKET 130x160CM - NAVY BLUE,https://alrimaya.com/image/cache/catalog/product/3950/22-4278-(2)-min-3950-thumb-800x800.jpg
22-4279,GLORY-2,FLEECE TRAVEL BLANKET 130x160CM - GRAY,https://alrimaya.com/image/cache/catalog/product/3950/22-4279-(2)-min-3950-thumb-800x800.jpg
22-4280,,PCP FOSTER FOR 1-228 GAMO ARROW PCP 5.5CAL,https://i.ibb.co/T4gMsTf/22-4280.jpg
22-4281,GLORY-4,ANTI-PILLING FLEECE TRAVEL BLANKET 145x175CM -GRAY,https://alrimaya.com/image/catalog/product/3951/22-4281-(2)-min-3951-thumb.jpg
22-4282,GLORY-5,MICROFIBER SHERPA BLANKET 127x152CM - MULTI-COLOR,https://alrimaya.com/image/catalog/product/3952/22-4282-(1)-min-3952-thumb.jpg
22-4283,MERIT-1,ROUND BBQ GRILL 80x44CM - BLACK,https://alrimaya.com/image/catalog/product/4009/22-4283-(1)-4009-thumb.jpg
22-4284,,HIKING SURVIVAL KIT,https://alrimaya.com/image/catalog/product/4055/22-4284-(1)-4055-thumb.jpg
22-4285,,TOOL KIT 17PCS,https://alrimaya.com/image/catalog/product/4010/22-4285-(3)-4010-thumb.jpg
22-4286,OME-989,DOTTED MUG 500ML - COPPER,https://alrimaya.com/image/catalog/product/4028/22-4286-(1)-4028-thumb.jpg
22-4287,OME-990,MUG 500ML SILVER,https://alrimaya.com/image/catalog/product/4029/22-4287-(1)-4029-thumb.jpg
22-4288,OME-785,LEMON JUICER 250ML SILVER,https://alrimaya.com/image/catalog/product/4030/22-4288-(1)-4030-thumb.jpg
22-4289,,MULTI-FUNCTIONAL TOOL - BLACK,https://alrimaya.com/image/cache/catalog/product/4056/956956565689-4056-thumb-800x800.jpg
22-4290,,SINGLE PISTOL CASE 26.7x18.4x11.4CM - BLACK,https://alrimaya.com/image/catalog/product/4070/22-4290-(1)-4070-thumb.jpg
22-4291,,DOUBLE PISTOL CASE 32x23x11.4CM - BLACK,https://alrimaya.com/image/catalog/product/4071/22-4291-(1)-4071-thumb.jpg
22-4292,,FINGER GUARD KNIFE CUTTING PROTECTOR 6.5x4.8CM - S,https://alrimaya.com/image/cache/catalog/product/4077/22-4292-(2)-4077-thumb-800x800.jpg
22-4293,,MEAT TENDERIZER 23x5.3CM - SILVER + BLACK,https://alrimaya.com/image/cache/catalog/product/4078/22-4293-(1)-4078-thumb-800x800.jpg
22-4294,,ICE CREAM SPOON 17.5x4CM - SILVER,https://alrimaya.com/image/cache/catalog/product/4079/22-4294-(1)-4079-thumb-800x800.jpg
22-4295,,SPICES BALL 11.3CM - SILVER,https://alrimaya.com/image/catalog/product/4080/22-4295-(1)-4080-thumb.jpg
22-4296,,PEELER 15x5.5CM - SILVER + BLACK,https://alrimaya.com/image/catalog/product/4081/22-4296-(1)-4081-thumb.jpg
22-4297,,RICE SPOON 27.5x8CM - SILVER + BROWN,https://alrimaya.com/image/catalog/product/4076/22-4297-(1)-4076-thumb.jpg
22-4298,RAINZONE-1,RAINCOAT - GREEN + BLUE,https://alrimaya.com/image/cache/catalog/product/3953/22-4298-(3)-min-3953-thumb-800x800.jpg
22-4299,RAINZONE-2,RAINCOAT - CAMO,https://alrimaya.com/image/cache/catalog/product/3954/22-4299-(2)-min-3954-thumb-800x800.jpg
22-4300,L8292-B,LUNCH BOX WITH BAMBOO LID - GREEN,https://alrimaya.com/image/catalog/product/4050/22-4300---00-4050-thumb.jpg
22-4301,L-8316,DATES CONTAINER 550ML - SILVER + BLACK,https://alrimaya.com/image/cache/catalog/product/4051/22-4301-4051-thumb-600x600.jpg
22-4302,L-8316,DATES CONTAINER 1000ML - SILVER + BLACK ,https://alrimaya.com/image/catalog/product/4051/22-4301---01-4051-thumb.jpg
22-4303,L-8316,DATES CONTAINER 1550ML - SILVER + BLACK,https://alrimaya.com/image/catalog/product/4051/22-4301---01-4051-thumb.jpg
22-4304,VKS-APD-9,DATES CONTAINER WITH BAG,https://alrimaya.com/image/catalog/product/4043/22-4304-(3)-4043-thumb.jpg
22-4305,ZD 7581-G,WINTER GLOVES 28CM GRAY,https://alrimaya.com/image/catalog/product/3955/22-4305-(1)-3955-thumb.jpg
22-4306,S23CAU026,OUTDOOR VEST ARMY GREEN - L,https://alrimaya.com/image/catalog/product/3977/22-4306-(1)-min-3977-thumb.jpg
22-4307,S23CAU026,OUTDOOR VEST ARMY GREEN - XL,https://alrimaya.com/image/catalog/product/3977/22-4306-(1)-min-3977-thumb.jpg
22-4308,S23CAU026,OUTDOOR VEST ARMY GREEN - XXL,https://alrimaya.com/image/catalog/product/3977/22-4306-(1)-min-3977-thumb.jpg
22-4309,,OUTDOOR PICNIC MAT 140x200CM MULTICOLOR,https://alrimaya.com/image/catalog/product/4052/22-4309-4052-thumb.jpg
22-4310,,OUTDOOR PICNIC MAT 140x200CM MULTICOLOR,https://alrimaya.com/image/catalog/product/4053/22-4310-4053-thumb.jpg
22-4311,,"STRAIGHT CUTLERY 12H34, PIXEL CAMO-A01B00019",https://www.biwak.com/out/pictures/generated/product/1/1500_1500_75/akinod_12h34_besteckset_feststehend_a01b00019_pixel_camo_1310.jpg
22-4312,TLR224312,فرشة احمر مع شنطة ومركا عدد 2,https://alrimaya.com/image/catalog/product/4618/22-4312(2)-4618-thumb.jpg
22-4313,WYSN-WDSC-8125,FOLDING WIND SCREEN TENT 6x1.25M - KHAKI,https://alrimaya.com/image/catalog/product/3956/22-4313 (4)-3956-thumb.jpg
22-4314,,KID'S SAND SLIDER 57x37x3CM - MAROON,https://alrimaya.com/image/catalog/product/4500/22-4314-(1)-4500-thumb.jpg
22-4315,-FIR,ELECTRIC RECHARGEABLE ARC LIGHTER,https://alrimaya.com/image/cache/catalog/product/4096/22-4315-(1)-4096-thumb-800x800.jpg
22-4316,BT01,UNIVERSAL PINTLE HOOK CHROME COLOR,https://alrimaya.com/image/catalog/product/4113/22-4316-(1)-4113-thumb.jpg
22-4317,BT304,UNIVERSAL RECEIVER HITCH MOUNT - BLACK,https://alrimaya.com/image/catalog/product/4114/22-4317-(1)-4114-thumb.jpg
22-4318,TLR224318,فرشة اسود مع شنطة ومركا عدد 2,https://alrimaya.com/image/catalog/product/4669/22-4318-(2)-4669-thumb.jpg
22-4319,L70,2 WAY GAS HOSE VALVE WITH BAG,https://alrimaya.com/image/catalog/product/4044/22-4319-(2)-min-4044-thumb.jpg
22-4320,,GREE DESERT AC (PERFUME/PURIFIER/AIR) ,https://alrimaya.com/image/cache/catalog/product/4021/NASEEM-W-(2)-4021-thumb-800x800.jpg
22-4321,YIWU-224321,TENT PEG 40CM - BLACK,https://alrimaya.com/image/cache/catalog/product/4098/22-4321-(1)-4098-thumb-800x800.jpg
22-4322,,HAND PUSH WHISK 6x34.5CM - SILVER,https://alrimaya.com/image/cache/catalog/product/4115/22-4322-(1)-4115-thumb-800x800.jpg
22-4323,,TONG 7.5x32CM - SILVER,https://alrimaya.com/image/cache/catalog/product/4116/22-4323-(1)-4116-thumb-800x800.jpg
22-4324,,OIL FILTER SPOON 8.3x31.5CM - SILVER,https://alrimaya.com/image/catalog/product/4117/22-4324-(1)-4117-thumb.jpg
22-4325,,RICE SPOON SILVER & BROWN HANDEL,https://alrimaya.com/image/catalog/product/4118/22-4325-(1)-4118-thumb.jpg
22-4326,,HIKING BACKPACK WITH 3L WATER BLADDER KHAKI,https://alrimaya.com/image/catalog/product/4121/22-4326-(1)-4121-thumb.jpg
22-4327,,PISTOL CLEANING KIT WITH STORAGE POUCH,https://alrimaya.com/image/catalog/product/4122/22-4327-(1)-4122-thumb.jpg
22-4328,,TACTICAL BAG/ARMY GREEN,https://alrimaya.com/image/catalog/product/4123/22-4328-(1)-4123-thumb.jpg
22-4329,,MINI CAMPING SHOVEL 43CM BLACK & ORANGE,https://alrimaya.com/image/catalog/product/4124/22-4329-(1)-4124-thumb.jpg
22-4330,VKS-K-516-1,THERMOS BAG 27x17x40CM - COFFEE,https://alrimaya.com/image/catalog/product/4109/22-4330-(1)-4109-thumb.jpg
22-4331,VKS-K-609,CAMPING BAG-OXFORD-KHAKI,https://alrimaya.com/image/catalog/product/4110/22-4331-(1)-4110-thumb.jpg
22-4332,BC3.5M,BOOSTER CABLE 1200AMP 3.5M WITH BAG,https://alrimaya.com/image/catalog/product/4128/22-4332 - WHITE-BACKGROUND-4128-thumb.jpg
22-4333,WYSN-WDSC-25145,FOLDING WIND SCREEN TENT 250x250x145CM -BR+YE,https://alrimaya.com/image/catalog/product/4136/22-4333 (2)-4136-thumb.jpg
22-4334,FX-2102,CAMPING SLEEPING TENT 245x145x105CM - BROWN,https://alrimaya.com/image/catalog/product/4046/22-4334-(1)-4046-thumb.jpg
22-4335,FX-2101,CAMPING SLEEPING TENT 285×210×120CM - BROWN,https://alrimaya.com/image/catalog/product/4047/22-4335-(1)-4047-thumb.jpg
22-4336,TLR224336,مدة زاوية اسود,https://alrimaya.com/image/catalog/product/4723/22-4336-(3)58KIII-4723-thumb.jpg
22-4337,TLR224337,مدة اسود 200-65سم ,https://alrimaya.com/image/catalog/product/4789/22-4337-4789-thumb.jpg
22-4338,THF-965076,موقد حطب خارجى,https://alrimaya.com/image/cache/catalog/product/4057/THF-965076-(2)-copy-min-4057-thumb-800x800.jpg
22-4339,THF-972494,موقد حطب خارجي,https://alrimaya.com/image/cache/catalog/product/4058/THF-972494-(1)-min-4058-thumb-800x800.jpg
22-4340,THF-972495,موقد حطب خارجي,https://alrimaya.com/image/cache/catalog/product/4059/THF-972495-(1)-min-4059-thumb-800x800.jpg
22-4341,THF-979751,موقد حطب خارجي,https://alrimaya.com/image/cache/catalog/product/4060/THF-979751-(2)-min-4060-thumb-800x800.jpg
22-4342,THF-980074,موقد حطب خارجى,https://alrimaya.com/image/cache/catalog/product/4061/THF-980074-(1)-min-4061-thumb-800x800.jpg
22-4343,THF-980076,موقد حطب خارجى,https://alrimaya.com/image/cache/catalog/product/4062/THF-980076-(3)-min-4062-thumb-800x800.jpg
22-4344,THF-980082,موقد حطب خارجى,https://alrimaya.com/image/cache/catalog/product/4063/THF-980082-(1)-min-4063-thumb-800x800.jpg
22-4345,THF-980085,موقد حطب خارجى,https://alrimaya.com/image/cache/catalog/product/4064/THF-980085-(1)-min-4064-thumb-800x800.jpg
22-4346,ZPM-CT-112,شعلة حدائق,https://alrimaya.com/image/cache/catalog/product/4068/ZPM-CT-112-(5)-min-4068-thumb-800x800.jpg
22-4352,EZBA,OUTDOOR TEA & GAHWA BAG SET,https://alrimaya.com/image/cache/catalog/product/2633/22-3049%20(1)-min-2633-thumb-800x800.jpg
22-4354,WYSN-SAC-26-21,CAMPING TENT 260x260x210CM - BEIGE + BROWN,https://alrimaya.com/image/cache/catalog/product/4137/22-4354%20(2)-4137-thumb-600x600.jpg
22-4355,WYSN-0128,BACK SUPPORT FLOOR CHAIR 124x70x14CM - NAVY BLUE,https://alrimaya.com/image/catalog/product/4138/22-4355-(3)-4138-thumb.jpg
22-4356,KC2141,KINGCAMP FOLDING CHAIR WITH CUP HOLDER KHAKI,https://alrimaya.com/image/catalog/product/4455/22-4356-4455-thumb.jpg
22-4357,TW-JS5030,BBQ GRILL 50x30x20CM - SILVER + GOLD,https://alrimaya.com/image/catalog/product/4112/222-4357-(1)-4112-thumb.jpg
22-4359,WYSN-224359,PICNIC MAT 140x200CM - MULTI-COLOR,https://alrimaya.com/image/catalog/product/4130/22-4359-(1)-4130-thumb.jpg
22-4360,,TENT PEG GOLD 40CM,https://alrimaya.com/image/catalog/product/4131/22-4360-(1)-4131-thumb.jpg
22-4361,,LIQUID ADDING POT WASHING BRUSH - GRAY,https://alrimaya.com/image/catalog/product/4132/22-4361-(1)-4132-thumb.jpg
22-4362,,DOUBLE WALL VACUUM FLASK 800ml WITH 2 CUPS,https://alrimaya.com/image/catalog/product/4133/22-4362-(2)-4133-thumb.jpg
22-4363,,HIKING & CAMPING TIE ROPE 15M GREEN & BROWN,https://alrimaya.com/image/cache/catalog/product/4134/22-4363-(2)-4134-thumb-800x800.jpg
22-4364,,TIE ROPE 4M ORANGE,https://alrimaya.com/image/catalog/product/4135/22-4364-(1)-4135-thumb.jpg
22-4365,MW-D048,FOLDABLE FIRE PIT WITH NET - 41x41x33.5cm,https://alrimaya.com/image/catalog/product/4515/2164645-4515-thumb.jpg
22-4366,KW2306,3PCS KNIFE SET/BEECH WOOD/GRAY ,https://alrimaya.com/image/catalog/product/4129/22-4366-(1)-4129-thumb.jpg
22-4367,,AFRICAN FIREWOOD - 10KG,https://alrimaya.com/image/cache/catalog/product/4594/22-4367-(2)-4594-thumb-800x800.jpg
22-4368,53003102CE,EUROCAMPING CHROMED BURNER/MEDIUM,https://alrimaya.com/image/catalog/product/4592/22-4368-(1)-4592-thumb.jpg
22-4369,53003101CE,EUROCAMPING CHROMED BURNER/BIG,https://i.ibb.co/tc2RRhj/22-4369.jpg
22-4371,MGC,MAURIA GAS CYLINDER 2KG/5.0L - BLUE,https://alrimaya.com/image/catalog/product/4639/22-4372-(1)-4639-thumb.jpg
22-4372,MGC,MAURIA GAS CYLINDER 3KG/7.2L - BLUE,https://alrimaya.com/image/catalog/product/4640/22-4372-(1)-4640-thumb.jpg
22-4373,MGC,MAURIA GAS CYLINDER 5KG/12.0L - BLUE,https://alrimaya.com/image/catalog/product/4641/22-4372-(1)-4641-thumb.jpg
22-4374,ZB-05DC,ICE MAKER WITH PORTABLE HANDLE/BLACK,https://alrimaya.com/image/catalog/product/4204/22-4374-(2)-4204-thumb.jpg
22-4376,,THERMOS BAG KHAKI,https://alrimaya.com/image/catalog/product/4234/22-4376-(5)-4234-thumb.jpg
22-4378,,CAR SEAT HOOKS - BLACK,https://alrimaya.com/image/catalog/product/4236/22-4378-(1)-4236-thumb.jpg
22-4379,,12V CAR CHARGER - GREEN,https://alrimaya.com/image/catalog/product/4237/22-4379-(1)-4237-thumb.jpg
22-4380,WYSN-0303,BACK SUPPORT FLOOR CHAIR BROWN,https://alrimaya.com/image/catalog/product/4364/22-4380-(5)-4364-thumb.jpg
22-4381,CK-001G,CAMPING FOLDING CHAIR GRAY,https://alrimaya.com/image/cache/catalog/product/4366/22-4381-(2)-4366-thumb-800x800.jpg
22-4382,CK-001G,CAMPING FOLDING CHAIR BEIGE,https://alrimaya.com/image/cache/catalog/product/4366/22-4382-(4)-4366-thumb-800x800.jpg
22-4383,CK-001G,CAMPING FOLDING CHAIR BLACK,https://alrimaya.com/image/cache/catalog/product/4366/22-4383-(3)-4366-thumb-800x800.jpg
22-4384,FMX-3142A4,CAMPFIRE TRIPOD COOKING STAND WITH CARRY BAG - 42x,https://alrimaya.com/image/catalog/product/4424/22-4384-(3)-4424-thumb.jpg
22-4385,FMX-N60G,BBQ CLIP WITH WOODEN HANDLE 60CM - GOLD,https://alrimaya.com/image/cache/catalog/product/4416/22-4385-(2)-4416-thumb-800x800.jpg
22-4386,04U037S,FOLDABLE BUCKET 2.5L BEIGE-BROWN,https://alrimaya.com/image/catalog/product/4665/22-4386-(1)-4665-thumb.jpg
22-4387,JL-S27L,WATER GALLON WITH HANDLE AND WHEELS 27L,https://alrimaya.com/image/cache/catalog/product/4410/22-4387-(6)-4410-thumb-800x800.jpg
22-4388,-WST,PORTABLE ELECTRIC WATER TANK WITH SPRAYING/4L,https://alrimaya.com/image/catalog/product/4390/22-4388-002-4390-thumb.jpg
22-4392,QF-F6,CAMPING FAN WITH LED LIGHT & REMOTE ,https://alrimaya.com/image/cache/catalog/product/4440/22-4392%20(4)-4440-thumb-800x800.jpg
22-4393,ZYZY-06,GAS HOSE 1METER - WITH REGULATOR,https://alrimaya.com/image/catalog/product/4477/22-4393 (3)-4477-thumb.jpg
22-4394,ZYZY-35-1,TWO WAY GAS VALVE,https://alrimaya.com/image/catalog/product/4478/22-4394 (5)-4478-thumb.jpg
22-4395,ZYZY-35-3,FOUR WAY GAS VALVE,https://alrimaya.com/image/catalog/product/4479/22-4395 (4)-4479-thumb.jpg
22-4396,ZYZY-28-5,LONG GAS VALVE ,https://alrimaya.com/image/catalog/product/4480/22-4396 (3)-4480-thumb.jpg
22-4397,ZYZY-28-4A,BUTTERFLY GAS VALVE,https://alrimaya.com/image/catalog/product/4481/22-4397 (3)-4481-thumb.jpg
22-4398,ZYZY-05,GAS TANK ADAPTER WITH STAND,https://alrimaya.com/image/cache/catalog/product/4482/22-4398-(1)-4482-thumb-800x800.jpg
22-4399,ZYZY-02 - 18-866 (R),GAS VALVE ADAPTER,https://alrimaya.com/image/cache/catalog/product/4483/22-4399%20(3)-4483-thumb-800x800.jpg
22-440,31122000000234,O RING 160216,https://i.ibb.co/Vvf2zWr/22-440.jpg
22-4400,ZYZY-28-7,INFLATABLE GAS HOSE 1METER,https://alrimaya.com/image/catalog/product/4484/22-4400 (3)-4484-thumb.jpg
22-4401,ZYZY-30A,GAS TORCH ADAPTER,https://alrimaya.com/image/cache/catalog/product/4485/22-4401%20(6)-4485-thumb-800x800.jpg
22-4402,ZYZY-30-2,TELESCOPIC GAS TORCH ADAPTER,https://alrimaya.com/image/cache/catalog/product/4489/22-4402%20(4)-4489-thumb-800x800.jpg
22-4403,231017QB,GUN BAG 130CM/YELLOW+BROWN,https://alrimaya.com/image/catalog/product/4441/22-4403-(1)-4441-thumb.jpg
22-4404,HJ220919,PORTABLE TRAVEL BIDET SPRAYER 3PC SET MULTICOLOR ,https://alrimaya.com/image/cache/catalog/product/4446/22-4404-4446-thumb-600x600.jpg
22-4405,HJ200916,PORTABLE TRAVEL BIDET SPRAYER WHITE,https://alrimaya.com/image/catalog/product/4447/22-4405-(7)-4447-thumb.jpg
22-4406,,INCENSE BURNER-SMALL,https://alrimaya.com/image/cache/catalog/product/4540/22-4406-(1)-4540-thumb-800x800.jpg
22-4407,ZYZY-02-01,ADAPTOR FOR GAS CYLINDER,https://alrimaya.com/image/cache/catalog/product/4490/22-4407-(5)-4490-thumb-800x800.jpg
22-4408,TLR224408, فرشة حجازي 200/160 سم مع اسفنج,https://alrimaya.com/image/catalog/product/4725/22-4408-(3)-4725-thumb.jpg
22-4409,TLR224409,فرشة احمر 200/160 سم مع اسفنج,https://alrimaya.com/image/catalog/product/4721/22-4409-(2)-4721-thumb.jpg
22-441,31122000000235,O RING 160216,https://i.ibb.co/JKXbGsX/22-441.jpg
22-4410,CR0993,FOLDING BED GRAY - 200x65x30cm,https://alrimaya.com/image/catalog/product/4487/22-4410-(7)-4487-thumb.jpg
22-4411,CR0757,FOLDING BED GREEN - 185x65x30cm,https://alrimaya.com/image/catalog/product/4488/22-4411 (3)-4488-thumb.jpg
22-4413,HKC-1050A,FOLDABLE DELUXE PADDED FOLDING CHAIR,https://alrimaya.com/image/catalog/product/4499/22-4413-(5)-4499-thumb.jpg
22-4414,TLR224414,فرشة حجازي 80/200 سم مع اسفنج,https://alrimaya.com/image/catalog/product/4790/22-4414-4790-thumb.jpg
22-4415,TLR224415,فرشة احمر 80/200 سم مع اسفنج,https://alrimaya.com/image/catalog/product/5056/22-4415-(1)main-5056-thumb.jpg
22-4416,BBQ5350,BBQ GRILLER WITH HAND FAN - CLIP - SKEWER,https://alrimaya.com/image/catalog/product/4537/69695869-4537-thumb.png
22-4417,BBQ5303,PORTABLE GRILLER WITH FOLDABLE STAND,https://alrimaya.com/image/catalog/product/4502/22-4417-(4)-4502-thumb.jpg
22-4419,VKS-K-621,SPICE BAG SET,https://alrimaya.com/image/catalog/product/4498/22-4419-(1)-4498-thumb.jpg
22-4420,RHB-7026,FOLDING BED CAMPING COT-199x82x38cm,https://alrimaya.com/image/catalog/product/4517/22-4420-(6)-4517-thumb.jpg
22-4421,7200,ALRIMAYA 200W CAR POWER INVERTER,https://alrimaya.com/image/catalog/product/4516/22-4421-(1)-4516-thumb.jpg
22-4422,WYSN-SAC-0007A,TOILET TENT/BROWN+KHAKI,https://alrimaya.com/image/catalog/product/4506/22-4422-(7)-4506-thumb.jpg
22-4423,WYSN-0201,BACK SUPPORT FLOOR CHAIR DARK GREY,https://alrimaya.com/image/catalog/product/4507/22-4423-(2)-4507-thumb.jpg
22-4424,22-4424,PICNIC BLANKET 200x150cm RED,https://alrimaya.com/image/cache/catalog/product/4504/22-4424-(2)-4504-thumb-800x800.jpg
22-4425,22-4425,PICNIC BLANKET - GREEN - 200x150cm,https://alrimaya.com/image/cache/catalog/product/4504/22-4425-(2)-4504-thumb-800x800.jpg
22-4426,VKS-K-106,PICNIC BAG-OXFORD-COFFEE 49.5x25x32CM,https://alrimaya.com/image/catalog/product/4518/22-4426-(1)-4518-thumb.jpg
22-443,31122000000237,160213 R/B/O RING,https://i.ibb.co/37x5kFB/22-443.jpg
22-4437,TLR224437, مدة خط عربي 200-65 سم,https://alrimaya.com/image/catalog/product/4619/22-4437 (1)-4619-thumb.jpg
22-4438,TLR224438, زاوية خط عربي 190-190 سم  ,https://alrimaya.com/image/catalog/product/4791/22-4438 (1)-4791-thumb.jpg
22-4439,TLR224439, فرشة خط عربي 200-75 سم مع 2 مركا صغير,https://alrimaya.com/image/catalog/product/4620/22-4439-(2)-4620-thumb.jpg
22-4440,,GOAT HANGING WALL STAND ,https://alrimaya.com/image/cache/catalog/product/4960/22-4440-(3)-4960-thumb-800x800.jpg
22-4447,TLR224447,فرشة 220-100 مخمل سعودي احمر مبطن 4 سم,https://alrimaya.com/image/catalog/product/4621/22-4447-(2)-4621-thumb.jpg
22-4449,22-4449,FIREWOOD 10KG ,https://alrimaya.com/image/catalog/product/5378/AR-FIR19-(2)-5304-thumb-5378-thumb.jpg
22-4450,TLR224450,فرشة 200-160 مخمل سعودي احمر مبطن 4سم,https://alrimaya.com/image/catalog/product/4792/22-4450-(2)-4792-thumb.jpg
22-4451,TLR224451,مدة 200-80 مخمل سعودي احمر مبطن 4سم,https://alrimaya.com/image/catalog/product/5255/22-4451-1 cover-5255-thumb.jpg
22-4452,TLR224452,مدة 200-65 مخمل سعودي احمر,https://alrimaya.com/image/catalog/product/4722/22-4452 (1)-4722-thumb.jpg
22-4453,TLR224453,زاوية 190-190 مخمل سعودي احمر,https://alrimaya.com/image/catalog/product/4724/22-4453 (7)-4724-thumb.jpg
22-4454,TLR224454,مدة مخمل سعودي رصاصي مبطن 4 سم 80×200سم,https://alrimaya.com/image/catalog/product/4749/22-4454-(2)-4749-thumb.jpg
22-4455,TLR224455,مدة مخمل سعودي رصاصي مبطن 4 سم 100×220 سم,https://alrimaya.com/image/catalog/product/4793/22-4455-(2)-4793-thumb.jpg
22-4456,TLR224456,فرشة  مخمل سعودي رصاصي مبطن 4 سم 160×200 سم,https://alrimaya.com/image/catalog/product/4794/22-4456-(2)-4794-thumb.jpg
22-4457,TLR224457,مدة مخمل اسود وبيج مبطن 4 سم 80×200 سم,https://alrimaya.com/image/catalog/product/5057/22-4457-(1)main-5057-thumb.jpg
22-4458,TLR224458,مدة مخمل اسود وبيج مبطن 4 سم 100×220 سم,https://alrimaya.com/image/catalog/product/4795/22-4458-(2)-4795-thumb.jpg
22-4459,TLR224459,فرشة مخمل اسود وبيج مبطن 4 سم 160×200 سم,https://alrimaya.com/image/catalog/product/4796/22-4459-(2)-4796-thumb.jpg
22-4460,TLR224460,مدة 200-70 مخمل سعودي اسود وبيج مع 2 مركا,https://alrimaya.com/image/catalog/product/4728/22-4460-(1)main-4728-thumb.jpg
22-4461,TLR224461,مدة 200-70 مخمل سعودي رصاصي مع 2 مركا,https://i.ibb.co/7d1dfw0K/22-4461.jpg
22-4462,TLR224462,مدة 200-70 مخمل سعودي احمر مع 2 مركا,https://alrimaya.com/image/catalog/product/4842/22-4462 (5)-4842-thumb.jpg
22-4463,,THERMOS BAG DARK BROWN,https://alrimaya.com/image/catalog/product/4845/22-4463-(1)-4845-thumb.jpg
22-4464,TLR224464,فرشة 2-4 مخمل سعودي احمر,https://i.ibb.co/VYD6bwpQ/22-4464.jpg
22-4465,TLR224465,مدة مخمل سعودي رصاصي 200-65سم,https://alrimaya.com/image/catalog/product/4843/22-4465 (2)-4843-thumb.jpg
22-4466,TLR224466,مدة مخمل سعودي اسود وبيج 200-65سم,https://alrimaya.com/image/catalog/product/4844/22-4466 (2)-4844-thumb.jpg
22-4467,TLR224467,زاوية سعودي رصاصي 190-190-68,https://i.ibb.co/4g2XDZGg/22-4467.jpg
22-4468,TLR224468,زاوية سعودي اسود وبيج 190-190-68,https://i.ibb.co/JjXKR146/22-4468.jpg
22-4469,TLR224469,تكايا مخمل رصاصي 35-20-20,https://i.ibb.co/jvFrGpC4/22-4469.jpg
22-4470,TLR224470,تكايا مخمل بيج واسود 35-20-20,https://i.ibb.co/DHGX1JFs/22-4470.jpg
22-4471,TLR224471,تكايا مخمل احمر 35-20-20,https://i.ibb.co/vvJBF76B/22-4471.jpg
22-4476,K-602,AIR COMPRESSOR BAG CAMO 37*22*24CM,https://alrimaya.com/image/catalog/product/4715/22-4476-(1)-4715-thumb.jpg
22-4477,TLR224477,كرسي ثنائي سعودي احمر,https://alrimaya.com/image/catalog/product/5058/22-4477-(1)main-5058-thumb.jpg
22-4478,TLR224478,كرسي ثنائي سعودي رصاصي,https://alrimaya.com/image/catalog/product/5059/22-4478-(1)main-5059-thumb.jpg
22-4479,TLR224479,كرسي ثنائي سعودي اسود وبيج,https://alrimaya.com/image/catalog/product/5060/22-4479-(1)main-5060-thumb.jpg
22-4481,50432,IGNITION FLUID 250ML,https://i.ibb.co/d0gB8w3v/22-4481.jpg
22-4482,TLR224482,PICNIC MAT GRAY 4*2M,https://i.ibb.co/7JQymCgV/22-4482.jpg
22-4483,TLR224483,PICNIC MAT GRAY 2*3M,https://i.ibb.co/B5823HPL/22-4483-3.jpg
22-4484,TLR224484,PICNIC MAT RED 2*3M,https://i.ibb.co/Xrqy0zmB/22-4484.jpg
22-4485,,ADJUSTABLE GOAT HANGING WALL STAND,https://i.ibb.co/rRRZsyhL/22-4485.jpg
22-4487,,INCENSE BURNER WOOD BLUE 14CM,https://i.ibb.co/Z1MYx7HG/22-4487.jpg
22-4488,,INCENSE BURNER WOOD BROWN 14CM,https://i.ibb.co/C5gFpGw2/22-4488.jpg
22-4489,LCL224489,"Incense burner Royal, Athl  - medium size",https://i.ibb.co/1GnNr1Db/22-4489.png
22-451,31122000000245,APAN 12 V PANEL,https://i.ibb.co/KmkqPdj/22-451.jpg
22-452,31122000000246,EXTENTION PWR CABLE,https://i.ibb.co/HxRQrpW/22-452.jpg
22-453,31122000000247,290310 PISTON ASMBLY,https://i.ibb.co/KhQcpvj/22-453.jpg
22-464,31122000000256,530 / 540 CU - COOLING UNIT MT 30/40,https://i.ibb.co/ScMz7sp/22-464.jpg
22-465,31122000000257,35F CU - COOLING UNIT MT 35,https://i.ibb.co/stcvKSp/22-465.jpg
22-480,31122000000271,290215 VALVE INSERT,https://i.ibb.co/jyQCPhn/22-480.jpg
22-489,31122000000279,BM12 - BATTERY MONITOR 10.5 CUT OUT,https://i.ibb.co/yR8Fdbk/22-489.jpg
2-25,31102000000020,MASTER 100 TINS X 200 TS - 10 CAL 4.5,https://alrimaya.com/image/cache/catalog/SKU:%202/2-25p2-%D8%B1%D8%B5%D8%A7%D8%B5-%D8%B5%D9%8A%D8%AF--4.5-%D9%85%D9%84%D9%8ATS-10-800x800.png
22-500,31122000000285,ASPAN - TYPE A PANEL SHORT - NO SWITCH,https://i.ibb.co/D71mSbx/22-500.jpg
22-577,31122000000355,COMPRESSOR CONTROLLER,https://i.ibb.co/TmBGRgr/22-577.jpg
22-578,31122000000356,COMPRESSOR-25,https://i.ibb.co/TmcSgJx/22-578.jpg
22-582,31122000000360,G 182 / G 293 THERMOSTAT DIGITALE TB 42 A,https://i.ibb.co/MMGW8G7/22-582.jpg
2-26,31102000000021,MASTER 60TINSX250 EXPANDER CAL 4.5,https://alrimaya.com/image/cache/catalog/SKU:%202/2-26p2-%D8%B1%D8%B5%D8%A7%D8%B5-%D8%B5%D9%8A%D8%AF-%D8%A7%D9%83%D8%B3%D8%A8%D9%86%D8%AF%D8%B1-4.5-%D9%85%D9%84%D9%8A-250--%D8%AD%D8%A8%D8%A9-800x800.png
2-27,31102000000022,MASTER 48 CONTAINER X 150 ROCKET DESTROYER CAL 4.5,https://alrimaya.com/image/cache/catalog/product/2266/2-27-(1)-min-2266-thumb-800x800.jpg
22-777,31122000000535,PLASTIC CREATE (GRAY),https://alrimaya.com/image/catalog/SKU%20:%2022/22-776-22-777-(7).png
22-792,WYSN-SAC-0003,CAMPING TENT 240x210x180CM - BLUE,https://alrimaya.com/image/catalog/SKU%20:%2022/22-792-%D8%AE%D9%8A%D9%85%D8%A9-%D9%84%D9%84%D8%B1%D8%AD%D9%84%D8%A7%D8%AA-%D9%82%D8%A7%D8%A8%D9%84-%D9%84%D9%84%D8%B7%D9%8A-%D9%85%D9%86-%D8%A7%D9%84%D8%B1%D9%85%D8%A7%D9%8A%D8%A9.png
22-793,31122000000551,Tent 1 Door Tent Size: 320x280x180cm Green Color,https://alrimaya.com/image/catalog/SKU%20:%2022/22-793-(1)-%D8%AE%D9%8A%D9%85%D8%A9-%D8%A7%D9%84%D8%B1%D8%AD%D9%84%D8%A7%D8%AA-%D8%A7%D9%84%D9%85%D9%85%D9%8A%D8%B2%D8%A9-%D8%A7%D9%84%D9%82%D8%A7%D8%A8%D9%84%D8%A9-%D9%84%D9%84%D8%B7%D9%8A-%D9%85%D9%86-%D8%A7%D9%84%D8%B1%D9%85%D8%A7%D9%8A%D8%A9.png
2-28,31102000000023,MASTER 48 CONTAINER X 100 ROCKET CAL 5.5,https://alrimaya.com/image/cache/catalog/product/2265/2-28-(1)-min-2265-thumb-800x800.jpg
22-804,WYSN-SAC-H0001,MOSQUITO TENT-230x130x120cm-OLIVE GREEN,https://alrimaya.com/image/catalog/SKU%20:%2022/22-804-%D8%AE%D9%8A%D9%85%D8%A9-%D9%86%D8%A7%D9%85%D9%88%D8%B3%D9%8A%D8%A9-%D9%82%D8%A7%D8%A8%D9%84%D8%A9-%D9%84%D9%84%D8%B7%D9%8A-%D9%85%D9%86-%D8%A7%D9%84%D8%B1%D9%85%D8%A7%D9%8A%D8%A9-(4).png
22-830,31122000000588,GASS DIVIDER,https://i.ibb.co/7vSdddT/22-830-2-Large.jpg
22-846,31122000000604,ALUMINIUM BOXES MEDIUM (70x50x33CM),https://alrimaya.com/image/catalog/SKU%20:%2022/22-846-%D8%B5%D9%86%D8%AF%D9%88%D9%82-%D8%A7%D9%84%D9%85%D9%88%D9%86%D9%8A%D9%88%D9%85-%D9%85%D9%86-%D8%A7%D9%84%D8%B1%D9%85%D8%A7%D9%8A%D8%A9-(1).png
22-851,31122000000609,DIAL METAL TIRE GUAGE,https://i.ibb.co/2NY046n/22-851-5.jpg
22-887,WYSN-EASY-0191C,BACK SUPPORT FLOOR CHAIR,https://alrimaya.com/image/catalog/SKU%20:%2022/22-887--(4)-%D9%83%D8%B1%D8%B3%D9%8A-%D8%A7%D8%B1%D8%B6%D9%8A-%D9%84%D9%84%D8%B1%D8%AD%D9%84%D8%A7%D8%AA-%D8%A7%D9%84%D8%A8%D8%B1%D9%8A%D8%A9-%D9%85%D9%86-%D8%A7%D9%84%D8%B1%D9%85%D8%A7%D9%8A%D8%A9.png
22-888,WYSN-EASY-0191D,BACK SUPPORT FLOOR CHAIR,https://alrimaya.com/image/catalog/SKU%20:%2022/22-888-%D9%83%D8%B1%D8%B3%D9%8A-%D8%A7%D8%B1%D8%B6%D9%8A-%D9%84%D9%84%D8%B1%D8%AD%D9%84%D8%A7%D8%AA-%D9%85%D9%86-%D8%A7%D9%84%D8%B1%D9%85%D8%A7%D9%8A%D8%A9-(4).png
22-893,31122000000678,HAT,https://i.ibb.co/q97JkFZ/22-893-Large.jpg
22-895,31122000000680,AUTO CREEPER TREAD WITH ALUMINIUM 100CM* 30CM,https://i.ibb.co/DLLswW4/22-895-Large.jpg
22-899,31122000000684,"48"" SCREW JACK (PCS)",https://i.ibb.co/9rq6dPP/22-899-1-Large.jpg
22-923,31122000000714,FOLDING TABLE (BAMBOO TABLE),https://alrimaya.com/image/catalog/SKU%20:%2022/22-923-(2)-%D8%B7%D8%A7%D9%88%D9%84%D8%A9-%D8%A7%D9%84%D9%85%D9%86%D8%A8%D9%88%D9%85-%D9%82%D8%A7%D8%A8%D9%84%D8%A9-%D9%84%D9%84%D8%B7%D9%8A-%D9%85%D9%86-%D9%85%D8%A7%D8%B1%D9%83%D8%A9-%D8%A7%D9%84%D8%B1%D9%85%D8%A7%D9%8A%D8%A9.png
22-927,31122000000709,hi-lift-jack 48' blue-3ton,https://alrimaya.com/image/catalog/SKU%20:%2022/22-927-(2)%D8%AC%D8%A7%D9%83-%D8%B9%D9%81%D8%B1%D9%8A%D8%AA%D8%A9-%D9%84%D8%B1%D9%81%D8%B9-%D8%A7%D9%84%D8%B3%D9%8A%D8%A7%D8%B1%D8%A7%D8%AA.png
22-928,732690200001,BOW SHACKLE (20MM/4.7T),https://alrimaya.com/image/catalog/product/2388/22-928%20(3)-2388-thumb.jpg
22-930,31122000000711,GROUND ANCHOR,https://alrimaya.com/image/catalog/000/22-930-(1).jpg
22-931,31122000000740,GATE VALVE,https://alrimaya.com/image/catalog/product/1923/22-931-(2)-min-1923-thumb.jpg
22-935,31122000000734,BBQ FIRE STAND,https://alrimaya.com/image/catalog/product/1436/22-935-(1)-1436-thumb.jpg
22-950,31122000000742,AL RIMAYA FLOOR MAT 2X3M,https://alrimaya.com/image/catalog/product/224/22-970-50-224-thumb.png
22-958,31122000000748,60L 12V FRIDGE (SECOP) DANFOSS COMP.),https://alrimaya.com/image/catalog/SKU%20:%2022/22-958-(1)%D8%AB%D9%84%D8%A7%D8%AC%D8%A9-%D9%81%D8%B1%D9%8A%D8%B2%D8%B160-%D9%84%D9%8A%D8%AA%D8%B1-%D9%84%D9%84%D8%B1%D8%AD%D9%84%D8%A7%D8%AA.png
22-959,31122000000749,80L 12V FRIDGE  (SECOP DANFOSS COMP.),https://alrimaya.com/image/catalog/product/1379/22-959-(2)-1379-thumb.jpg
22-969,31122000000756,WATER TAB,https://i.ibb.co/f06NGMq/22-969-2-Large.jpg
22-970,31122000000761,MATE (CHINA)  2X4,https://alrimaya.com/image/catalog/product/236/22-970-50-236-thumb.png
22-978,31122000000769,INVERTOR KOYO & 300 GREEN,https://i.ibb.co/nnp4hLJ/22-978.jpg
22-979,31122000000770,HAMMOCK BED,https://alrimaya.com/image/catalog/SKU%20:%2022/22-979-(1)%D8%B3%D8%B1%D9%8A%D8%B1-%D8%B4%D8%A8%D9%83-%D9%85%D8%B9-%D8%A7%D9%84%D8%A7%D8%B3%D8%AA%D8%A7%D9%86%D8%AF-%D9%84%D9%84%D8%B1%D8%AD%D9%84%D8%A7%D8%AA.png
22-980,WYSN-0180C,BACK SUPPORT FLOOR CHAIR BEIGE BROWN,https://alrimaya.com/image/catalog/SKU%20:%2022/22-980--(5)%D9%83%D8%B1%D8%B3%D9%8A-%D8%A7%D8%B1%D8%B6%D9%8A-%D9%82%D8%A7%D8%A8%D9%84-%D9%84%D9%84%D8%B7%D9%8A.png
22-982,WYSN-0301,BACK SUPPORT FLOOR CHAIR,https://alrimaya.com/image/cache/catalog/SKU%20:%2022/22-982-(5)%D9%83%D8%B1%D8%B3%D9%8A-%D8%A7%D8%B1%D8%B6%D9%8A-%D8%AC%D9%84%D8%AF-%D9%82%D8%A7%D8%A8%D9%84-%D9%84%D9%84%D8%B7%D9%8A-800x800.png
22-983,31122000000774,A/C IN PUT (MALE),https://i.ibb.co/GnVz6CF/22-983.jpg
22-986,31122000000777,12V DC CABLE 2.5M FOR FRIDGE,https://i.ibb.co/SXPYNcK/22-986-2-Large.jpg
22-987,31122000000778,SENSIOR TEMPERATURE,https://i.ibb.co/NWvH8Q8/22-987.jpg
22-989,31122000000780,DOOR HINGE FOR THERMO COOLER,https://i.ibb.co/CbjtyPV/22-989.jpg
22-990,31122000000781,ELECTRONICS BORAD (PCB),https://i.ibb.co/FwrfKKH/22-990.jpg
22-992,31122000000783,LID LOCK METAL,https://i.ibb.co/nwRDHz1/22-992.jpg
22-994,31122000000785,RUBBER BUSH,https://i.ibb.co/Y8x04tT/22-994.jpg
22-995,31122000000786,ADOPTOR 12.5A,https://i.ibb.co/J3q0kWz/22-995.jpg
22-997,31122000000788,TRANSIST BAG,https://i.ibb.co/kHTMPqj/22-997.jpg
23-114,31123000000094,16090 - Main Spring Hunter,https://alrimaya.com/image/catalog/product/4983/23-114-(1)-4983-thumb.jpg
23-127,31123000000107,Trigger Guard Rear Screw W/nut,https://i.ibb.co/9bdbCPm/23-127.jpg
2-37,31102000000033,GAMO TS-22 AIR GUN PELLETS .22/5.5 CALIBER ,https://alrimaya.com/image/cache/catalog/product/2260/2-37-(2)-min-2260-thumb-800x800.jpg
2-38,31102000000034,MASTER 100 TINS X 200 G-HAMMER CAL 4.5,https://alrimaya.com/image/catalog/product/4101/2-38-(1)-min-4101-thumb.jpg
2-39,31102000000035,MASTER 100 TINS X 200 G-BUFFALO CAL 4.5,https://alrimaya.com/image/cache/catalog/SKU:%202/2-39-%D8%B1%D8%B5%D8%A7%D8%B5-%D8%B5%D9%8A%D8%AF-%D8%A8%D9%8A%D9%81%D9%88%D9%84%D9%88-%D8%A8%D9%88%D8%B1-200-%D8%AD%D8%A8%D8%A9-15.4-800x800.png
2-40,31102000000036,MASTER 100 TINS X 250 PRO-MAGNUM CAL 5.5,https://alrimaya.com/image/cache/catalog/SKU:%202/2-40--%D8%B1%D8%B5%D8%A7%D8%B5-%D8%B5%D9%8A%D8%AF-250---5.5%D8%A8%D8%B1%D9%88-%D9%85%D8%A7%D8%AC%D9%86%D9%88%D9%85-800x800.png
2-41,31102000000037,"MASTER  100 TINS X 250 ROUND 5,5",https://alrimaya.com/image/cache/catalog/product/4102/2-41-(1)-min-4102-thumb-800x800.jpg
24-106,31124000000101,20970 - REAR SIGHT VERTICAL WHEEL,https://alrimaya.com/image/catalog/product/4984/24-106-(1)-4984-thumb.jpg
24-116,27392,FORESIGHT ELEMENT F/OPTIC - 27392,https://alrimaya.com/image/catalog/product/4985/24-116-(1)-4985-thumb.jpg
24-123,31124000000117,FORESIGHT M610,https://i.ibb.co/NN1tMYY/24-123.jpg
24-124,31124000000118,REARSIGHT ELE/FIX/ BA,https://i.ibb.co/YtRgNnF/24-124.jpg
24-125,31124000000119,REARSIGHT ELE/FIX/SCREW,https://i.ibb.co/0sBGGsY/24-125.jpg
24-126,31124000000120,PIVOT SCREW,https://i.ibb.co/7GPG3dt/24-126.jpg
24-127,31124000000121,PIVIOT SCREW SCREW NUT,https://i.ibb.co/sszBRbd/24-127.jpg
24-128,930520000000,Magazine seal,https://alrimaya.com/image/catalog/product/4986/24-128-(1)-4986-thumb.jpg
24-135,31124000000129,BREECH SEAL,https://alrimaya.com/image/catalog/product/4987/24-135-(1)-4987-thumb.jpg
24-136,31124000000130,PISTON SEAL WITH SCREW,https://alrimaya.com/image/catalog/product/4988/24-136-(1)-4988-thumb.jpg
24-141,31124000000135,MAIN SPRING MODEL 400,https://i.ibb.co/TRCZTwz/24-141.jpg
24-156,31124000000150,28060 - FORSIGHT MAXIMA,https://i.ibb.co/SXJKdms/24-156.jpg
24-161,31124000000155,12130 - PISTON SEAL FIXING SCREW HUNTER 1250,https://i.ibb.co/jrv5jz9/24-161.jpg
24-163,930520000000,29230 - STOCK FIXING FRONT VIPERMAX,https://i.ibb.co/1LFQ43d/24-163.jpg
24-175,31124000000170,INTERMEDIATE WEDGE,https://i.ibb.co/Yj6Xy7V/24-175.jpg
24-177,31124000000172,400/610 TRIGGER GROUP,https://i.ibb.co/kgZnFRM/24-177.jpg
24-181,31124000000176,SCREW FORESIGHT,https://i.ibb.co/njwX765/24-181.jpg
24-184,31124000000179,COCKING SAFETY,https://i.ibb.co/MnG996V/24-184.jpg
24-187,930520000000,Sight (Muzzle Type) - 930520000000,https://alrimaya.com/image/catalog/product/4989/24-187-(1)-4989-thumb.jpg
24-193,930520000000,SPACER,https://i.ibb.co/db4G164/24-193.jpg
2-42,31102000000038,"MASTER 100 TINS X 250 PCP SPECIAL 5,5",https://alrimaya.com/image/cache/catalog/product/2262/2-42-(2)-min-2262-thumb-800x800.jpg
24-20,31124000000020,15170 - SPRING MODEL 600,https://alrimaya.com/image/catalog/product/4990/24-20-(1)-4990-thumb.jpg
24-209,31124000000204,MAUINSPRING FT,https://alrimaya.com/image/catalog/product/4991/24-209-(1)-4991-thumb.jpg
24-219,31124000000213,LATCH SPRING,https://i.ibb.co/Dt1Fc6s/24-219.jpg
24-220,31124000000214,"TORNILLO CL 82 Z3,6X8",https://alrimaya.com/image/catalog/product/4992/24-220-4992-thumb.jpg
24-221,31124000000215,RIFLE FRONT SIGHT VOVER,https://alrimaya.com/image/catalog/product/4993/24-221-(1)-4993-thumb.jpg
24-226,31124000000220,TAPON TRASERO SHADOW FOX,https://i.ibb.co/FWz057F/24-226.jpg
24-228,31124000000222,HINGE SCREW (IGT),https://i.ibb.co/cCF6hZV/24-228.jpg
24-24,31124000000024,FORESIGHT HOOD (27460 cubrepunto ventilado fibra),https://i.ibb.co/WzPpwh9/24-24.jpg
24-250,930520000000,ORING .177 (x4 in fill kit) BS008 NBR70,https://i.ibb.co/KXRRrdT/24-250.jpg
24-269,31124000000264,MAGAZINE BSA .177 & .22,https://i.ibb.co/dgR5BYB/24-269.jpg
24-290,31124000000285,MAIN SPRING FOREST,https://alrimaya.com/image/catalog/product/4994/24-290-(1)-4994-thumb.jpg
24-30,31124000000030,12110 - TRIGGER GUARD REAR SCREW HUNTER,https://i.ibb.co/48hYc88/24-30.jpg
24-303,31124000000298,TOP WHEEL REARSIGHT,https://alrimaya.com/image/catalog/product/4995/24-303-(1)-4995-thumb.jpg
24-304,31124000000299,Brida freno Socom 1000,https://i.ibb.co/C5ZKb32/24-304.jpg
24-393,930520000000,Tube kit Superlight Crown .25 500mm,https://alrimaya.com/image/catalog/product/2982/24-393-2982-thumb.jpeg
24-394,930520000000,Tube Kit Impact 635 STX Fixed,https://alrimaya.com/image/catalog/product/2983/24-394-2983-thumb.jpeg
24-395,930520000000,Magazine .25 FX SS Mega,https://alrimaya.com/image/catalog/product/2984/24-395-2984-thumb.jpeg
24-396,930520000000,Magazine .25 FX SS HI-CAP,https://alrimaya.com/image/catalog/product/2985/26-396-2985-thumb.jpeg
24-408,,REGULATOR AIRTUBE ADJUSTABLE AMP,https://i.ibb.co/MnRpy0j/Whats-App-Image-2023-02-22-at-6-36-21-PM.jpg
24-446,,Hammer spring - 11500,https://i.ibb.co/Vx0W3Rr/Whats-App-Image-2023-03-05-at-4-38-39-PM.jpg
24-499,24-499,SPRING HOLDER IMPACT-19609,https://i.ibb.co/3BNb7m1/24-499.jpg
24-55,31124000000053,15050 - END CAP HUNTER,https://i.ibb.co/H44v8Z0/24-55.jpg
24-558,,FUSE 40 AMP,https://i.ibb.co/vXQMrV5/24-558.jpg
24-57,31124000000055,12540 - PISTON SEAL,https://alrimaya.com/image/catalog/product/4996/24-57-(1)-4996-thumb.jpg
2-47,,رصاص -  SLUG HP – 218/25 ,https://i.ibb.co/b5N9RDk/2-47.jpg
24-72,31124000000070, REAR SIGHT HUNTER,https://alrimaya.com/image/catalog/product/4997/24-72-(1)-4997-thumb.jpg
2-48,,FX HYBRID SLUG (.217) 22GR 100C,https://alrimaya.com/image/cache/catalog/product/3510/2-48-3510-thumb-800x800.jpg
2-49,,FX HYBRID SLUG (.250) 26.3GR,https://alrimaya.com/image/cache/catalog/product/3511/2-49-3511-thumb-800x800.jpg
24-98,31124000000093,"1810 - DISTANCE PIECE - DELTA, EXPO26",https://i.ibb.co/mD6Z2Pp/24-98.jpg
2-5,31102000000004,MASTER 200 TINS 100 PRO-MATCH CAL 4.5,https://alrimaya.com/image/catalog/SKU:%202/2-5-%D8%B1%D8%B5%D8%A7%D8%B5-%D8%B5%D9%8A%D8%AF-%D8%A8%D8%B1%D9%88-%D9%85%D8%A7%D8%AA%D8%B4-4.5-100-%D8%AD%D8%A8%D8%A9-7.56-%D8%AC%D8%B1%D8%A7%D9%85.png
2-50,,RITARGET ROUND HEAD 5.5MM 250PCS PELLETS,https://i.ibb.co/21kDsZYs/2-50.png
2-51,,RITARGET ROUND HEAD 6.35MM 150PCS,https://i.ibb.co/PsSQ0Lrz/2-51.png
2-52,LCL-2-52,SNOWPEAK PELLETS ROUND CAL 4.5 || 500pcs,https://alrimaya.com/image/catalog/product/5761/2-52-main-5761-thumb.jpg
2-53,LCL-2-53,SNOWPEAK PELLETS ROUND CAL 4.5 || 100pcs,https://alrimaya.com/image/catalog/product/5762/2-53 (1)-5762-thumb.jpg
25-54,31125000000049,BATTERY AA DURACELL 2 pieces,https://alrimaya.com/image/catalog/product/1643/25-54-(2)-1643-thumb.jpg
25-55,31125000000050,BATTERY AAA DURACELL 2 pieces,https://alrimaya.com/image/catalog/product/1645/25-55-(2)-1645-thumb.jpg
25-56,18650/2500MAH,BATTERY 18650/2500mAh,https://i.ibb.co/Dft8z7Gt/25-56.jpg
25-57,26650/3000MAH,BATTERY 26650/3000mAh,https://i.ibb.co/xSFK7BJP/25-57.png
26-10,3450060,WINCHBAR G/CHEROKEE ZJ,https://imageapi.partsb2.com.au/api/Image?urlId=MhIPrJ%2FyAjjLx22BKBNw%2B28IpJTqk6rU%2BTuhFzMHPqdsoxkAFpKbdEa%2Fcw60iVya
26-100,OMESD36,STEERING DAMPER PATROL GQ,https://imageapi.partsb2.com.au/api/Image?urlId=Q2tWjuVjAt5KuELHWs4AHiAHsU2EgdtYA1Gb3xYA%2FVLYD5KyD9uuyNyY8pQik0aG
26-1000,10100380,ARB STRAP WRAP,https://alrimaya.com/image/catalog/product/2111/91RgXOMURPL-2111-thumb.jpg
26-1001,10500040,ARB MINI LED CORDLESS LIGHT,https://www.outback-import.fr/69883-thickbox_default/arb-mini-led-cordless-light.jpg
26-1003,217195,OME EVOLUTION CAP,https://cdn.shopify.com/s/files/1/1341/9269/products/omecap_1024x1024.jpg?v=1503827040
26-1004,217507,GET A GRIP STUBBY HOLDER BLACK,https://www.ch4x4.com/wp-content/uploads/2014/09/GetaGripStubbyHolderBlack.jpg
26-1006,60122,SPORT SHOCK SUPERDUTY REAR,https://cdn11.bigcommerce.com/s-jobx3e0qy/images/stencil/1280x1280/products/261433/13606501/00ad63740df3697fc6ce8220547ffb92__45126.1669770567.jpg?c=2
26-1007,60123,SPORT SHOCK SUPERDUTY REAR,https://cdn11.bigcommerce.com/s-jobx3e0qy/images/stencil/1280x1280/products/261436/13606490/391f86991282479b342b44eddb60d684__76667.1669770567.jpg?c=2
26-1008,LM100,LIFT MATE WHEEL-HI LIFT JACK,https://m.media-amazon.com/images/I/51oxAPozVLL._AC_SL1500_.jpg
26-1009,60132,SPORT SHOCK HILUX 15 ON R,https://alrimaya.com/image/cache/catalog/product/2788/Shock%20Absorbers-2788-thumb-800x800.jpg
26-101,OMESD24,STEERING DAMPER L/C 60 70 75,https://imageapi.partsb2.com.au/api/Image?urlId=Q2tWjuVjAt5KuELHWs4AHmBWOreFoLGhBWNgDujhi57LT16ogv7HEc5f%2BGavlwTc
26-1010,60141,SPORT SHOCK FORTUNER 2015 ON,https://cdn11.bigcommerce.com/s-jobx3e0qy/images/stencil/1280x1280/products/246177/13606732/82e14bef4f0ff8b6f900713414891cef__77749.1669770573.jpg?c=2
26-1011,90022,SPORT STRUT DMAX/COLORADO F,https://i.ibb.co/q3ZkCYrV/26-1011.jpg
26-1012,90028,SPORT STRUT HILUX 15 ON F,https://alrimaya.com/image/cache/catalog/product/2780/26-1012-main-2780-thumb-800x800.jpg
26-1013,FK29,TACOMA REAR DRIVESHAFT SPACER,https://imageapi.partsb2.com.au/api/Image?urlId=Q2tWjuVjAt5KuELHWs4AHrusvU7lI%2Ba7kP%2BBEKJEAYG3GYRhOzv4eiwdXAB67plj&quot;
26-1014,TA78,TANK AUX ISUZU MUX 54L DIESEL|,https://imageapi.partsb2.com.au/api/Image?urlId=cV86z2hpLwfX7lAFEaXxJhQUpidrBy6ltCSAn2cV9FYjUHf3kt%2BG9uUON4sriVUR&quot;
26-1015,3057,COIL DMAX/COLORADO F 2012 ON,https://alrimaya.com/image/catalog/product/2851/26-442-2851-thumb.jpg
26-1016,RD142,AIRLOCKER 30 SPL 12 BOLT,https://cdn11.bigcommerce.com/s-wg9nennc1z/images/stencil/2000x2000/products/12548/13140911/arb-air-locker-differential-toyota-8.9-50mm-brng-rd142__73013.1751788829.jpg?c=1
26-1017,816001,ARB TRACK SHELTER SII,https://www.xtreme4x4.gr/wp-content/uploads/2022/11/35-816001_d1.jpg
26-1018,816002,ARB TRACK SHELT SII WALLS,https://cdn11.bigcommerce.com/s-cc6n4ysez6/images/stencil/805x805/products/186774/35293/screenshot_2022-08-08_150034__96067.1697706591.jpg
26-1019,ARB510,ARB E-Z DEFLATOR DIGITAL GAUGE,https://alrimaya.com/image/catalog/product/2499/26-1019%20(2)-min-2499-thumb.jpg
26-1020,TREDPROBB,TRED PRO BLACK/BLACK,https://alrimaya.com/image/catalog/product/2020/s-l1600-min-2020-thumb.jpg
26-1021,TREDPROMGO,TRED PRO MON GREY/ORANGE,https://alrimaya.com/image/catalog/product/3168/26-1021-resized-min-3168-thumb.jpg
26-1022,TPBAG,TRED PRO CARRY BAG,https://cdn.shopify.com/s/files/1/0662/1809/products/tred_pro_carry_bag_700x.png?v=1622437503
26-1023,TPMK,TRED PRO MOUNTING KIT,https://m.media-amazon.com/images/I/41gHFqJrkGL._AC_SL1000_.jpg
26-1024,170114,BULKHEAD KIT,https://m.media-amazon.com/images/I/51s9OwfKMRL._AC_SL1280_.jpg
26-1025,OME3133,UPPER STRUT BUSH,https://www.desertrat.com/images/F154311777.jpeg
26-1026,3440510,SUMMIT COMBAR RANGER EVEREST,https://alrimaya.com/image/catalog/product/3618/F154247281-3618-thumb.jpg
26-1027,3940420,SAHARA BUMPER PXII RANGER,https://imageapi.partsb2.com.au/api/Image?urlId=MhIPrJ%2FyAjjLx22BKBNw%2B4Vnd8rB1OfqRL5jucK0pMYlhWtTHXtvZJoPnaGFv02G
26-1030,3500910,ARB LED FOG LIGHT KIT - LRG,https://m.media-amazon.com/images/I/51jKp6CYDbL._AC_SL1000_.jpg
26-1031,0770002,ADJUSTER NUT PLIERS,https://imageapi.partsb2.com.au/api/Image?urlId=MhIPrJ%2FyAjjLx22BKBNw%2B7LMsbieks7l40omkgFzAhaEtaw7S1YtQ90yORcbpG2M&quot;
26-1032,0770003,DIFFERENTIAL SPREADER,https://i.ebayimg.com/images/g/1MYAAOSwYPRm7Can/s-l1600.webp
26-1033,0770004,SHIM DRIVER,https://imageapi.partsb2.com.au/api/Image?urlId=MhIPrJ%2FyAjjLx22BKBNw%2BwPwf8sOQe0wJjXjMvhwjL%2Bkgvi3fnKMC4Zwe8%2Brbrv%2B
26-1034,0770005,AIR LOCKER TEST GAUGE,https://imageapi.partsb2.com.au/api/Image?urlId=MhIPrJ%2FyAjjLx22BKBNw%2B4cAYOd2wtXVonbyifG%2F34QkIbfHrgMwppbE2AfSCdrX&quot;
26-1035,OMEU53B,OME U BOLT WASHER & NUT,https://media.paddockspares.com/media/catalog/product/cache/2cd0bbdae30ef72204fd0f96e6dd459f/o/m/omeu59b_1.jpg
26-1036,3163015,KIT SURROUND FOR FOG,https://m.media-amazon.com/images/I/51Y7-6CU0tL._AC_SL1500_.jpg
26-1038,OMEGS22,GREASABLE SHACKLE KIT,https://m.media-amazon.com/images/I/61w6dBjxdmL._AC_SL1500_.jpg
26-1039,3721010,F/KIT R/RACK,https://imageapi.partsb2.com.au/api/Image?urlId=MhIPrJ%2FyAjjLx22BKBNw%2Bw2XC2GRN9C1jia4M0yMNmzpJVDgIiY2DjC2dsp9Lf%2BZ
26-104,OMESD33,STEERING DAMPER HILUX/4R IFS,https://imageapi.partsb2.com.au/api/Image?urlId=Q2tWjuVjAt5KuELHWs4AHqJdyi9QBVcKj4KVRGjozYoiEq0NMPQpyy0COPserme9
26-1040,60028,SPORT SHOCK PRADO 90 -R-,https://cdn11.bigcommerce.com/s-jobx3e0qy/images/stencil/1280x1280/products/261221/13605217/b940416b4deb3aaa5af6ef71dbab6f48__34871.1669770533.jpg?c=2
26-1041,90004,SPORT STRUT PRADO 90 - FRONT,https://cdn11.bigcommerce.com/s-jobx3e0qy/images/stencil/1280x1280/products/246211/13609940/4bc91665561a24a9a64bd9190125836f__88337.1669770712.jpg?c=2
26-1042,BP5190010L,C/OVER TUNDRA FRONT LH,https://imageapi.partsb2.com.au/api/Image?urlId=Q2tWjuVjAt5KuELHWs4AHtOGolxJMxxAKF655zgGJuv6V1uHhMcdjEjcPHlF4C3N
26-1043,BP5190010R,C/OVER TUNDRA FRONT RH,https://imageapi.partsb2.com.au/api/Image?urlId=Q2tWjuVjAt5KuELHWs4AHtOGolxJMxxAKF655zgGJus9HzmCn5jd8vXOR7xIBwZQ
26-1044,BP5160020L,SHOCK TUNDRA REAR LH,https://imageapi.partsb2.com.au/api/Image?urlId=Q2tWjuVjAt5KuELHWs4AHn57ftYo9Xj4FS%2FZPVm0yijyGdeZr4%2BujbgREOI9ZMwS
26-1045,BP5160020R,SHOCK TUNDRA REAR RH,https://imageapi.partsb2.com.au/api/Image?urlId=Q2tWjuVjAt5KuELHWs4AHn57ftYo9Xj4FS%2FZPVm0yihoOGvJjNG7c2ti0J1Ltoz0
26-1046,VM80010034,F/KIT TUNDRA FRONT,https://cdn11.bigcommerce.com/s-y2fzxlqvm7/images/stencil/original/products/19868/111700/393eb1ae12af4aa01ec2cff88db8176c__54400.1668721866.JPG
26-1047,VM80010035,BP51 FIT KIT,https://cdn11.bigcommerce.com/s-wg9nennc1z/images/stencil/2000x2000/products/13954/13140355/old-man-emu-rear-bp-51-shock-fitting-kit-vm80010035__42832.1749280837.jpg?c=1
26-1048,CS055R,SPRING TUNDRA 2007 ON-REAR,https://cdn11.bigcommerce.com/s-jobx3e0qy/images/stencil/1280x1280/products/246719/13616520/9defb4e95c5edfaf6f28a887eb40e24a__71745.1669770954.jpg?c=2
26-1049,2GQ02A,COIL NISSAN Y61 SWBR(L),https://alrimaya.com/image/catalog/product/4175/F198996673-4175-thumb.jpg
26-105,OMEU51,OME U BOLT WASHER & NUT,https://imageapi.partsb2.com.au/api/Image?urlId=Q2tWjuVjAt5KuELHWs4AHiqixRRdJnRkx9t0gIoz9ETLYC%2FxlDAVOguPtkgVhSml
26-1050,2768,COIL FORD F350 2005 ON-F-,https://static.summitracing.com/global/images/prod/xlarge/emu-2768_mq_xl.jpg
26-1051,FK81,CASTER KIT,https://www.desertrat.com/images/F154311671.jpeg
26-1052,2997,COIL BT50/RANGER F 2011 ON,https://www.desertrat.com/images/F154310089.jpeg
26-1053,90019,SPORT STRUT BT50/RANGER F,https://cdn11.bigcommerce.com/s-jobx3e0qy/images/stencil/1280x1280/products/246236/13610197/e931a921b35c89ada0aaf004f6a19db2__00962.1669770720.jpg?c=2
26-1054,60101,SPORT SHOCK BT50/RANGER R,https://cdn11.bigcommerce.com/s-jobx3e0qy/images/stencil/1280x1280/products/261399/13606347/3225fa07e34df52a7351d283eb3bdaee__90511.1669770563.jpg?c=2
26-1055,OMEGS20,GREASABLE SHACKLE KIT,https://imageapi.partsb2.com.au/api/Image?urlId=Q2tWjuVjAt5KuELHWs4AHgvNMWqxSk22xA%2Bm6XxCf8icPYpmX5OzTngFwkMkYMtD
26-1056,SS62HF,SNORKEL SUITS NISS PATROL Y62,https://alrimaya.com/image/catalog/product/2382/safari4-1-352x332-2382-thumb.jpg
26-1057,K3560,Y62 BAR ONLY TWIN PIVOT,https://kaymar.com.au/ImagesCust/imagesdb/product/8BD67C59-30B5-4917-81E4-B127DDE95F47.jpg
26-1058,KITY62RJCD,KIT Y62 LHS DJC RHS WC TO 5/17صدام باترول خلفي مع,https://imageapi.partsb2.com.au/api/Image?urlId=elwj6zbvi1i5KAepy31BALW1VKPBCG7w55mkBNAXiNeB%2F7qmCCRO3FJcS0oQWIbj
26-106,OMEU59B,OME U BOLT WASHER & NUT,https://imageapi.partsb2.com.au/api/Image?urlId=Q2tWjuVjAt5KuELHWs4AHklrXfHDm9PIWEBvZXGb%2BwHcMFMsDnLtLpCmC9Z%2FWv%2FK
26-1064,OMESB103,BUSH KIT SHACKLE,https://imageapi.partsb2.com.au/api/Image?urlId=Q2tWjuVjAt5KuELHWs4AHswfBpeEZI4uUOx5M0fghhC1vlwwsuF8%2FOsZqGUeoyeE
26-1065,3727010,F/KIT R/RACK Y62 PATROL,https://eadn-wc01-10410440.nxedge.io/cdn/media/catalog/product/cache/1/image/650x/040ec09b1e35df139433887a97daa66f/a/r/arb3720110_7.jpg
26-1066,RD131,AIRLOCKER IFS 50MM BRNG 30 SPL,https://imageapi.partsb2.com.au/api/Image?urlId=MhIPrJ%2FyAjjLx22BKBNw%2Bwt516dVlp%2BYTiDTKETJYKSUEFjBeKQnvD4O0Da9%2FnAN
26-1067,RD244,AIRLOCKER DANA M200 29SPL,https://imageapi.partsb2.com.au/api/Image?urlId=MhIPrJ%2FyAjjLx22BKBNw%2B5yb7gEmWR%2F%2BGKI19qJxopUbG%2F8ybUEPsNFbUE%2FUgXrc
26-1068,RD245,AIRLOCKER JEEP JL SAHARA M220,https://imageapi.partsb2.com.au/api/Image?urlId=MhIPrJ%2FyAjjLx22BKBNw%2B6DeAhRGC0h6tjPy3Z4iu6odGIdwxEivVZWLganL6kFr
26-1069,3512080,BRKT CKMA LC76/8/9 07ON,https://imageapi.partsb2.com.au/api/Image?urlId=MhIPrJ%2FyAjjLx22BKBNw%2B8FfGIB16QdJHJyXtqM%2FA3riRlmW9d4u0SrExHtS1cmZ
26-107,OMEU63,OME U BOLT WASHER & NUT,https://static.summitracing.com/global/images/prod/xlarge/emu-omeu63_ef_xl.jpg
26-1070,3515130,BRKT CKSA/CKMA/CKMTA,https://imageapi.partsb2.com.au/api/Image?urlId=MhIPrJ%2FyAjjLx22BKBNw%2B9sQ8s%2FfZ6EP0CxA%2FkonWYd6e%2FAf2a9H4dojsIty8lQ2&quot;
26-1071,60125,SPORT SHOCK JEEP WK2,https://alrimaya.com/image/catalog/product/4333/fdff87e10d77a__27782-4333-thumb.jpg
26-1072,60150,SPORT SHOCK F,https://alrimaya.com/image/catalog/product/2883/Shock%20Absorbers-2883-thumb.jpg
26-1073,60151,SPORT SHOCK R,https://alrimaya.com/image/catalog/product/2885/Shock%20Absorbers-2885-thumb.jpg
26-1074,FK50,STEER STAB MNT KIT,https://alrimaya.com/image/catalog/product/2839/FK50-min-2839-thumb.jpg
26-1075,FK53,CASTOR CORRECTION KIT,https://www.desertrat.com/images/F154311649.jpeg
26-1076,FK92,BUMP STOP KIT,https://imageapi.partsb2.com.au/api/Image?urlId=Q2tWjuVjAt5KuELHWs4AHndlhEcpKTZFeAbfXFar8dn2qWhp8HL13iq5pUFTzLHx
26-1077,740111,HOSE COUPLING US STD JIC-4 1PK - 740111,https://alrimaya.com/image/catalog/product/4273/41CavUNq5iL-4273-thumb.jpg
26-1078,RWR100W,"REVO 10,000LB WIRE ROPE WINCH",https://bushranger.com.au/wp-content/webp-express/webp-images/uploads/2020/07/RWR100W_v3.jpg.webp
26-1079,FK93,SWAY BAR LINK KIT,https://alrimaya.com/image/catalog/product/4255/61ABmlRc3ML-4255-thumb.jpg
26-108,OMEU60,OME U BOLT WASHER & NUT,https://imageapi.partsb2.com.au/api/Image?urlId=Q2tWjuVjAt5KuELHWs4AHpHxuFkidwa2eAjiZDj8T3k9joDC2IoxiMY3p920puXr
26-1080,LCAJLFR,FRONT LOWER ARM ADJ,https://alrimaya.com/image/catalog/product/4247/0907020ffcb36__89552-4247-thumb.jpg
26-1081,RD215,AIRLOCKER H260 37 SPL,https://alrimaya.com/image/catalog/product/4403/RD245_v1__03806-4403-thumb.jpg
26-1082,2704,COIL LC 200 SER-FRONT-(L),https://alrimaya.com/image/catalog/product/2541/26-442-2541-thumb.jpg
26-1083,2705,COIL LC 200 SER-FRONT-(L),https://alrimaya.com/image/catalog/product/2595/26-442-2595-thumb.jpg
26-1084,3700200,ARB AWNING BRKT UNIVERSAL (3),https://imageapi.partsb2.com.au/api/Image?urlId=MhIPrJ%2FyAjjLx22BKBNw%2BzSx%2FpXRNSzU7tVq5lQrz74HC3AR7Qo%2B0iagnuzTQAUl&quot;
26-1085,3089,COIL MUX R 200KG (L),https://alrimaya.com/image/catalog/product/2855/26-442-2855-thumb.jpg
26-1086,951,ARB FUEL CONTAINER 20L YELLOW PLASTIC,https://m.media-amazon.com/images/I/51Kt1dDClKL._AC_SL1000_.jpg
26-1087,2985,COIL GU VHD-REAR-(L),https://alrimaya.com/image/catalog/product/2644/26-442-2644-thumb.jpg
26-1088,3118,COIL SPRING WK2 FRONT,https://alrimaya.com/image/catalog/product/2888/26-442-2888-thumb.jpg
26-1089,3074,COIL SPRING WK2 R MEDIUM,https://alrimaya.com/image/catalog/product/2890/26-442-2890-thumb.jpg
26-109,FK18,F/KIT SWAYBAR EXT BKT,https://cdn11.bigcommerce.com/s-fkyl20gecc/images/stencil/600x600/products/491645/1941324/43769271d0c6764336f293dd62a67b9e__79592.1668722456.JPG?c=2
26-1090,3060,COIL JEEP WK2 R,https://alrimaya.com/image/catalog/product/2891/26-442-2891-thumb.jpg
26-1091,2616,COIL JEEP JK-FRONT,https://alrimaya.com/image/catalog/product/2864/26-442-2864-thumb.jpg
26-1092,3133,COIL FRONT,https://alrimaya.com/image/catalog/product/4350/194643a6ad9f9__31556-4350-thumb.jpg
26-1093,3134,COIL FRONT,https://alrimaya.com/image/catalog/product/2882/26-442-2882-thumb.jpg
26-1094,3136,COIL REAR,https://alrimaya.com/image/catalog/product/4346/07e2794ff2c6b__90719-4346-thumb.jpg
26-1095,3137,COIL REAR,https://alrimaya.com/image/catalog/product/2884/26-442-2884-thumb.jpg
26-1096,1060001,JACK - HYDRAULIC LONG TRAVEL,https://alrimaya.com/image/catalog/product/3097/45018-1060001-arb-hydraulic-jack-min-3097-thumb.jpg
26-1097,3550210,KIT CKSA/CKMA/CKMTA,https://alrimaya.com/image/catalog/product/4278/s-l1600-4278-thumb.jpg
26-1098,3550220,MOUNT KIT CKSA/CKMA/CKMTA,https://alrimaya.com/image/catalog/product/3022/26-1098-min-3022-thumb.jpeg
26-1099,10100390,ARB CARGO SWAG BAG DOUBLE - 10100390,https://cdn.devon4x4.com/media/catalog/product/cache/1/image/650x/040ec09b1e35df139433887a97daa66f/1/0/10100390_5.jpg
26-110,295PF5,PACKER PRADO FRONT 5MM 26/110,https://www.toyteclifts.com/media/amasty/webp/catalog/product/cache/706d308c7ab713cdff03fe9141ac8bf5/o/m/ome_trim_packer_4b4b84353b771_jpg.webp
26-1100,10100370,COOLER BAG,"https://static.wixstatic.com/media/1468af_b756706afd9843748d1c63705a75ecbd~mv2.jpg/v1/fill/w_550,h_367,al_c,q_85/1468af_b756706afd9843748d1c63705a75ecbd~mv2.jpg"
26-1101,3500480,ARB WIRING LOOM V2,https://alrimaya.com/image/catalog/product/4186/f1c536d96577a__67748-4186-thumb.jpg
26-1102,803103,ARB SIMPSON TENT W/ ANNEX,https://alrimaya.com/image/catalog/product/3191/26-1102-3191-thumb.jpg
26-1103,813208,2000X2500 DLX AWN ROOM W/FLOOR,https://imageapi.partsb2.com.au/api/Image?urlId=MhIPrJ%2FyAjjLx22BKBNw%2B0EQdC4q3FhwjsryWEBP2cYL5qEhRNyA%2FWgMfXgfpbuL
26-1104,814105,ARB AWNING LIGHT 2500 X 2500,https://alrimaya.com/image/catalog/product/2704/814105_428c396a-cad2-4e09-a178-f9e4f3d3c908_600x-min-2704-thumb.jpg
26-1105,814205,ARB AWNING LIGHT 2000 X 2500,https://alrimaya.com/image/catalog/product/2705/814105_428c396a-cad2-4e09-a178-f9e4f3d3c908_600x-min-2705-thumb.jpg
26-1106,814401,ARB AWNING KIT LIGHT 2000X2500,https://alrimaya.com/image/catalog/product/2706/P_G_10060777_08819-min-2706-thumb.jpg
26-1107,AR21FV2,ARB INTENSITY V2 21 LED FLOOD,https://alrimaya.com/image/catalog/product/4188/cd10aa8bf10ea__85073__70613-4188-thumb.jpg
26-1108,AR21SV2,ARB INTENSITY V2 21 LED SPOT,https://alrimaya.com/image/catalog/product/4187/cd10aa8bf10ea__85073__70613-4187-thumb.jpg
26-1109,AR32FV2,ARB INTENSITY V2 32 LED FLOOD,https://alrimaya.com/image/catalog/product/4157/intensity-min-4157-thumb.jpg
26-111,TP01,TRIM PACKER,https://imageapi.partsb2.com.au/api/Image?urlId=Q2tWjuVjAt5KuELHWs4AHue3fEUMLJxgVSoHxBXK3MWHeht3G%2FPnFnfeWSAVEGgB&quot;
26-1110,AR32SV2,ARB INTENSITY V2 32 LED SPOT,https://alrimaya.com/image/catalog/product/4185/intensity-4185-thumb.jpg
26-1111,RD121,AIRLOCKER 30SPL 3.73&DN,https://alrimaya.com/image/catalog/product/4407/RD245_v1__03806-4407-thumb.jpg
26-1112,RD193,AIRLOCKER REAR,https://imageapi.partsb2.com.au/api/Image?urlId=MhIPrJ%2FyAjjLx22BKBNw%2B9CwTs94lFTLdoiYpB%2BOER3X4c8TnJJMJh0DBwhybWXG
26-1113,CKSA12,COMPRESSOR KIT SMALL AIR,https://alrimaya.com/image/catalog/product/4025/26-1113-4025-thumb.jpg
26-1114,813407,AWNING BKT QUICK RELEASE KIT3,https://alrimaya.com/image/catalog/product/2698/61sJnSfEPzL._SL1106_-min-2698-thumb.jpg
26-1115,813409,AWNING BKT QUICK RELEASE KIT5,https://alrimaya.com/image/catalog/product/2699/26-1115-1-min-2699-thumb.jpg
26-1116,90035,SPORT STRUT JEEP WK2 LH,https://alrimaya.com/image/cache/catalog/product/4338/5fc56a7f64850__49184-4338-thumb-800x800.jpg
26-1117,90036,SPORT STRUT JEEP WK2 RH,https://alrimaya.com/image/cache/catalog/product/4338/5fc56a7f64850__49184-4338-thumb-800x800.jpg
26-1118,950,ARB FUEL CONT 20L RED PLASTIC,https://i.ibb.co/k1gpyD2/22-1118-2-Large.jpg
26-1119,3501010,UNIVERSAL COMPRESSOR BRACKET,https://alrimaya.com/image/catalog/product/4272/Untitled-1-4272-thumb.jpg
26-112,FK08,OME ANTI INVERSION KIT,https://www.suspensionlifts.com/wp-content/webp-express/webp-images/uploads/2018/06/ARB-FK08-2xAnti-Inversion-Plate-For-Toyota-Landcruiser-40-60-70-75-Nissan-Patrol.jpg.webp
26-1120,5700070,REV LIGHT KIT 2 W/CARRIERS,https://www.desertrat.com/images/F154306213.jpeg
26-1121,5700252,RH RWC SUITS LC100/LC200/GU,https://imageapi.partsb2.com.au/api/Image?urlId=MhIPrJ%2FyAjjLx22BKBNw%2B%2BDPWEzsURznqqologi7742zMlNWcZGbpZFTJBHdbJld
26-1122,814406,ARB AWNING W/ LIGHT 2000X2500,https://imageapi.partsb2.com.au/api/Image?urlId=MhIPrJ%2FyAjjLx22BKBNw%2B%2BoTROQicioV6j3rXQzScpcZcRcrBZ8732SPa5AUL0ik
26-1123,814408,ARB ALUM AWNING W/ LIGHT 2500X2500,https://imageapi.partsb2.com.au/api/Image?urlId=MhIPrJ%2FyAjjLx22BKBNw%2BxBSpgsonZLfhTsCWrA5rQtaLWKx7zqBWxPodP36CwWn
26-1124,10900042,TRANSIT BAG CLASSIC FRIDGE 35L,https://alrimaya.com/image/catalog/product/2550/26-1124-min-2550-thumb.jpg
26-1125,740113,HOSE COUPLING DUST CAP IPK,https://alrimaya.com/image/catalog/product/2333/26-1125%20(1)-min-2333-thumb.jpg
26-1126,217086,ARB CAMPER MUG,https://alrimaya.com/image/catalog/product/2323/22-1126%20(1)-min-2323-thumb.jpg
26-1127,ARB2016,ARB BOW SHACKLE 25MM 8.5T,https://alrimaya.com/image/catalog/product/2331/26-1127-min-2331-thumb.jpg
26-1128,ARB4206,ARB TOASTIE BRANDER,https://alrimaya.com/image/catalog/product/2332/26-1128 (2)-min-2332-thumb.jpg
26-1129,1157,JERRY CAN 2 STROKE GREY 20LTR,https://alrimaya.com/image/catalog/product/2458/26-1129%20(2)-min-2458-thumb.jpg
26-113,FK15,ANTI INV PLATE RR,https://www.desertrat.com/images/F154311608.jpeg
26-1130,3700110,F/KIT R/RACK H1 SUITS GU/76(4),https://mudify.com/cdn/shop/products/4_4ed8a875-bc22-4140-9cad-193b45bce71a.jpg?v=1628524529&width=1445
26-1131,3415210,COMM COMBAR 200 SER GX/GXL,https://alrimaya.com/image/catalog/product/3620/F146334528-3620-thumb.jpg
26-1132,3450260,COMBAR TXTD JK 07ON,https://alrimaya.com/image/catalog/product/3621/3450260_ARB-Combination-winchbar-for-Wrangler-JK-07-in-black-textured_01-3621-thumb.jpg
26-1133,5100090,SAHARA TUBE,https://www.4x4proyect.com/images/arb/ARB-5100090.jpg
26-1134,5100300,SAHARA TUBE SUITS LC200 MY16,https://static.summitracing.com/global/images/prod/xlarge/arb-5100300_xl.jpg
26-1135,3800150,RACK A GU 1250x1020,https://imageapi.partsb2.com.au/api/Image?urlId=MhIPrJ%2FyAjjLx22BKBNw%2B%2FyZcsjJX3uZ0i11lvhVnxICZgMhmNFwGuT2frVw%2BVgE
26-1136,171601,AIR TANK IN DISPLAY CTN 4L 2,"https://alrimaya.com/image/catalog/product/4164/615GrtCNz+L._AC_UF894,1000_QL80_-4164-thumb.jpg"
26-1137,217321,DIFF COVER KEY RING,https://alrimaya.com/image/catalog/product/2334/26-1137-min-2334-thumb.jpg
26-1138,AR10SB,COVER SOLID BLACK AR21,https://cdn11.bigcommerce.com/s-fkyl20gecc/images/stencil/600x600/products/20889/94722/0b67caa3d2b039dd25edaf1efc146bb7__10119.1650602001.JPG?c=2
26-1139,2925,COIL JEEP KJ F(L),https://imageapi.partsb2.com.au/api/Image?urlId=Q2tWjuVjAt5KuELHWs4AHuFovE1UHheRSgy02xG9TlPJP%2BPzazWd66yQJmypxjBo
26-114,XJGK01,GEARBOX PACKER KIT,https://vitesse-ltd.co.uk/wp-content/uploads/2023/03/XJGK01.jpg
26-1140,2947,COIL JEEP KJ R(L),https://cdn11.bigcommerce.com/s-jobx3e0qy/images/stencil/1280x1280/products/245815/13588380/d0e025ac7facbb62cb2cf6ac07e9ed14__27678.1669770046.jpg?c=2
26-1141,RD232,AIRLOCKER 32 SPL,https://alrimaya.com/image/catalog/product/4404/RD245_v1__03806-4404-thumb.jpg
26-1142,3163082,KIT SURROUND ARB FOGLIGHT,https://alrimaya.com/image/catalog/product/5625/26-1142-5625-thumb.jpg
26-1143,10801356,FRIDGE 35L CLASSIC SERIES 2,https://alrimaya.com/image/cache/catalog/product/2540/26-1143%20(1)-min-2540-thumb-600x600.jpg
26-1144,10801476,FRIDGE 47L CLASSIC SERIES 2,https://alrimaya.com/image/catalog/product/2377/26-1144-min-2377-thumb.jpg
26-1145,10801606,FRIDGE 60L CLASSIC SERIES 2,https://alrimaya.com/image/catalog/product/2378/26-1145-min-2378-thumb.jpg
26-1146,10801786#,FRIDGE 78L CLASSIC SERIES 2,https://alrimaya.com/image/catalog/product/2376/26-1146-min-2376-thumb.jpg
26-1147,RD154,Air Locker 31 SPL LIVE AXLE - RD154,https://imageapi.partsb2.com.au/api/Image?urlId=MhIPrJ%2FyAjjLx22BKBNw%2B1I%2F3J2L4vQjkugAgSBUtmxk57JfiwwrqCHq2g3ZDqql
26-1148,813402,AWNING BKT 50MM WITH GUSSET - 813402,https://alrimaya.com/image/catalog/product/2700/26-1148_-min-2700-thumb.jpg
26-1149,3914530,SAHARA BUMPER HILUX WB - 3914530,https://alrimaya.com/image/catalog/product/3622/F146334633-3622-thumb.jpg
26-115,OMECA77B,CASTER KIT,https://imageapi.partsb2.com.au/api/Image?urlId=Q2tWjuVjAt5KuELHWs4AHi36TuoFssINjbpQc3gGxY0lfrZBNHkPIKWDwOK1yDo9&quot;
26-1150,5414200,UVP HILUX/FORTUNER 15ON - 5414200,https://alrimaya.com/image/catalog/product/4214/2491d734be134__58590-4214-thumb.jpg
26-1151,N168,OME SHOCK HILUX O5ON-R - N168,https://alrimaya.com/image/cache/catalog/product/2784/26-1151-main-2784-thumb-800x800.jpg
26-1152,60076,SPORT SHOCK MITS SPORT WAGON - 60076,https://alrimaya.com/image/catalog/product/4331/F154310650-4331-thumb.jpeg
26-1153,60138,SPORT SHOCK TRITON 2015ON - 60138,https://alrimaya.com/image/catalog/product/4337/F154310707-4337-thumb.jpeg
26-1154,60154,SPORT SHOCK FRONT - 60154,https://alrimaya.com/image/catalog/product/3116/26-492-2645-thumb-3116-thumb.jpg
26-1155,60155,SPORT SHOCK REAR - 60155,https://alrimaya.com/image/catalog/product/3117/26-492-2645-thumb-3117-thumb.jpg
26-1156,90023,SPORT STRUT DMAX/COLORADO F - 90023,https://alrimaya.com/image/catalog/product/4335/F154310762-4335-thumb.jpeg
26-1157,90031,SPORT STRUT TRITON 2015ON - 90031,https://www.xtreme4x4.me/cdn/shop/products/xtreme-4x4-arb-default-title-90031-triton-l200-mr-mq-front-ome-strut-nitrocharger-shock-absorber-90031-29361581391981.png?v=1680119136
26-1158,FK97,HEADLIGHT SENSOR KIT - FK97,https://cdn.shopify.com/s/files/1/0559/6944/8111/products/OM-FK97-C_1024x1024.jpg?v=1660293597
26-1159,10900043,TRANSIT BAG CLASSIC FRIDGE 47L - 10900043,https://alrimaya.com/image/catalog/product/2551/26-1159-5-min-2551-thumb.jpg
26-116,OMESB1,BUSH KIT 35MM,https://imageapi.partsb2.com.au/api/Image?urlId=Q2tWjuVjAt5KuELHWs4AHiUetWpzGnZaxi1wfhZ%2FnDNwnkXh7CQzevtw%2BdPdiziB
26-1160,10900044,TRANSIT BAG CLASSIC FRIDGE 60L - 10900044,https://alrimaya.com/image/catalog/product/2552/26-1160-1-min-2552-thumb.jpg
26-1161,814106,ARB ALUM AWN LIGHT 2500 X 2500 - 814106,https://www.distribucionesmarver.es/tienda/imagenes_catalogo/P_G_10061174_10286.jpg
26-1162,EL080R,SPRING TOY 78/79 SERIES R - EL080R,https://alrimaya.com/image/catalog/product/2823/ome-rear-leaf-springs-medium-toyota-2823-thumb.jpg
26-1163,CS035RA,SPRING JEEP XJ -HD-R - CS035RA,https://imageapi.partsb2.com.au/api/Image?urlId=Q2tWjuVjAt5KuELHWs4AHvjQdK7YmvsnG5cY0AIDhYrQOTFz4N%2F4BBnrpWhxtvjl
26-1164,CS035RB,SPRING JEEP XJ-HD-R - CS035RB,https://imageapi.partsb2.com.au/api/Image?urlId=Q2tWjuVjAt5KuELHWs4AHmZQQRB99ayMzL6TVqcBMJP%2BfbcwuLd3jFW%2FEpbCF0%2Fr
26-1165,OMETH001,TOP HAT - OMETH001,https://www.desertrat.com/images/F154312024.jpeg
26-1166,10900041,FRIDGE APP CONNECT MODULE,https://alrimaya.com/image/catalog/product/4036/26-1166-4036-thumb.jpg
26-1167,2910,COIL PAJ LWB REAR(L),https://imageapi.partsb2.com.au/api/Image?urlId=Q2tWjuVjAt5KuELHWs4AHphOEuJer4R7dTaRmXZgsx9EgpKTTadE5brb%2FTkY%2BHVR
26-1168,3102,COIL TRITON FRONT(L),https://alrimaya.com/image/catalog/product/4384/d73e46d96b21f03788f422d12aefcff2__18874-4384-thumb.jpg
26-1169,3144,COIL SPRING (PAIR) FRONT,https://alrimaya.com/image/catalog/product/3114/coil-3114-thumb.jpg
26-117,OMESB16,BUSH KIT R,https://www.desertrat.com/images/F154311926.jpeg
26-1170,3145,COIL SPRING (PAIR) FRONT,https://alrimaya.com/image/catalog/product/4345/2969_v2__87926-4345-thumb.jpg
26-1171,3146,COIL SPRING (PAIR) REAR,https://alrimaya.com/image/catalog/product/3115/coil-3115-thumb.jpg
26-1172,10500130,ARB CAMP FOLDING TABLE,https://alrimaya.com/image/catalog/product/3303/10500130-3303-thumb.jpg
26-1173,170305SP,SP HOSE ASSY TANK INPUT(270),https://i.ibb.co/KGjvpDy/26-1173.jpg
26-1174,2895E,COIL PRADO SWB 4/03 ON-R-,https://alrimaya.com/image/catalog/product/2758/26-442-2758-thumb.jpg
26-1175,320109,ASSY CKMTP12 COVER,https://i.ibb.co/zP2W10v/26-1175.jpg
26-1176,320110,ASSY CKMTA COVER,https://i.ibb.co/vv0qhXw/26-1176.jpg
26-1178,3412510,W/BAR LC79 9/16ON 60.3MM,https://4x4max.ru/upload/iblock/1be/yazoxm332dpe2ulerfuqc6l8vjjm1s00.jpg
26-1179,FK96,JIMNY PAN HARD AND BUMP STOP,https://alrimaya.com/image/catalog/product/4253/Image-79-4253-thumb.jpg
26-118,OMESB43,BUSH KIT RIFS,https://imageapi.partsb2.com.au/api/Image?urlId=Q2tWjuVjAt5KuELHWs4AHtN7y3xjcBKJO0syhdm%2FEIyim6ZhatCDWCQBSXWcGtQx
26-1180,OMECA001,CASTER KIT,https://mudify.com/cdn/shop/products/345c24ea508fd0448934b452e23fdefb_1024x1024.png?v=1662321954
26-1181,TAD105,TANK DIESEL MUX 14ON 112L,https://alrimaya.com/image/cache/catalog/product/4429/1051-4429-thumb-800x800.JPG
26-1182,TAD118,TANK DIESEL COL DMX12+,https://alrimaya.com/image/cache/catalog/product/4430/1181-4430-thumb-800x800.JPG
26-1183,170306SP,SP HOSE ASSY TANK OUTPUT(190),https://files.ekmcdn.com/landypartuk/images/170306sp-58533-p.jpg?v=688FD930-E0D3-48EE-BF4D-877B6C07E9ED
26-1184,200715,SCREW CSK SOCK-HD M6X16,https://i.ibb.co/YcdH5pV/26-1184.jpg
26-1185,320214,COMPRESSOR MANIFOLD CAP CKM,https://i.ibb.co/ctjYjnn/26-1185.jpg
26-1186,OME3121,UPPER STRUT BUSH,https://imageapi.partsb2.com.au/api/Image?urlId=Q2tWjuVjAt5KuELHWs4AHpRF7JQjoU4W5w46xlkEdS9gBcnC4hXBCmyCl8xTiLA1&quot;
26-1187,740101,ADAPTER 1/4 NPT(M) JIC4(M) 2PK,https://alrimaya.com/image/catalog/product/4286/bd881c52b1a45__41102-4286-thumb.jpg
26-1188,740102,ADAPTER JIC4(M) JIC4(M) 2PK - 0740102,https://alrimaya.com/image/catalog/product/3540/arb0740102_1-3540-thumb.jpg
26-1189,740103,ADAPTER JIC4(M) TEE 2PK - 740103,https://imageapi.partsb2.com.au/api/Image?urlId=MhIPrJ%2FyAjjLx22BKBNw%2BzZR9UoHL%2FaLeAsiUuOsh3DaNopXvahJJtGHWyUnXw%2BN&quot;
26-119,OMESB81,BUSH KIT R,https://www.desertrat.com/images/F154311957.jpeg
26-1190,740104,ELBOW JIC4(M) JIC4(F) 2PK,https://alrimaya.com/image/catalog/product/4283/c3570d0b33964__89760-4283-thumb.jpg
26-1191,740105,ADAPTER 1/8BSP(M) JIC4(M) 2PK - 740105,https://alrimaya.com/image/catalog/product/4293/46855488449bb__64736-4293-thumb.jpg
26-1192,740109,45 ELBOW JIC4(M) 1/4NPT (M) - 740109,https://alrimaya.com/image/catalog/product/4284/s-l500-1-1-4284-thumb.jpg
26-1193,740110,90 ELBOW JIC4(M) 1/4NPT(M),https://alrimaya.com/image/catalog/product/4287/6bad4fc492e29__12750-4287-thumb.jpg
26-1194,740201,HOSE REINFORCED JIC-4 0.3M 1PK,https://alrimaya.com/image/catalog/product/3544/F146332484-3544-thumb.jpg
26-1195,740203,HOSE REINFORCED JIC-4 1M 1PK,https://alrimaya.com/image/catalog/product/3538/arb0740203_1-3538-thumb.jpg
26-1196,740204,HOSE REINFORCED JI-4 1.5M 1PK,https://alrimaya.com/image/catalog/product/3542/arb0740204_1-3542-thumb.jpg
26-1197,740205,HOSE REINFORED JIC-4 2M 1PK,https://alrimaya.com/image/catalog/product/3541/M146332489-3541-thumb.jpg
26-1198,740206,HOSE REINFORCED JIC-4 3M 1PK,https://alrimaya.com/image/catalog/product/3539/M146332489-3539-thumb.jpg
26-1199,10100111,JACKBASE ,https://alrimaya.com/image/catalog/product/4209/8a1191183787c__71050-4209-thumb.jpg
26-120,OMESB82,BUSH KIT R,https://imageapi.partsb2.com.au/api/Image?urlId=Q2tWjuVjAt5KuELHWs4AHtTvvekJfi4Y1CnWNBDhIsXQr55TNJtfjNzba1%2BTbPVj&quot;
26-1200,RD222,AIR LOKER 30 SPL,https://imageapi.partsb2.com.au/api/Image?urlId=MhIPrJ%2FyAjjLx22BKBNw%2B0LHTRdicTiUZytUU5KRaBDZVlRD64xqzq36vVnmZ7Mt
26-1201,5615040,REAR BAR 200SER/5615040,https://imageapi.partsb2.com.au/api/Image?urlId=MhIPrJ%2FyAjjLx22BKBNw%2B05ZnpzTC7M5%2BH1r1OSAvjlGml860yAL7De%2BHJlY%2FVw3
26-1202,5650400,REAR BAR SUIT JL/5650400,https://imageapi.partsb2.com.au/api/Image?urlId=MhIPrJ%2FyAjjLx22BKBNw%2Bzsyi6R%2F0o4qSmbiYZ5T7UAYPR4phGMgmtLpH%2FY2n0WT
26-1203,5700261,LH JCH SUITS LC100/LC200/GU/5700261,https://partshawk.com/media/catalog/product/cache/82e3c9b9319a7f31380c6713e41312fc/5/7/5700211_12_A.jpg
26-1204,SS41HF,SNORKEL VSPEC MITS PAJERO/SS41HF,https://www.4x4modsaustralia.com.au/assets/full/SS41HF.jpg?20210309033654
26-1205,770001,BEARING PULLER/770001,https://static.summitracing.com/global/images/prod/xlarge/arb-0770001_xl.jpg
26-1206,60116,SPORT SHOCK DMAX/COLORADO R/60116,https://i.ibb.co/ymD0qndb/26-1206.jpg
26-1207,BSS10TE,BLACK SNAKE 10M8t RECOV STRAP/BSS10TE,https://alrimaya.com/image/catalog/product/3158/26-1207-1-3158-thumb.jpeg
26-1208,ARB-4344,ARB UTILITY CASE/ARB-4344,https://alrimaya.com/image/catalog/product/3547/UtilityOpen-3547-thumb.jpg
26-1209,813102,2500 WIND BREAK - FRONT / 813102,https://alrimaya.com/image/catalog/product/2680/26-830-1-min-2680-thumb.jpg
26-121,OMESB37,SPRING BRUSH KIT-R-MITS M 26/121,https://cdn11.bigcommerce.com/s-wg9nennc1z/images/stencil/2000x2000/products/13245/13143672/old-man-emu-leaf-spring-bushing-kit-omesb93__62723.1751793210.jpg?c=1
26-1210,5620020,REAR BUMPER AUS SPEC FJ/5620020,https://imageapi.partsb2.com.au/api/Image?urlId=MhIPrJ%2FyAjjLx22BKBNw%2B8CfVRFdaTxSIkL%2BOraUjQ8b9XzvTsYsYiMPm%2BOmdaLO
26-1211,3800020M,ROOFRACK 1850X1250 W/MESH/3800020M,https://imageapi.partsb2.com.au/api/Image?urlId=MhIPrJ%2FyAjjLx22BKBNw%2BzqRR6rX4%2FkicDqKB3xEqLri9CW9qc297TL5Gp8oDdtw&quot;
26-1212,3800160,RACK CAGE B 78/9 1250x1020MM/3800160,https://w24cdn.cz/www.escape4x4.cz/_/1200x800-0-1-0-0/product/product_18566/06b6985069d8b51c0d291d992801360e.jpg?5
26-1213,3800180,ROOFRACK FLAT 1330X1250/3800180,https://static.summitracing.com/global/images/prod/xlarge/arb-4913020m_xl.jpg
26-1214,3088,COIL MUX R MED(L) / 3088,https://alrimaya.com/image/catalog/product/2854/26-442-2854-thumb.jpg
26-1215,3163,COIL SPRING | DODGE RAM F / 3163,https://alrimaya.com/image/catalog/product/4361/e15ba19284696__80810-4361-thumb.jpg
26-1216,3164,COIL SPRING | DODGE RAM F / 3164,https://alrimaya.com/image/catalog/product/4360/e15ba19284696__80810-4360-thumb.jpg
26-1217,3167,COIL SPRING | DODGE RAM R/ 3167,https://alrimaya.com/image/catalog/product/4362/3167-4362-thumb.jpg
26-1218,3168,COIL SPRING | DODGE RAM R/ 3168,https://alrimaya.com/image/catalog/product/4363/3167-4363-thumb.jpg
26-1219,3169,COIL SPRING | DODGE RAM R/ 3169,https://alrimaya.com/image/catalog/product/4365/3167-4365-thumb.jpg
26-122,CALR2,CASTER KIT LATE,https://www.desertrat.com/images/F154311113.jpeg
26-1220,3500890,ARB LED FOG LIGHT KIT - SML / 3500890,https://m.media-amazon.com/images/I/51U0LMHeMyL._AC_SL1000_.jpg
26-1221,SS89HPE,SNORKEL ARMAX SUITS TOY URL200/SS89HPE,https://cdn11.bigcommerce.com/s-jobx3e0qy/images/stencil/1280x1280/products/226972/13630430/arbtoyotalandcruiser200series0518620yeled__89378.1669771284.jpg?c=2
26-1222,7450116,LINX TPMS COMMS BOX/7450116,https://m.media-amazon.com/images/I/61njWTst8oL._AC_SL1500_.jpg
26-1223,AR40S,40LED LIGHT BAR SPOT/AR40S,https://alrimaya.com/image/catalog/product/4241/AR40CV2-Lightbar-1-4241-thumb.jpg
26-1224,AR11TR,COVER RED AR40/AR11TR,"https://images.northridge4x4.com/image/private/s--DadKhytd--/f_auto,t_auto_product_nr/v1636148795/product_images/p8xw3ylb28rvw2mlt3hu"
26-1225,813405,AWNING BKT QUICK RELEASE KIT1/813405,https://alrimaya.com/image/catalog/product/2701/s-l500-min-2701-thumb.jpg
26-1226,NHW20VLI,NIGHT HAWK VLI SERIES/NHW20VLI,https://m.media-amazon.com/images/I/61MbGWzn81L._AC_SL1200_.jpg
26-1227,NHX230VLI,"NIGHT HAWK 9"" VLI SERIES LED/NHX230VLI",https://imageapi.partsb2.com.au/api/Image?urlId=XIUK8pSeT%2F9sHy5b5SRPp99bVlWZqk64V41IKjkg2aTb27yRtfFN9m%2FgYN4u0bTi&quot;
26-1228,813401,AWNING BKT 'L' GALVANISED/813401,https://alrimaya.com/image/catalog/product/2702/F148650630-min-2702-thumb.jpg
26-1229,SF02A,SAFETY FLAGS 3M (NEW/SF02A,https://alrimaya.com/image/catalog/product/4163/SF02A_v1-4163-thumb.jpg
26-1231,1770040,ARB BASERACK 2125X1285,https://alrimaya.com/image/catalog/product/3028/26-1231%20(1)-min-3028-thumb.jpg
26-1232,1770030,ARB BASERACK 1835X1285 / 1770030,https://alrimaya.com/image/catalog/product/3029/26-1232%20(1)-min-3029-thumb.jpg
26-1233,1770020,ARB BASERACK 1545X1285 / 1770020,https://alrimaya.com/image/catalog/product/3030/26-1233%20(4)-min-3030-thumb.jpg
26-1234,1770070,ARB BASERACK 1255X1285 / 1770070,https://alrimaya.com/image/catalog/product/3031/26-1234%20(2)-min-3031-thumb.jpg
26-1235,17900020,BASERACK GUTTER 4 LEG KIT H1 / 17900020,https://alrimaya.com/image/catalog/product/3032/26-1235%20(1)-min-3032-thumb.jpg
26-1236,17900040,BASERACK GUTTER 4 LEG GU/76 H1 / 17900040,https://alrimaya.com/image/catalog/product/3033/26-1236%20(1)-min-3033-thumb.jpg
26-1237,17900030,BASERACK GUTTER 6 LEG GU/76 H1 / 17900030,https://imageapi.partsb2.com.au/api/Image?urlId=MhIPrJ%2FyAjjLx22BKBNw%2B3Ig8rpK1AsE8phw6sLieyo%2Fib2Zvm7bS4BPk59mlhuc
26-1238,1780100,GUARD RAIL FULL 2125X1285 / 1780100,https://cdn11.bigcommerce.com/s-wg9nennc1z/images/stencil/2000x2000/products/12574/13141079/arb-base-rack-full-rail-1780100__42127.1751789093.jpg?c=1
26-1239,1780130,GUARD RAIL TRADE 2125 LONG / 1780130,https://cdn11.bigcommerce.com/s-wg9nennc1z/images/stencil/2000x2000/products/12577/13141023/arb-base-rack-side-rails-1780130__55524.1751788954.jpg?c=1
26-1240,1780090,GUARD RAIL FULL 1835X1285 / 1780090,https://cdn11.bigcommerce.com/s-wg9nennc1z/images/stencil/2000x2000/products/12573/13144242/arb-base-rack-full-rail-1780090__73709.1758128230.jpg?c=1
26-1241,1780120,GUARD RAIL TRADE 1835 LONG / 1780120,https://imageapi.partsb2.com.au/api/Image?urlId=MhIPrJ%2FyAjjLx22BKBNw%2B%2BNJ3clRL%2Bn%2FD7gIc27%2FnykJdV8hg8mkL15MyFy9LnKa
26-1242,1780080,GUARD RAIL FULL 1545X1285 / 1780080,https://cdn11.bigcommerce.com/s-wg9nennc1z/images/stencil/2000x2000/products/12572/13140787/arb-base-rack-full-rail-1780080__96945.1758128250.jpg?c=1
26-1243,1780110,GUARD RAIL TRADE 1545 LONG / 1780110,https://cdn11.bigcommerce.com/s-wg9nennc1z/images/stencil/2000x2000/products/12575/13141026/arb-base-rack-side-rails-1780110__27107.1751788957.jpg?c=1
26-1244,1780200,BASERACK TIE DOWN (EYEBOLT X4) / 1780200,https://alrimaya.com/image/catalog/product/3039/26-1244%20(1)-min-3039-thumb.jpg
26-1245,1780230,BASERACK T-SLOT ADAPTOR (PAIR) / 1780230,https://alrimaya.com/image/catalog/product/3040/26-1245%20(2)-min-3040-thumb.jpg
26-1246,1780240,BASERACK AWNING BRACKET / 1780240,https://alrimaya.com/image/catalog/product/3041/26-1246%20(1)-min-3041-thumb.jpg
26-1247,1780250,BASERACK GAS BOTTLE HOLDER / 1780250,https://imageapi.partsb2.com.au/api/Image?urlId=MhIPrJ%2FyAjjLx22BKBNw%2BzW0DeOKu%2FSygCBtvFXqgPlAifE4QYgH0k8raTTVFMd2
26-1248,1780260,BASERACK AWNING BRKT QR / 1780260,https://alrimaya.com/image/catalog/product/3044/26-1248%20(4)-min-3044-thumb.jpg
26-1249,1780280,BASERACK HI-LIFT JACK HOLDER / 1780280,https://imageapi.partsb2.com.au/api/Image?urlId=MhIPrJ%2FyAjjLx22BKBNw%2B1RyF8422hVGLv068q7QTZe2FbTfpaTOyf22QheDB0F0
26-1250,1780290,BASERACK JACK HOLDER HI-LIFT / 1780290,https://imageapi.partsb2.com.au/api/Image?urlId=MhIPrJ%2FyAjjLx22BKBNw%2Bz7N2AjF%2BRI%2Bfi27gv3QcyOCw4XIvEinssEbQn0AI8iT
26-1251,1780310,BASERACK RECOVERY TRACK BRKT / 1780310,https://imageapi.partsb2.com.au/api/Image?urlId=MhIPrJ%2FyAjjLx22BKBNw%2By7xNTt68EqOd7s2TPyiGOaCYbrNc3vVrdyTCMZb%2BvGC
26-1252,1780320,JERRY CAN MNT SNGLE VERTICAL / 1780320,https://imageapi.partsb2.com.au/api/Image?urlId=MhIPrJ%2FyAjjLx22BKBNw%2B3xPItPS1OObPInlqX1EJfLfCCVmaJIqqkuuV8Jz45Eg&quot;
26-1253,1780330,JERRY CAN MNT SNGLE HORIZONTAL / 1780330,https://imageapi.partsb2.com.au/api/Image?urlId=MhIPrJ%2FyAjjLx22BKBNw%2B6OURrBiH%2FWm5BrUMrMxKlQiOAWFQWxc5dLcRxNjVBBz&quot;
26-1254,1780340,JERRY CAN MNT DBLE VERTICAL / 1780340,https://imageapi.partsb2.com.au/api/Image?urlId=MhIPrJ%2FyAjjLx22BKBNw%2B4acNXg1TFB%2FY%2B2eHP6bp7QCbhuY%2B%2BYgsloHYUi5uhAV&quot;
26-1255,1780350,JERRY CAN MNT DBLE HORIZONTAL / 1780350,https://imageapi.partsb2.com.au/api/Image?urlId=MhIPrJ%2FyAjjLx22BKBNw%2B3JgswGpt0G5dvR%2FfhrLsnegv%2BSxn08fElUupbtOlo%2BV
26-1256,SS79HPV,SNORKEL LC70 SERIES WIDENOSE/SS79HPV,https://alrimaya.com/image/catalog/product/4170/SS79HPV-4170-thumb.jpg
26-1257,17915030,BASERACK MNT SUIT LC200 1545/17915030,https://alrimaya.com/image/catalog/product/3035/26-1257-min-3035-thumb.jpg
26-1258,17915040,BASERACK DEFLECTOR LC200 2125/17915040,https://alrimaya.com/image/catalog/product/3521/26-1259%20(1)-min-3521-thumb.jpg
26-1259,17915060,BASERACK DEFLECTOR LC200 1545/17915060,https://alrimaya.com/image/catalog/product/3048/26-1259%20(1)-min-3048-thumb.jpg
26-126,ARB2014,ARB BOW SHACKLE 19MM 4.75T,https://alrimaya.com/image/catalog/26_22/26-126-(1).jpg
26-1260,60130,SPORT SHOCK MUX/COL7/60130,https://alrimaya.com/image/catalog/product/2856/Shock%20Absorbers-2856-thumb.jpg
26-1261,TAD106,TANK DIESEL 79 DUAL CAB 180L/TAD106,https://alrimaya.com/image/cache/catalog/product/4427/Untitled-1%20copy-4427-thumb-800x800.jpg
26-1262,3450450,BAR JL TXTD STUBBY EXPORT /3450450,https://cdn11.bigcommerce.com/s-wg9nennc1z/images/stencil/2000x2000/products/12555/13140847/arb-stubby-bumper-3450450__75214.1752167971.jpg?c=1
26-1263,BP5160042,SHOCK LC76/78/79 FRONT / BP5160042,https://alrimaya.com/image/catalog/product/3996/26-852-3996-thumb.jpg
26-1266,081803SP,SP SEAL HOUSING KIT / 081803SP,https://cdn11.bigcommerce.com/s-jobx3e0qy/images/stencil/1280x1280/products/261090/13578139/35035eaa4e43b88b35a4c55ba50e3c3a__61870.1669769796.jpg?c=2
26-1267,180103SP,SP NIPPLE SOLENOID ALU / 180103SP,https://cdn11.bigcommerce.com/s-jobx3e0qy/images/stencil/1280x1280/products/56994/13583681/180103sp_v1__77465.1669769934.jpg?c=2
26-1268,ARB501,ARB RECOVERY BAG LARGE / ARB501,https://m.media-amazon.com/images/I/81HozQC0j+L._AC_SL1500_.jpg
26-1269,VD31000003SP,SP SHAFT GUARD RETAINERS YEL / VD31000003SP,https://static.summitracing.com/global/images/prod/xlarge/emu-vd31000003sp_xl.jpg
26-1272,2731,COIL CHEROKEE / 2731,https://alrimaya.com/image/catalog/product/4396/2731-4396-thumb.jpg
26-1273,2927,COIL JEEP KJ F (L) / 2927,https://alrimaya.com/image/catalog/product/4398/2926-4398-thumb.jpg
26-1274,60024,SPORT SHOCK DISCOVERY II -F- / 60024,https://alrimaya.com/image/catalog/product/4326/a863760dbca46__51829-4326-thumb.jpg
26-1275,60025,SPORT SHOCK DISCOVERY  II -R- / 60025,https://alrimaya.com/image/catalog/product/4325/dd3896443cc0e__91453-4325-thumb.jpg
26-1276,10100112,HANDLE KEEPER JACK / 10100112,"https://img1.wsimg.com/isteam/ip/07a65bf9-cffd-4039-ab4f-4b6a1a25e988/ols/10100112%20ARB%20Jack%20Handle%20Keeper%2002.jpg/:/rs=w:1024,h:683"
26-1277,1780500,ARB SLIMINE ROOF RACK LIGHT / 1780500,https://imageapi.partsb2.com.au/api/Image?urlId=MhIPrJ%2FyAjjLx22BKBNw%2Bw1cHFtT76qJZzc6esd7QlJhzaYnRRdAH8ntIPwgvo3s
26-1278,AR11SB,COVER SOLID BLACK AR40 / AR11SB,https://www.xtreme4x4.me/cdn/shop/products/ThankyouYoutubeThumbnail_750x750px.png?v=1681111014
26-1279,815118,TENT MOUNT FIT KIT / 815118,https://cdn11.bigcommerce.com/s-jobx3e0qy/images/stencil/1280x1280/products/372378/13609357/815118_v1__81976.1669770687.jpg?c=2
26-1280,2812030,شنكار 8 طن 2812030,https://tds4x4.co.nz/wp-content/uploads/2022/11/2812030-ARB-Recovery-Point-Toyota-LC-1999.jpg
26-1281,3500050, قواعد ونش 3500050,https://cdn11.bigcommerce.com/s-jobx3e0qy/images/stencil/1280x1280/products/57219/13597067/3500050_a__14271.1669770291.jpg?c=2
26-1282,3501000,قواعد ونش 3501000,https://trundlesautomotive.co.nz/cdn/shop/files/3501000_watermarked2.jpg?v=1719798110
26-1283,4450230, دعاسات رانجلر 4 ابواب 4450230,https://alrimaya.com/image/catalog/product/4300/ARBJeepWrangler0513_0595__79932-4300-thumb.jpg
26-1284,4450240,دعاسات رانجلر جديد 4 ابواب 4450240,https://alrimaya.com/image/catalog/product/4305/93f3c71ce86de__04178-4305-thumb.jpg
26-1285,SS1066HF,سنوركل رانجلر,https://alrimaya.com/image/catalog/product/4223/ss1066hf_niwerhotybtcdhsm-4223-thumb.jpg
26-1286,0750009,جديد امامي غطاء دفرنس رانجلر,https://imageapi.partsb2.com.au/api/Image?urlId=MhIPrJ%2FyAjjLx22BKBNw%2B65OpmL%2BgNVuTnjnpO2R3n1ywCamF9sqJxQxWkVbBZX5
26-1287,0750010,جديد حلفي غطاء دفرنس رانجلر,https://imageapi.partsb2.com.au/api/Image?urlId=MhIPrJ%2FyAjjLx22BKBNw%2B1znWOR2BOVZf8MF9wtmx6DQNlUXav97gA8Mw5Z23qlK
26-1288,0740107,ADAPTER US STD (M) NPT (M) 2PK / 0740107,https://alrimaya.com/image/catalog/product/4292/64623e2dc3809__87526-4292-thumb.jpg
26-1289,0740109,45 ELBOW JIC4(M) JIC4(F) 2PK / 0740109,https://aus4wd.shop/wp-content/uploads/2020/08/s-l500-1-1.jpg
26-129,ARB203,HiLift HL485 48IN CAST BASE,https://alrimaya.com/image/catalog/26_22/26-129.jpg
26-1290,60064,SPORT SHOCK L/C 60 SER-R- 16MM / 60064,https://alrimaya.com/image/catalog/product/4279/0e365576e8d1b__83621-4279-thumb.jpg
26-1291,60164,SPORT SHOCK / 60164,https://alrimaya.com/image/catalog/product/4322/343ad8c893dd3__35250-4322-thumb.jpg
26-1292,90044,SPORT STRUT / 90044,https://alrimaya.com/image/catalog/product/4323/7586d8c656d87__15467-4323-thumb.jpg
26-1293,OMEGS8,GREASABLE SHACKLE L/C 15mm / OMEGS8,https://imageapi.partsb2.com.au/api/Image?urlId=Q2tWjuVjAt5KuELHWs4AHkIg8ewNc3fMuQTP8ttTzqeq64VI3oQILKkvc6a6zRpZ&quot;
26-1294,OMEGS9,GREASABLE SHACKLE L/C 15MM / OMEGS9,https://imageapi.partsb2.com.au/api/Image?urlId=Q2tWjuVjAt5KuELHWs4AHq8KAg1KhA4OTNjhZHesrTx8m3rlWpr9ZMpNjU%2FmwMz1
26-1295,TPMKEP,TRED PRO MOUNT EXTENSION PINS / TPMKEP,https://static.summitracing.com/global/images/prod/xlarge/arb-tpmkep_xl.jpg
26-1296,0740102,ADAPTER JIC4(M) JIC4(M) 2PK / 0740102,https://alrimaya.com/image/catalog/product/4291/8315fc789cb12__31439-4291-thumb.jpg
26-1297,0740103,ADAPTER JIC4(M) TEE 2PK / 0740103,https://alrimaya.com/image/catalog/product/4282/b89e31ac3acdd__36619-4282-thumb.jpg
26-1298,0740105,ADAPTER 1/8BSP(M) JIC4(M) 2PK / 0740105,https://cdn11.bigcommerce.com/s-jobx3e0qy/images/stencil/1280x1280/products/525946/13577348/0740105__72959.1669769779.jpg?c=2
26-1299,0740106,ADAPTER 1/4NPT (M/F/F) TEE 2PK / 0740106,https://alrimaya.com/image/catalog/product/4290/6c18ba93ed1b5__23890-4290-thumb.jpg
26-13,3216080,B/BAR GQ/MAV,https://i.ebayimg.com/thumbs/images/g/pmEAAOSwkdZjyJww/s-l225.jpg
26-1300,1780370,BASERACK RATCHET STRAP 3M (PR) / 1780370,https://alrimaya.com/image/catalog/product/3050/26-1300%20(1)-min-3050-thumb.jpg
26-1301,1780380,BASERACK SPARE WHEEL Y STRAP / 1780380,https://alrimaya.com/image/catalog/product/3051/26-1301%20(1)-min-3051-thumb.jpg
26-1302,UCB8,OME SPRING CENTRE BOLT & NUT / UCB8,https://www.desertrat.com/images/F154312176.jpeg
26-1303,10100350,LARGE STORMPROOF BAG / 10100350,https://alrimaya.com/image/catalog/product/4166/10100330_1-4166-thumb.jpg
26-1304,SJB36S,ARB INTENSITY SOLIS 36 SPOT / SJB36S,"https://alrimaya.com/image/catalog/product/4243/61PdYi10RhL._AC_UF1000,1000_QL80_-4243-thumb.jpg"
26-1305,SJB36LENB,LENS COVER BLACK ARB SOLIS 36 / SJB36LENB,"https://images.northridge4x4.com/image/private/s--gxGDKiMK--/f_auto,t_auto_product_nr/v1610321650/product_images/jcqv19laqrwnfgv8yfhp"
26-1306,SJBHARN,ARB WIRING LOOM SOLIS / SJBHARN,https://alrimaya.com/image/catalog/product/4244/51NiIgY9a0L._AC_SX466_-4244-thumb.jpg
26-1307,SJBLINX,ARB INTENSITY SOLIS LINX PATCH / SJBLINX,https://cdn11.bigcommerce.com/s-wg9nennc1z/images/stencil/2000x2000/products/12664/13140643/arb-wiring-harness-sjblinx__15910.1751788381.jpg?c=1
26-1308,10500111A,ARB CAMPING CHAIR - 10500111A,https://alrimaya.com/image/catalog/product/3268/chair-3268-thumb.jpg
26-1309,819102,SENSOR PARTNER TPMS / 819102,https://ultraautoparts.com/wp-content/uploads/819102jpgmaxheight550maxwidth550.jpeg
26-131,ARB209,ARB SNATCH BLOCK,https://alrimaya.com/image/catalog/product/2542/26-131-min-2542-thumb.JPG
26-1310,BTSLED,LED FOR TOP SHELF / BTSLED,https://static.summitracing.com/global/images/prod/xlarge/arb-btsled_xl.jpg
26-1311,CS002R,SPRING TOY 40 SERIES-R- / CS002R,https://alrimaya.com/image/catalog/product/4267/d27803d113570__41821-4267-thumb.jpg
26-1312,D3XL,DAKAR XL LEAF-SUITS 01F 02F / D3XL,https://imageapi.partsb2.com.au/api/Image?urlId=Q2tWjuVjAt5KuELHWs4AHhsnNLBxy8rJOnS0Wpz8WLagw1eADOrDw6IGepWa8ZM9
26-1313,D4XL,DAKAR XL LEAF- 01R 02R / ,https://imageapi.partsb2.com.au/api/Image?urlId=Q2tWjuVjAt5KuELHWs4AHuDOWlZR%2FqJoe8DPJW3oXZK%2FoGOEPg9GlFrOkdJDqWo8
26-1315,4420100,ROCKER RAILS FJ CRUISER / 4420100,https://cdn11.bigcommerce.com/s-wg9nennc1z/images/stencil/2000x2000/products/11754/13137773/arb-deluxe-rock-sliders-4420100__91648.1749195211.jpg?c=1
26-1316,4420110,SLIDERS FJ ROCKER RAILS / 4420110,https://cdn11.bigcommerce.com/s-wg9nennc1z/images/stencil/2000x2000/products/12014/13136065/arb-rock-slider-skid-plate-4420110__92557.1749182108.jpg?c=1
26-1317,4450250,R/T/RAIL SUIT JL 2 DOOR / 4450250,https://alrimaya.com/image/catalog/product/4304/af9d04dc4ff94__91887-4304-thumb.jpg
26-1318,17915010,BASERACK MNT SUITS LC200 FULL / 17915010,https://alrimaya.com/image/catalog/product/3036/26-1318%20(1)-min-3036-thumb.jpg
26-1319,17921010,BASERACK MNT SUIT PRADO150 183 / 17921010,https://alrimaya.com/image/catalog/product/3037/26-1319%20(1)-min-3037-thumb.jpg
26-132,800DDCS,IPF 800 SET 2 DRIV & LOOM,https://i.ibb.co/mz0pKsV/ipf-808ddcs.jpg
26-1320,10500085ME#,ARB PERFORMANCE AREA LIGHT - 10500085ME#,https://alrimaya.com/image/catalog/product/2920/26-1320%20(1)-min-2920-thumb.jpg
26-1321,60037,SPORT SHOCK DISCO / 60037,https://alrimaya.com/image/catalog/product/4327/9dc8b4925398b__66844-4327-thumb.jpg
26-1322,60038,SPORT SHOCK R / 60038,https://alrimaya.com/image/catalog/product/4328/5120c5f48f2b6__67115-4328-thumb.jpg
26-1323,ARB606,INFLATOR WAND PUSH-ON 185MM / ARB606,https://alrimaya.com/image/catalog/product/4274/7919fc152973d__01010-4274-thumb.jpg
26-1324,RK11,RECOVERY KIT / RK11,"https://alrimaya.com/image/catalog/product/4246/81CNi10NSML._AC_UF894,1000_QL80_-4246-thumb.jpg"
26-1325,BP5160033,SHOCK: WRANGLER JL FRONT LONG / BP5160033,https://imageapi.partsb2.com.au/api/Image?urlId=Q2tWjuVjAt5KuELHWs4AHmeH%2FWRl%2Br5KV8kmUR6KYiwKaexhLSYEVnj%2FNpC4Qid5&quot;
26-1326,BP5160034L,SHOCK: WRANGLER JL REAR LONG / BP5160034L,https://imageapi.partsb2.com.au/api/Image?urlId=Q2tWjuVjAt5KuELHWs4AHvNcuAHAgMkL8vkJCW0ebyXwfuAXuk38l7mEQwEiegw7&quot;
26-1327,BP5160034R,SHOCK: WRANGLER JL REAR LONG / BP5160034R,https://imageapi.partsb2.com.au/api/Image?urlId=Q2tWjuVjAt5KuELHWs4AHvNcuAHAgMkL8vkJCW0ebyXvehWgH8a2sVgOBSyvjlbF
26-1328,VM80010038,BP51 FIT KIT / VM80010038,https://m.media-amazon.com/images/I/61IFx62aT-L._AC_SL1500_.jpg
26-1329,VM80010039,BP51 FIT KIT / VM80010039,https://m.media-amazon.com/images/I/716mfQ9hS3L._AC_SL1500_.jpg
26-133,900DDCS,IPF 900 SET 2 DRIV & LOOM,https://auto.com.ua/uploads/CatalogueImage/289548c608da1a5b80e5f6e08a8d2796.jpg
26-1330,SS175HF,SNORKEL VSPEC ISUZU DMAX/MUX / SS175HF,https://alrimaya.com/image/catalog/product/4224/SCA_SPO8922292_hi-res-4224-thumb.jpg
26-1331,55X12,BLACK MAX COMPRESSOR / 55x12,https://alrimaya.com/image/catalog/product/3157/26-1331-2-3157-thumb.jpeg
26-1332,SMP633,OME SHOCK MOUNTING KIT / SMP633,https://taubenreuther.b-cdn.net/media/7d/b2/10/1764156785/3-8633_1.jpg?width=3000
26-1333,SMP626,N/CHARGER ORIGINAL BUSH KIT / SMP626,https://www.4wheelparts.com/sku/ARB%204x4%20Accessories/1000x1000/smp683.jpg
26-1334,110-110-122,OME SHOCK BUSH LOWER / 110-110-122,https://static.summitracing.com/global/images/prod/xlarge/emu-110-110-122_xl.jpg
26-1335,OMEB13,SHOCK BUSH KIT-10X60MM PIN / OMEB13,"https://static.wixstatic.com/media/1468af_9d0425e3f87f4ead9be82130447db0fa~mv2.jpg/v1/fill/w_1409,h_763,al_c,q_85,usm_0.66_1.00_0.01/1468af_9d0425e3f87f4ead9be82130447db0fa~mv2.jpg"
26-1336,OMEB15,SHOCK BUSH KIT-LARGE EYE 19MM / OMEB15,"https://static.wixstatic.com/media/1468af_63bf52f455ef44148a662602276f0eba~mv2.jpg/v1/fill/w_1560,h_763,al_c,q_85,usm_0.66_1.00_0.01/1468af_63bf52f455ef44148a662602276f0eba~mv2.jpg"
26-1337,2814020,RECOVERYPOINT LHS 8T ARB RATED / 2814020,https://mudify.com/cdn/shop/products/54ca94173722212373dc542248999bca_1024x1024.jpg?v=1662319359
26-1338,3412520,W/BAR LC79 9/16ON 60.3MM / 3412520,https://alrimaya.com/image/catalog/product/3626/26-1338-3626-thumb.jpg
26-1339,5700202,C/LIGHT W/CARRIER RHS BLK / 5700202,https://imageapi.partsb2.com.au/api/Image?urlId=MhIPrJ%2FyAjjLx22BKBNw%2B8gGIlHf4CjmT6iL6ONwpruiM5i9ZWWm845Rxbmp8EWi
26-1340,SS89HP,SNORKEL ARMAX TOY L/CRUISER / SS89HP,https://alrimaya.com/image/catalog/product/4217/SCA_SPO8922280_hi-res-4217-thumb.jpg
26-1341,750011,DIFF COVER JL RUBICON FRONT / 750011,https://imageapi.partsb2.com.au/api/Image?urlId=MhIPrJ%2FyAjjLx22BKBNw%2B3wFRFWj63YMZKT%2BUyPNKFMRMPbxsZM6%2F5y7Dfbudop5
26-1342,750012,DIFF COVER JL RUBICON REAR / 750012,https://imageapi.partsb2.com.au/api/Image?urlId=MhIPrJ%2FyAjjLx22BKBNw%2B4jcEGXHQwLFVmMXtcxc2X%2F7Oje%2BCopPJuikuM38MZXh
26-1343,OMEGP8,GREASABLE PIN & PLATE KIT / OMEGP8,https://imageapi.partsb2.com.au/api/Image?urlId=Q2tWjuVjAt5KuELHWs4AHrk8ol87BGLtu7rt1zpadooQRHYqRqiE5WrTFpAlQjnB&quot;
26-1344,TAD108,TANK DIESEL 200 L/C 00ON 180L / TAD108,https://alrimaya.com/image/cache/catalog/product/4182/tad108_polttoainesailio_arb_frontier_tad108_180l_2-4182-thumb-800x800.jpg
26-1345,740202,HOSE REINFORCED JIC-4 0.5M 1PK / 740202,https://alrimaya.com/image/cache/catalog/product/3543/arb0740202_1-3543-thumb-800x800.jpg
26-1346,SJB36F,ARB INTENSITY SOLIS 36 FLOOD / SJB36F,"https://alrimaya.com/image/catalog/product/4242/61PdYi10RhL._AC_UF1000,1000_QL80_-4242-thumb.jpg"
26-1347,814407,ARB AWNING W/LIGHT 2500X2500 / 814407,https://alrimaya.com/image/cache/catalog/product/3670/%2026-1347-main-3670-thumb-600x600.jpg
26-1348,BRCFJ,R/CONSOLE LANDCRUISER FJ WAGON / BRCFJ,https://imageapi.partsb2.com.au/api/Image?urlId=MhIPrJ%2FyAjjLx22BKBNw%2B2ssVIJIILG1ePBwb6vRyD2PBYtu9X%2B3MCMsJeXpKYp6
26-1349,BRCHOOK,ROOF CONSOLE MIC CABLE HOOK / BRCHOOK,https://www.desertrat.com/images/F154306676.jpeg
26-135,3500040,HILIFT JACK ADAPTOR BRKT,https://imageapi.partsb2.com.au/api/Image?urlId=MhIPrJ%2FyAjjLx22BKBNw%2B%2FLonRI%2FlFyCZ8MdYFljPaLm9pF9d%2BniiUxgHDba%2FnNh&quot;
26-1350,5138030,SAHARA TUBE KIT INCL 5100220 / 5138030,https://www.desertrat.com/images/F154307480.jpeg
26-1351,5415200,UVP LC200 10/15ON / 5415200,https://alrimaya.com/image/catalog/product/4211/2491d734be134__58590-4211-thumb.jpg
26-1352,3412500,WINCHBAR LC70 76/78/79 60.3 / 3412500,https://alrimaya.com/image/catalog/product/3630/26-1352--1-3630-thumb.jpg
26-1353,3750010,F/KIT R/RACK SUITS JL 4 DOOR / 3750010,https://imageapi.partsb2.com.au/api/Image?urlId=MhIPrJ%2FyAjjLx22BKBNw%2BxQGRtXp9jIx1iYMpoeeaZoVQhX4aq30C5BX9qF1Xnis
26-1355,1780160,GUARD RAIL FRONT 3/4 1255X1445 / 1780160,https://imageapi.partsb2.com.au/api/Image?urlId=MhIPrJ%2FyAjjLx22BKBNw%2B7lwEdYxWD6yZ8XUdHIw%2F%2FLDg9cCVlmqDIw%2Fqo9ikpRO
26-1356,1780180,GUARD RAIL FULL 1255X1285 / 1780180,https://cdn11.bigcommerce.com/s-wg9nennc1z/images/stencil/2000x2000/products/12712/13141172/arb-base-rack-full-rail-1780180__68049.1751789194.jpg?c=1
26-1357,UCA0001,UPPER CONTROL ARM / UCA0001,https://alrimaya.com/image/catalog/product/4183/emu-uca0001_sl_xl-4183-thumb.jpg
26-1358,UCA0003,UPPER CONTROL ARM /UCA0003,https://alrimaya.com/image/catalog/product/3478/emu-uca0001_sl_xl-3478-thumb.jpg
26-1359,UCA0004,UPPER CONTROL ARM / UCA0004,https://alrimaya.com/image/catalog/product/4184/emu-uca0001_sl_xl-4184-thumb.jpg
26-1361,3415230,SUMMIT W/BAR SUIT 200 GXL / 3415230,https://alrimaya.com/image/catalog/product/3631/sumit-1-3631-thumb.jpg
26-1362,17962010,BASERACK MNT SUITS Y62 2125 / 17962010,https://alrimaya.com/image/catalog/product/3038/26-1376%20(1)-min-3038-thumb.jpg
26-1363,3424050,COMBAR SUIT JIMNY MY19 / 3424050,https://alrimaya.com/image/catalog/product/3632/26-1363-3632-thumb.jpg
26-1364,T41265R,HR C/BARR TOYOTA FJ CRUISER / T41265R,https://orp.com.kw/wp-content/uploads/2020/07/Cargo-Barrier-001_Photoshop.jpg
26-1365,171319,AIR FILTER RELOCATION KIT / 171319,https://alrimaya.com/image/catalog/product/4276/57cb45bb9661b__37745-4276-thumb.jpg
26-1366,BDPGY,MOULDED DOOR POCKETS (PR) GREY / BDPGY,https://www.desertrat.com/images/F154306559.jpeg
26-1367,RC79CC,R/CONSOLE 79 SER 99ON / BRC79CC,https://alrimaya.com/image/catalog/product/4171/MPWR-21367-4171-thumb.jpg
26-1368,BTSLC,T/SHELF LC 70 C/C T/C WAG / BTSLC,https://www.outback-import.fr/46697-thickbox_default/t-shelf-inc-led-lc-70-c-c-t-c-wag.jpg
26-1369,RK12A,ARB RECOVERY KIT WEEKENDER / RK12A,https://alrimaya.com/image/catalog/product/4245/61a1Q71+iAS-4245-thumb.jpg
26-1370,CS002F,SPRING TOY 40 SERIES-F- / CS002F,https://alrimaya.com/image/catalog/product/4266/7ad0b0f4d8b63__87851-4266-thumb.jpg
26-1371,OMESB30,SPRING BUSH KIT-F-45/47 15MM / OMESB30,https://imageapi.partsb2.com.au/api/Image?urlId=Q2tWjuVjAt5KuELHWs4AHgQdMQ%2Fst5uOisKu6YeJerrWGqEoPdrraHBN8rg4%2BqKQ
26-1372,3450440,COMBAR TXTD SUITS JL 18ON / 3450440,https://alrimaya.com/image/catalog/product/3633/26-1372-3633-thumb.jpg
26-1373,3915230,SUMMIT S/BUMPR SUIT 200 GXL / 3915230,https://alrimaya.com/image/catalog/product/3634/26-1373-3634-thumb.jpg
26-1374,4424010,ROCK SLIDERS SUIT JIMNY 2019 / 4424010,https://alrimaya.com/image/catalog/product/4302/IMG_7516_Edit-scaled-4302-thumb.jpg
26-1375,5750390,KIT REGO PLATE KIT SUIT JL / 5750390,https://www.desertrat.com/images/F154307284.jpeg
26-1376,17950020,BASERACK DEFLECTOR SUIT JL / 17950020,https://alrimaya.com/image/catalog/product/3049/26-1376%20(1)-min-3049-thumb.jpg
26-1377,740112,HOSE COUPLING US STD NPT 1PK / 740112,https://alrimaya.com/image/catalog/product/4275/8a578f9fc707e__09545-4275-thumb.jpg
26-1378,171314,REMOTE HOSE COUPLING MOUNT KIT / 171314,https://alrimaya.com/image/catalog/product/4285/171314-4285-thumb.jpg
26-1379,1780210,BASERACK TIE DOWN PAIR / 1780210,https://alrimaya.com/image/catalog/product/3052/26-1379%20(1)-min-3052-thumb.jpg
26-138,5746,CHROME TOWBALL 5746 26/138,https://imageapi.partsb2.com.au/api/Image?urlId=g%2FBCax34prFSCz0EjsUxnXOiJOiiIVfdBy871yoeQ%2FjawrytUHmhiE6modRHTPCT&quot;
26-1380,ARB4305,ARB 4X4 TRACK PACK BAG WHL SII / ARB4305,https://alrimaya.com/image/catalog/product/3546/71FJqd-d07L._AC_SL1500_-3546-thumb.jpg
26-1382,17900090,BASERACK DEFLECTOR UNI 1285 - 17900090,https://alrimaya.com/image/catalog/product/4232/415ks12koNL-4232-thumb.jpg
26-1383,ARB502A,ARB RECOVERY BAG SMALL  - ARB502A,https://alrimaya.com/image/catalog/product/4162/71k5iNHkDGS-4162-thumb.jpg
26-1384,FK99,JIMNY BRAKE EXT & SHOCK MNT - FK99,https://stormcustoms.com/media/workspace/products/IMG_7886_1.jpeg
26-1385,90038,SPORT STRUT MY19 ON - 90038,https://www.desertrat.com/images/F154310775.jpeg
26-1386,60023,SPORT SHOCK MAZDA BT50/FORD - 60023,https://imageapi.partsb2.com.au/api/Image?urlId=Q2tWjuVjAt5KuELHWs4AHi66Tq%2F1byps7vfAQr%2F%2F%2Bt3Kahn9gXhbJMUZ21YUj3h4
26-1387,3153,COIL SPRING - 3153,https://alrimaya.com/image/catalog/product/4351/b4724f4f62a59__08836-4351-thumb.jpg
26-1388,3139,COIL REAR - 3139,https://alrimaya.com/image/catalog/product/4348/07e2794ff2c6b__90719-4348-thumb.jpg
26-1389,3138,COIL REAR - 3138,https://alrimaya.com/image/catalog/product/4347/07e2794ff2c6b__90719-4347-thumb.jpg
26-139,2864,COIL 80 VHD REAR(L),https://alrimaya.com/image/catalog/product/2805/26-442-2805-thumb.jpg
26-1390,3157,COIL SPRING - 3157,https://alrimaya.com/image/catalog/product/4352/22631be763691__44507-4352-thumb.jpg
26-1392,ARB2018,ARB SOFT CONNECT SHACKLE 14.5T - ARB2018,https://imageapi.partsb2.com.au/api/Image?urlId=MhIPrJ%2FyAjjLx22BKBNw%2ByKGWfI8F5kNB21lkKFcwNfnnzPqpRlZYDyvI2Wd6l9J
26-1393,10100376,ARB COOLER BAG SII - 10100376,https://alrimaya.com/image/catalog/product/3537/main-3537-thumb.jpg
26-1394,BRC3,R/CONSOLE INSERT SUIT ICOM - BRC3,https://www.desertrat.com/images/F154306660.jpeg
26-1395,830001,ARB PRESSURE CONTROL - 830001,https://alrimaya.com/image/catalog/product/3400/WhatsApp%20Image%202022-05-05%20at%205.01.43%20PM-3400-thumb.jpeg
26-1396,LCAJKRR,REAR LOWER ARM ADJ - LCAJKRR,https://alrimaya.com/image/catalog/product/4248/98e673d8cfce8__43177-4248-thumb.jpg
26-1397,PANRJL001,ADJ P/HARD FRONT - PANRJL001,https://alrimaya.com/image/catalog/product/4252/4f9f55d3b0d7f__85732-4252-thumb.jpg
26-1398,UCAJLFR,FRONT UPPER ARM ADJ - UCAJLFR,https://alrimaya.com/image/catalog/product/4250/UCAJLFR_v1__66425-4250-thumb.jpg
26-1399,OMEJKPF10,COIL PACKER - OMEJKPF10,https://m.media-amazon.com/images/I/51dx37DN7LL._AC_SL1500_.jpg
26-140,OME761,OME 761 COIL SPRING 26/140,https://alrimaya.com/image/catalog/product/4374/26-140-4374-thumb.jpg
26-1400,OMEJLPR10,COIL PACKER REAR - OMEJLPR10,https://m.media-amazon.com/images/I/41H33+9QWrL._AC_SL1500_.jpg
26-1401,BP5160038,SHOCK PATROL GU FRONT - BP5160038,https://alrimaya.com/image/catalog/product/4125/26-1401-4125-thumb.jpg
26-1402,BP5160039,SHOCK PATROL GU REAR - BP5160039,https://alrimaya.com/image/catalog/product/4126/26-1401-4126-thumb.jpg
26-1403,VM80010041,BP51 FIT KIT - VM80010041,https://imageapi.partsb2.com.au/api/Image?urlId=Q2tWjuVjAt5KuELHWs4AHggHGJea9REUAP6p3EAZcH3uy1YRrk83aTkWgUECG4JQ
26-1404,3427010,W/BAR PATROL - 3427010,https://alrimaya.com/image/catalog/product/3636/F146334582-3636-thumb.jpg
26-1405,60160,SPORT SHOCK F - 60160,https://alrimaya.com/image/catalog/product/4261/3be04c530e911__76307-4261-thumb.jpg
26-1406,60163,SPORT SHOCK R - 60163,https://alrimaya.com/image/catalog/product/4260/0f987f71883b8__72770-4260-thumb.jpg
26-1407,UCAJKRR,REAR UCA ADJ - UCAJKRR,https://alrimaya.com/image/catalog/product/4249/bcb4a2c1baf0b__72104-4249-thumb.jpg
26-1408,2921,COIL P/FIND R50 FRONT(L) - 2921,https://alrimaya.com/image/catalog/product/4090/26-442-634-thumb-800x800-4090-thumb.jpg
26-1409,2GQ02B,COIL NISSAN Y61 SWB R(L) - 2GQ02B,https://alrimaya.com/image/catalog/product/4178/F198996673-4178-thumb.jpg
26-141,OME764Z,OME 764 COIL SPRING 26/141,https://alrimaya.com/image/catalog/product/4373/26-208-4373-thumb.jpg
26-1410,2GQ02D,COIL NISSAN Y61 SWB R(L) - 2GQ02D,https://alrimaya.com/image/catalog/product/4179/F198996673-4179-thumb.jpg
26-1411,3108,COIL MITS PAJERO F - 3108,https://alrimaya.com/image/catalog/product/4367/3108-4367-thumb.jpeg
26-1412,3110,COIL MITS PAJERO R MED - 3110,https://alrimaya.com/image/catalog/product/4181/351699eac7fc615b9d0ae54c9187ae8d__24175-4181-thumb.jpg
26-1413,3111,COIL MITS PAJERO R 200KG - 3111,https://alrimaya.com/image/catalog/product/4342/F154310353-4342-thumb.jpeg
26-1414,3112,COIL MITS PAJERO R 400KG - 3112,https://alrimaya.com/image/catalog/product/4359/d0e025ac7facbb62cb2cf6ac07e9ed14__70687-4359-thumb.jpg
26-1415,3135,COIL FRONT - 3135,https://alrimaya.com/image/catalog/product/4349/194643a6ad9f9__31556-4349-thumb.jpg
26-1416,RD208,AIRLOCKER 26SPL 10 BOLT RG - RD208,https://alrimaya.com/image/catalog/product/4412/RD245_v1__03806-4412-thumb.jpg
26-1417,OMESJF10,COIL PACKER FRONT - OMESJF10,https://stormcustoms.com/media/workspace/products/omesjf10_jousen_saatolevy_old_man_emu_omesjf10.jpg
26-1418,OMESJR10,COIL PACKER - OMESJR10,https://mudify.com/cdn/shop/products/OMESJR-10_1024x1024.jpg?v=1679590715
26-1419,10802691,FRIDGE 69L DZ ZERO PLU I - 10802691,https://imageapi.partsb2.com.au/api/Image?urlId=MhIPrJ%2FyAjjLx22BKBNw%2B%2FY%2FcbvQFomuKTYFXRCCtMmNcb28cQnkwqe7dYbEzMdO
26-142,2862,COIL 80 HD LOW REAR(L),https://alrimaya.com/image/catalog/product/2806/26-442-2806-thumb.jpg
26-1420,3927040,S/BUMPER SUIT Y62 MY 18 - 3927040,https://alrimaya.com/image/catalog/product/3637/F146334799-3637-thumb.jpg
26-1421,814412,ARB ALUM AWN W/LIGHT 2500 BLK - 814412,https://imageapi.partsb2.com.au/api/Image?urlId=MhIPrJ%2FyAjjLx22BKBNw%2By2huWneChviJipFO9vEEovXJuKEEuSfzjHXh2XfkomN
26-1422,3914600,SAHARA BUMPER FORTUNER 15ON - 3914600,https://alrimaya.com/image/catalog/product/3639/26-1422-3639-thumb.jpg
26-1423,4412460,S/RAIL/STEP 79 D/C C/CHASS - 4412460,https://alrimaya.com/image/catalog/product/4298/Gallery_2-4298-thumb.jpg
26-1424,17950010,BASERACK MOUNT KIT SUITS JL - 17950010,https://alrimaya.com/image/catalog/product/4206/e8a5f866e7149__34782-4206-thumb.jpg
26-1426,PANRJL002,ADJ P/HARD REAR - PANRJL002,https://alrimaya.com/image/catalog/product/4251/9a171f0f0262c__12789-4251-thumb.jpg
26-1427,OMEU55,OME U BOLT WASHER & NUT - OMEU55,https://cdn11.bigcommerce.com/s-jdgj5ipz45/images/stencil/1280x1280/products/20328/111116/8eca09245894731a3693da95538739c5__32846.1676645434.JPG?c=1
26-1428,RD253,AIR LOCKER TOYOTA 32SPL RR - RD253,https://imageapi.partsb2.com.au/api/Image?urlId=MhIPrJ%2FyAjjLx22BKBNw%2Bx2s7lRbkt6H4oSfHy7f9pOs%2FFw4sJKrk1OdmRmvEq8w
26-143,OME660,OME SHOCK STONEGUARD-SHORT-KIT,https://www.desertrat.com/images/F154311790.jpeg
26-1430,17920020,BASERACK MNT SUITS FJ 2125 - 17920020,https://alrimaya.com/image/catalog/product/4172/arb-17920020_up_xl-4172-thumb.jpg
26-1431,1780420,BASERACK BRIDGE PLATE NARROW - 1780420,https://m.media-amazon.com/images/I/61TZ5bP7giL._AC_SL1500_.jpg
26-1432,1780430,BASERACK BRIDGE PLATE WIDE - 1780430,https://m.media-amazon.com/images/I/51srp6oiWrL._AC_SL1500_.jpg
26-1434,4412440,SUMMIT PROT STEP 78 T/CARRIER - 4412440,https://www.outback-import.fr/46741-thickbox_default/summit-prot-step-78-t-carrier07on-603mm.jpg
26-1435,803300,ARB FLINDERS TENT - EXPORT 803300,https://imageapi.partsb2.com.au/api/Image?urlId=MhIPrJ%2FyAjjLx22BKBNw%2Bzf64VrXbh5rZL6vm5loC58ep0ko4%2FaRqlh5sJMxDf0d
26-1436,10802366,ARB FRIDGE 36L ZERO PLUG G,https://alrimaya.com/image/catalog/product/3262/ARB_ZERO_36L_8-min-3262-thumb.jpg
26-1437,10802446,ARB FRIDGE 44L ZERO PLUG G,https://alrimaya.com/image/catalog/product/3263/ARB_Fridge_44L_1-min-3263-thumb.jpg
26-1438,10802606,ARB FRIDGE 60L ZERO PLUG G,https://alrimaya.com/image/catalog/product/3264/ARB_Fridge_60L_3-min-3264-thumb.jpg
26-1439,10802696,FRIDGE 69L ZERO PLUG G - 10802696,https://alrimaya.com/image/catalog/product/3265/arb-69l-min-3265-thumb.jpg
26-144,JC4,J/CAN METAL PTRL GREEN 20L,https://alrimaya.com/image/catalog/product/1380/26-144-(7)-1380-thumb.jpg
26-1440,10802966,FRIDGE 96L ZERO PLUG G - 10802966,https://alrimaya.com/image/catalog/product/3266/Gallery1-min-3266-thumb.jpg
26-1441,SS79HFE,SNORKEL VSPEC TOY L/C CRUISER - SS79HFE,https://alrimaya.com/image/catalog/product/3747/flexdream-arb_ss79hfe_1-3747-thumb.jpg
26-1442,3915200,SAHARA BUMPER 200 SER GX/GXL - 3915200,https://imageapi.partsb2.com.au/api/Image?urlId=MhIPrJ%2FyAjjLx22BKBNw%2B6%2FXd5rfErFoDknaYDvoRXYxz9IdncCvGG2zrP9SFU3EKiEUPuCfNtAtf87f9XZPuVdpRHo5Piiz4P6lWOo8CNE%3D
26-1443,4412450,S/RAIL/STEP 79 V8 C/CHASS - 4412450,https://alrimaya.com/image/catalog/product/4299/LC-79-SIDE-RAIL-1-4299-thumb.jpg
26-1444,4412530,SUMMIT PROT STEP 79 D/C C/C - 4412530,https://orp.com.kw/wp-content/uploads/2020/05/Gallery_0.jpg
26-1445,4450220,R/T/RAILS JK SWB - 4450220,https://alrimaya.com/image/catalog/product/4301/5d9f7dbf11ff1c1f99ffa5de1872f881__76698-4301-thumb.jpg
26-1446,AC10C,ASCENT CNPY LUL/LUR HILUX DC - AC10C,https://imageapi.partsb2.com.au/api/Image?urlId=MhIPrJ%2FyAjjLx22BKBNw%2ByV5wQem7b9Kq05gXaxbg5b05Yy8VYeOHmt0SzI%2F4UlB&quot;
26-1447,CC16,COLOUR CODE ASCENT CANOPY - CC16,https://www.offroad24.de/catalog/bilder/6-AC11C-CC16_g.jpg
26-1448,KIT78D,KIT RS & WC 78 SERIES - DELUX - KIT78D,https://imageapi.partsb2.com.au/api/Image?urlId=elwj6zbvi1i5KAepy31BANqFC2K6GQjyXCEA6usB9oA0LqVks8SK9l3XmE7vkPVn
26-1449,RD206,Air Locker FR 22SPL 10 BOLT RG - RD206,https://imageapi.partsb2.com.au/api/Image?urlId=MhIPrJ%2FyAjjLx22BKBNw%2B%2F67hY6dPJw9Ll7I4%2B9nREqXmPgigtz2VM91GSQErkuC
26-145,JC5BL,J/CAN POURER BLISTER PACK,https://arbtehran4x4.com/wp-content/uploads/2019/08/POURER-1.jpg
26-1450,1045,R/DRAW ARB TABLE S/S 1045 - RDTAB1045,https://static.summitracing.com/global/images/prod/xlarge/arb-rdtab1045_cm_xl.jpg
26-1451,RDTAB1355,R/DRAW ARB TABLE S/S 1355/945 - RDTAB1355,https://imageapi.partsb2.com.au/api/Image?urlId=MhIPrJ%2FyAjjLx22BKBNw%2B0xvB4fB%2FaZYRYbSwv32OtOYXK5ywn6nxpjoj%2F76NiPZ
26-1453,5114010,SAHARATUBE SUITS FORTUNER 15ON - 5114010,https://www.desertrat.com/images/F154307557.jpeg
26-1458,320303,PISTON / BARREL SERV KIT M5/M6 320303,https://imageapi.partsb2.com.au/api/Image?urlId=MhIPrJ%2FyAjjLx22BKBNw%2B3G3cgVghuRJy9NRKv5KPiN8%2F96dxHbDImHZMon3%2FdQk
26-1459,RD202,AIRLOCKER 29 SPL RD202,https://4x4works.b-cdn.net/app/uploads/2020/05/AR-Air-Locker-1-C.jpg?width=1000&quality=85
26-1460,815212,AWNING FELXIBLE ARM JOINT - 815212,https://cdn11.bigcommerce.com/s-wg9nennc1z/images/stencil/1920w/products/12260/13136071/arb-awning-flexible-arm-joint-815212__86553.1749182113.jpg?c=1
26-1461,17920040,BASERACK DFLCTR SUITS FJ 2125 - 17920040,https://www.desertrat.com/images/F154308209.jpeg
26-1462,5480100,UVP SUITS FORD BRONCO - 5480100,https://imageapi.partsb2.com.au/api/Image?urlId=MhIPrJ%2FyAjjLx22BKBNw%2BzeKWBDfumCaYGqUdP%2FA9ZUeOeVCpRsp7zXvdZt%2FbuIq
26-1463,5680010,REAR BAR WIDE FLARE - 5680010,https://imageapi.partsb2.com.au/api/Image?urlId=MhIPrJ%2FyAjjLx22BKBNw%2B1TP7ozjec8cIoSKc1%2FE%2FfL%2Bugk55BfWAyGiS2z6LrMJ
26-1464,3480010,SUMMIT WINCH BAR - 3480010,https://alrimaya.com/image/catalog/product/3642/arb-summit-winch-bumper-2021-bronco-stickerfab-3-3642-thumb.jpg
26-1465,3280010,NON WINCH BAR WIDE FLARE - 3280010,https://imageapi.partsb2.com.au/api/Image?urlId=MhIPrJ%2FyAjjLx22BKBNw%2B6qQNLGPQzlzgFlxmh7FbwbDKlqoF%2BF%2Fr9iYs0upavCL
26-1466,3921840,SUMMIT SAHARA BUMPER PRADO 150 - 3921840,https://alrimaya.com/image/catalog/product/3644/arb-sahara-full-width-front-hd-bumper_63-3644-thumb.jpg
26-1467,4412490,SUMMIT S/RAIL/STEP 79 C/CHASS - 4412490,https://alrimaya.com/image/catalog/product/4303/LC-79-SIDE-RAIL-1-4299-thumb-800x800-4303-thumb.jpg
26-1468,ARMR,MOUNT KIT ROOF RACK - ARMR,https://devon4x4.com/media/opti_image/webp/catalog/product/cache/387c3df22831c6cb1f98fc0c4e4abe64/a/r/armr.webp
26-1469,T2QP112,QUICK REL TWO PIN SET - T2QP112,https://alrimaya.com/image/catalog/product/4169/51871-t2qp112-quick-release-two-pin-set-arb (1)-4169-thumb.jpg
26-1470,10500140,ARB STRETCHER QUICK FOLD - 10500140,https://alrimaya.com/image/catalog/product/3498/26-1470%20(3)-3498-thumb.jpg
26-1471,3448500,COMBAR MU-X - 3448500,https://alrimaya.com/image/catalog/product/3653/26-1467-1-3653-thumb.jpg
26-1472,5100351,BUFF KIT 2 PCE REAR NRW BMPR - 5100351,https://4x4max.ru/upload/iblock/a50/tpe3tghnip2bfur1v52ln9fhoh2ujz6b.jpg
26-1473,2988,COIL NISSAN Y62 400 KGSR(L) - 2988,https://alrimaya.com/image/catalog/product/4340/F154310049-4340-thumb.jpeg
26-1474,2948,COIL JEEP KJ R(L) - 2948,https://alrimaya.com/image/catalog/product/4400/26-1474-4400-thumb.jpg
26-1475,60069,SPORT SHOCK CHEROKEE KJ KK R - 60069,https://cdn11.bigcommerce.com/s-wg9nennc1z/images/stencil/2000x2000/products/13697/13114779/41ed26a04fa73__56173.1737572040.jpg?c=1
26-1476,60100,SPORT SHOCK TUNDRA 07 ON -R- - 60100,https://alrimaya.com/image/catalog/product/4336/8ac880817c634__58548-4336-thumb.jpg
26-1477,90009,SPORT STRUT JEEP KJ & KKF - 90009,https://alrimaya.com/image/catalog/product/4334/8f3195d82222e__46547-4334-thumb.jpg
26-1478,90018,SPORT STRUT TUNDRA 07 ON - 90018,https://alrimaya.com/image/catalog/product/4329/b194bbb902f8c__99016-4329-thumb.jpg
26-1479,TAD123,TANK DIESEL NAVARA NP300 - TAD123,https://imageapi.partsb2.com.au/api/Image?urlId=MhIPrJ%2FyAjjLx22BKBNw%2B3KibIOO7%2BiwHJ1kAk0sFGdApGk5JVaFffg47NJounXHNocTMQAorej7X%2FdR9Ef2uQ%3D%3D
26-148,OME36,OME 36 (FORD EXPLR) 26/148,https://cdn11.bigcommerce.com/s-jobx3e0qy/images/stencil/1280x1280/products/265529/13620836/0bc5517d5eab83d4753fdf20fc4e1056__09372.1669771039.jpg?c=2
26-1480,TR87,TANK REPLACEMENT SUITS SUZUKI TR87,https://imageapi.partsb2.com.au/api/Image?urlId=cV86z2hpLwfX7lAFEaXxJl6Htzq%2F0UJbm4spyNbab0L5RDSpr%2Byc2cbP%2B0pP%2FkZT&quot;
26-1481,EL114R,SPRING TOY 78/79 SERIES - EL114R,https://alrimaya.com/image/catalog/product/4264/Image-5-4264-thumb.jpg
26-1482,EL115R,SPRING TOY 78/79 SERIES - EL115R,https://alrimaya.com/image/catalog/product/4270/3-EL115R_d1-4270-thumb.jpg
26-1483,5613210,REAR BAR 100IFS BLK - 5613210,https://imageapi.partsb2.com.au/api/Image?urlId=MhIPrJ%2FyAjjLx22BKBNw%2B6dPfI9ULxTNwJVTXke4IqbRMn4DwksJW5nLxtvVMmzr
26-1484,RD146,AIRLOCKER 10.5IN RR 36 SPL - RD146,https://imageapi.partsb2.com.au/api/Image?urlId=MhIPrJ%2FyAjjLx22BKBNw%2B80ABOQCRGgcdqcYV1MTLPKKTJN7CroWkqIjXGBdpaWs
26-1485,2926,COIL JEEP KJF(L) - 2926,https://alrimaya.com/image/catalog/product/4394/2926-4394-thumb.jpg
26-1486,2978,COIL NISSAN Y62 WITH BAR F(L) - 2978,https://alrimaya.com/image/catalog/product/4341/db6be0e44d3cc908c5a49cf1606a8bbe__89697-4341-thumb.jpg
26-1487,3215,COIL SPRING F -3215,https://alrimaya.com/image/cache/catalog/product/4376/Image-35-4376-thumb-800x800.jpg
26-1488,3216,COIL SPRING F -3216,https://alrimaya.com/image/catalog/product/4378/Image-35-4378-thumb.jpg
26-1489,3217,COIL SPRING F - 3217,https://alrimaya.com/image/catalog/product/4379/Image-35-4379-thumb.jpg
26-149,2866,ARB COIL SPRING 100 IFS HD RR(L),https://alrimaya.com/image/catalog/product/636/26-442-636-thumb.jpg
26-1490,3218,COIL SPRING F - 3218,https://alrimaya.com/image/catalog/product/4393/Image-35-4393-thumb.jpg
26-1491,3219,COIL SPRING R - 3219,https://alrimaya.com/image/catalog/product/4380/Image-35-4380-thumb.jpg
26-1492,3220,COIL SPRING R - 3220,https://alrimaya.com/image/catalog/product/4381/Image-35-4381-thumb.jpg
26-1493,3221,COIL SPRING R - 3221,https://alrimaya.com/image/catalog/product/4382/Image-35-4382-thumb.jpg
26-1494,3222,COIL SPRING R - 3222,https://alrimaya.com/image/catalog/product/4383/Image-35-4383-thumb.jpg
26-1495,3224,COIL SPRING F - 3224,https://alrimaya.com/image/catalog/product/4377/Image-35-4377-thumb.jpg
26-1496,60176,NITROCHARGER SPORT SHOCK - 60176,https://alrimaya.com/image/catalog/product/4320/8b48835d8455cbafb230fd0525c89f4a-4320-thumb.jpg
26-1497,60177,NITROCHARGER SPORT SHOCK - 60177,https://alrimaya.com/image/catalog/product/4321/8b48835d8455cbafb230fd0525c89f4a-4321-thumb.jpg
26-1498,90054,NITROCHARGER SPORT STRUT 90054,https://alrimaya.com/image/catalog/product/4319/5b1016d4dcd2c25b446bea449166aa52-4263-thumb-800x800-4319-thumb.jpg
26-1499,90055,NITROCHARGER SPORT STRUT - 90055,https://alrimaya.com/image/catalog/product/4263/5b1016d4dcd2c25b446bea449166aa52-4263-thumb.jpg
26-15,4417120,F/RAIL GU LWB&UTE W/FLR TO04,https://auto.com.ua/uploads/CatalogueImage/401bbde7fcedd5d3827da2535bb3d52a.jpg
26-150,TYREP,TYREPLIERS TYRE REPAIR KIT,https://i.ibb.co/PFSfK62/IMG-20231902-17490395956995787403582634.jpg
26-1500,2825010,RECOVERY POINT SUIT LC300 LHS - 2825010,https://www.promyges4x4.com/10693-thickbox_default/arb-rescue-point-left-land-cruiser-300.jpg
26-1501,FK58,BPV RELOCATION KIT 80mm - FK58,https://www.desertrat.com/images/F154311655.jpeg
26-1502,ARM603,MOUNT KIT SUIT DIA 60.3MM - ARM603,https://static.summitracing.com/global/images/prod/xlarge/arb-arm603_xl.jpg
26-1503,BP5160062,SHOCK: 300 SERIES REAR - BP5160062,https://alrimaya.com/image/catalog/product/4419/2706202310_8551-4419-thumb.jpg
26-1504,VM80010054,BP51 FIT KIT - VM80010054,https://alrimaya.com/image/catalog/product/5093/3-VM80010054_g-5093-thumb.jpg
26-1505,VM80010055,BP51 FIT KIT - VM80010055,https://orp.com.kw/wp-content/uploads/2022/12/VM80010055.jpg
26-1506,OMESB101,BUSH KIT  -  OMESB101,https://www.desertrat.com/images/F154311912.jpeg
26-1507,RD114,AIRLOCKER 10.5IN 30SPL FF - RD114,https://eastcoastgearsupply.com/images/F144068488.jpg
26-1508,1430001,DVR REVERSE CAMERA MIRROR - 1430001,https://alrimaya.com/image/catalog/product/4165/1430001-ARB-Reverse-Camera-Mirror-1-4165-thumb.jpg
26-1509,1430070,70 SERIES MIRROR CAMERA ARM - 1430070,https://imageapi.partsb2.com.au/api/Image?urlId=MhIPrJ%2FyAjjLx22BKBNw%2B4g1YlVXge1GYXgzYX7%2BB0UR2AbJ2fj1350XmE2lE16J&quot;
26-151,OME851,OME 851 26/151,https://alrimaya.com/image/catalog/product/4385/4585ced0ce2ef__99915-4385-thumb.jpg
26-1510,3189,COIL SPRING F - 3189,https://alrimaya.com/image/catalog/product/4339/Image-35-4339-thumb.jpg
26-1511,3425010,SUMMIT COMBAR SUIT LC300 - 3425010,https://alrimaya.com/image/catalog/product/4196/mo7ikc7wspqjy5xhlk7z-4196-thumb.jpg
26-1512,5425100,UVP SUIT LC300 - 5425100,https://imageapi.partsb2.com.au/api/Image?urlId=MhIPrJ%2FyAjjLx22BKBNw%2B9z634eWfCHEzA9ZP1NkpMLQ0YlnBu7bCPSkQDVcX%2F9Z
26-1513,3421800,WINCHBAR PRADO 150 - 3421800,https://alrimaya.com/image/catalog/product/3654/26-1513-3654-thumb.jpg
26-1514,BP5160061,SHOCK : 300 SERIES REAR -  BP5160061,https://alrimaya.com/image/catalog/product/4420/2706202310_8551-4420-thumb.jpg
26-1515,BP5190019L,C/OVER :300 SERIES FR LH - BP5190019L,https://alrimaya.com/image/cache/catalog/product/4415/e6f02cd16bd92__58158-4415-thumb-800x800.jpg
26-1516,BP5190019R,C/OVER :300 SERIES FR RH - BP5190019R,https://alrimaya.com/image/catalog/product/4414/e6f02cd16bd92__58158-4414-thumb.jpg
26-1517,3198,COIL SPRING F - 3198,https://alrimaya.com/image/catalog/product/4356/9e199e93b46fd__81259-4356-thumb.jpg
26-1518,3199,COIL SPRING F - 3199,https://alrimaya.com/image/catalog/product/4357/9e199e93b46fd__81259-4357-thumb.jpg
26-1519,3200,COIL SPRING F - 3200,https://alrimaya.com/image/catalog/product/4358/9e199e93b46fd__81259-4358-thumb.jpg
26-152,2861,ARB COIL SPRING 80 LOW HD FRONT(L) 2861,https://alrimaya.com/image/catalog/product/2454/coil-2454-thumb.jpg
26-1520,3204,COIL SPRING R - 3204,https://alrimaya.com/image/catalog/product/4353/ad10ba841412f__61934-4353-thumb.jpg
26-1521,3205,COIL SPRING R - 3205,https://alrimaya.com/image/catalog/product/4354/ad10ba841412f__61934-4354-thumb.jpg
26-1522,3206,COIL SPRING R - 3206,https://alrimaya.com/image/catalog/product/4355/ad10ba841412f__61934-4355-thumb.jpg
26-1523,90045,SPORT STRUT - 90045,https://alrimaya.com/image/catalog/product/4324/emu-90021_xl-4324-thumb.jpg
26-1524,90047,SPORT STRUT FRONT - 90047,https://alrimaya.com/image/catalog/product/4258/0c04a20b8cb8d__73897-4258-thumb.jpg
26-1525,90048,SPORT STRUT REAR - 90048,https://alrimaya.com/image/catalog/product/4259/6aa05e4d3896c__34488-4259-thumb.jpg
26-1526,1780390,BASERACK H/DUTY AWNING BRACKET - 1780390,https://m.media-amazon.com/images/I/51j7X+sT-JL._AC_SL1080_.jpg
26-1527,3913160,SAHARA BUMPER LX470 & 100IFS - 3913160,https://alrimaya.com/image/catalog/product/4201/arb1087-1chopped-4201-thumb.jpg
26-1528,5100170,BUFFER KIT NO HOLE CLASSIC - 5100170,https://alrimaya.com/image/catalog/product/4202/42dcfb89ad7aad9c5099f5d2bed4228c__53411-4202-thumb.jpg
26-1529,5700232,COVER PANEL RSTB RHS BLK - 5700232,https://m.media-amazon.com/images/I/31DfslWgDTL._AC_.jpg
26-1530,17913010,BASERACK MNT SUITS LC100 1835 - 17913010,https://imageapi.partsb2.com.au/api/Image?urlId=MhIPrJ%2FyAjjLx22BKBNw%2B864oZJGHFAUu4X0CQaYP4zV379%2BoIghJWdKIJPmxpf5
26-1531,SS82HF,SNORKEL V SPEC - SS82HF,https://alrimaya.com/image/catalog/product/4222/ss82hf_4cw55kmkbth9xc7n-4222-thumb.jpg
26-1532,SS86HP,SNORKEL ARMAX TOY L/CRUISER - SS86HP,https://www.drivenoffroad.com.au/assets/full/SS86HP.jpg?20210604013328
26-1533,815133,TENT HINGE SWIVEL JOINT - 815133,https://static.summitracing.com/global/images/prod/xlarge/arb-815133_xl.jpg
26-1534,1780520,"ARB BASERACK AUX 2.8"" 20W - 1780520",https://imageapi.partsb2.com.au/api/Image?urlId=MhIPrJ%2FyAjjLx22BKBNw%2B%2FrNpgbyepxWZjJG2dlcuTG5%2FnHj5T6ZF5YJ7jo4lhoO
26-1535,10900027,FRIDGE WIRING KIT - 10900027,https://alrimaya.com/image/catalog/product/4294/4f36cd55d583c__75271-4294-thumb.jpg
26-1536,10900048,FRIDGE SLIDE ZERO 60/69/73L - 10900048,https://alrimaya.com/image/catalog/product/4310/5a7d05fb5f7a7__65077-4310-thumb.jpg
26-1537,10900051,TRANSIT BAG ZERO FRIDGE 44L - 10900051,https://alrimaya.com/image/catalog/product/4317/b0ac7151aad9e__71049-4317-thumb.jpg
26-1538,CABRUN,DRAWER FRIDGE CABLE GUIDE - CABRUN,https://alrimaya.com/image/catalog/product/4295/6c5ce3aa75ae7__71357-4295-thumb.jpg
26-1539,3800250,ROOFRACK CAGE 1250X1120 - 3800250,https://imageapi.partsb2.com.au/api/Image?urlId=MhIPrJ%2FyAjjLx22BKBNw%2B058yZic5d%2F4dM1fThoC%2BDxpIjzwf2lgGKM%2FhrKHd6Rb&quot;
26-154,N101C,NITROCHARGER N101C 26/154,https://www.lrsoffroad.co.uk/user/products/large/Old%20Man%20Emu%20Nitro%20Charger%20Shock.jpg
26-1540,3950240,WINCH BUMPER SUIT JL/JT - 3950240,https://imageapi.partsb2.com.au/api/Image?urlId=MhIPrJ%2FyAjjLx22BKBNw%2B2kDv4Pm20OXKn4YqlK%2B2FhJUmlOSc%2FXMRjmIkHM3wNl
26-1548,3748020,F/KIT R /RACK / 3748020,"https://static.wixstatic.com/media/1468af_0ffc6cac752540c2bb353e0524ec590c~mv2.jpg/v1/fill/w_780,h_521,al_c,lg_1,q_85/1468af_0ffc6cac752540c2bb353e0524ec590c~mv2.jpg"
26-1550,17925020,BASERACK MNT SUITS LC300 1545 17925020,https://alrimaya.com/image/catalog/product/4208/51OH8ujRm4L-4208-thumb.jpg
26-1551,17948060,BASERACK CABRACK MNT 17948060,https://tds4x4.co.nz/wp-content/uploads/2022/11/17900090-arb-BASE-RACK-DEFLECTOR-1-1.jpg
26-1552,3215250,SUMMIT B/BAR SUIT OE LED FOG 3215250,https://alrimaya.com/image/catalog/product/4198/Capture copy-4198-thumb.jpg
26-1553,3411040,WINCHBAR F/HZJ80 3411040,https://alrimaya.com/image/catalog/product/4203/50d7faa1814c4__53630-4203-thumb.jpg
26-1554,3427030,SUMMIT COMBAR SUIT Y62 MY18 3427030,https://alrimaya.com/image/catalog/product/4197/Y62PatrolSummit03-4197-thumb.jpg
26-1555,3501050,UNIVERSAL SWITCH COUPLING BRKT 3501050,https://alrimaya.com/image/catalog/product/4277/c414734fac736__35778-4277-thumb.jpg
26-1556,5700231,COVER PANEL RSTB LHS BLK 5700231,https://m.media-amazon.com/images/I/51g74g5f72L._AC_SL1000_.jpg
26-1557,FK100,REAR BUMP SPACER KIT JL JEEP FK100,https://cdn11.bigcommerce.com/s-fkyl20gecc/images/stencil/600x600/products/491636/1941313/3730143edf68967f6344e83b99155e44__54597.1668722451.JPG?c=2
26-1558,FK109,PANHARD BRACKET REAR FK109,https://alrimaya.com/image/catalog/product/4254/4bae5e5098ff4__81863-4254-thumb.jpg
26-1559,FK111,TRIM PACKER KIT R FK111,https://www.4wheelparts.com/sku/ARB%204x4%20Accessories/1000x1000/FK111_v1.jpg
26-156,N32,OME SHOCK SUZUKI VITARA-REAR,https://cdn11.bigcommerce.com/s-ldaxybx767/images/stencil/1280x1280/products/91808/390734/d4a674723a20401cb96d8b561c98f4b0__35761.1728412144.JPG?c=3
26-1560,SS1080HF,SNORKEL SUITS JEEP JL/JT WRAG SS1080HF,https://alrimaya.com/image/catalog/product/4216/d699bbd8bf69e__32582-4216-thumb.jpg
26-1561,TAD110,TANK DIESEL SUITS RANGER/BT50 TAD110,https://alrimaya.com/image/catalog/product/4431/1101-4431-thumb.JPG
26-1562,TAD122,TANK DIESEL MUX 21ON TAD122,https://imageapi.partsb2.com.au/api/Image?urlId=MhIPrJ%2FyAjjLx22BKBNw%2BwsVjnlUxZY0fepmJ0PQ7TGNUXll0RNB3%2BEy78CxMPWf
26-1563,10900047,FRIDGE SLIDE ZERO 36/44L 10900047,https://alrimaya.com/image/catalog/product/4311/5a7d05fb5f7a7__65077-4311-thumb.jpg
26-1564,10900052,TRANSIT BAG ZERO FRIDGE 60L 10900052,https://alrimaya.com/image/catalog/product/4316/72d9def995286__61136-4316-thumb.jpg
26-1565,10900053,TRANSIT BAG ZERO FRIDGE 69L DZ 10900053,https://alrimaya.com/image/catalog/product/4314/90bcf3742385a__97635-4314-thumb.jpg
26-1566,10900054,TRANSIT BAG ZERO FRIDGE 96L DZ 10900054,https://alrimaya.com/image/catalog/product/4313/0cd46fb00ac86__25917-4313-thumb.jpg
26-1567,10900055,TRANSIT BAG ZERO FRIDGE 36L 10900055,https://alrimaya.com/image/catalog/product/4315/9d29b639c8fd2__35810-4315-thumb.jpg
26-1568,217751,ARB UMBRELLA TOPO 21775,https://alrimaya.com/image/catalog/product/3809/26-1568-1-3809-thumb.jpg
26-1569,217755,OME DRINK BOTTLE 750ML 217755,https://i0.wp.com/automotor4x4store.com/es/wp-content/uploads/2021/02/ARB217755.jpg?fit=1200%2C1200&ssl=1
26-1570,802200,ARB ESPERANCE TENT 802200,https://www.brookwell.co.uk/sites/brookwell/files/styles/product_lightbox/public/802200_0.jpg?itok=ja3X88k-
26-1571,813109,2500 DLX AWNING ALCOVE 813109,https://imageapi.partsb2.com.au/api/Image?urlId=MhIPrJ%2FyAjjLx22BKBNw%2ByYOwucHkDkEO8%2FLJy0POe8dK7pDyFQipjV4zZMdHag5
26-1572,813209,2000 DLX AWNING ALCOVE 813209,https://imageapi.partsb2.com.au/api/Image?urlId=MhIPrJ%2FyAjjLx22BKBNw%2BxLDDOAOrfP8BFTfLDaJsYQ%2BHZlhpqIU7c5oqDtHlXke
26-1573,815226,AWNING FULL ARM - 2100 815226,https://cdn11.bigcommerce.com/s-wg9nennc1z/images/stencil/2000x2000/products/11933/13146146/arb-awning-full-arm-2.1m-815226__74127.1754469422.jpg?c=1
26-1574,815227,AWNING FULL LEG - ALL 815227,https://static.summitracing.com/global/images/prod/xlarge/arb-815227_ig_xl.jpg
26-1575,815230,AWNING FULL ARM 2500 815230,https://static.summitracing.com/global/images/prod/xlarge/arb-815230_iw_xl.jpg
26-1576,ARB4210,ARB HANGING ORGANISER ARB4210,https://www.lrsoffroad.co.uk/user/products/large/ARB4210-c[2].JPG
26-1577,BRC1,R/CONSOLE INSERT BRC1,https://static.summitracing.com/global/images/prod/xlarge/arb-brc1_xl.jpg
26-1578,BRCGU,R/CONSOLE GU PATROL S/WAG 97ON BRCGU,https://arb.pl/2797-large_default/konsola-dachowa-nissan-patrol-y61-szara-brcgu.jpg
26-1579,3421840,SUMMIT COMBAR PRADO 150 3421840,https://alrimaya.com/image/catalog/product/4193/2018_Prado_1-4193-thumb.jpg
26-1580,BP5160053,SHOCK: TOYOTA LC200 REAR BP5160053,https://cdn11.bigcommerce.com/s-wg9nennc1z/images/stencil/2000x2000/products/13984/13139815/old-man-emu-rear-bp-51-bypass-shock-absorber-bp5160053__94181.1749279929.jpg?c=1
26-1581,1780270,BASERACK SHOVEL HOLDER 1780270,https://imageapi.partsb2.com.au/api/Image?urlId=MhIPrJ%2FyAjjLx22BKBNw%2B5zwtqruyoq4VzBiYhN14%2BGncuNRZ4%2BHLYQVpVcnJKOX
26-1582,17925010,BASERACK MNT SUITS LC300 2125 - 17925010,https://imageapi.partsb2.com.au/api/Image?urlId=MhIPrJ%2FyAjjLx22BKBNw%2B4RG%2FPCKTxMo4%2FxDoiZpItrSQjmM%2BkDuuthjC5JybScx
26-1583,SS98HF,SNORKEL VSPEC LC300 2021ON - SS98HF,https://alrimaya.com/image/catalog/product/4219/SS98HF D copy-4219-thumb.jpg
26-1584,TREDPROMIL,TREDPRO MILITARY GREEN EXPORT - TREDPROMIL,https://alrimaya.com/image/catalog/product/4167/Capture-4167-thumb.PNG
26-1585,171302V2,ARB INFLATION ACCESSORY KIT/ORANGE,"https://alrimaya.com/image/catalog/product/4173/51peVRvLXRL._AC_UF1000,1000_QL80_-4173-thumb.jpg"
26-1589,,SP: TOP BUSH KIT / VM50010006SP,https://media.thmotorsports.com/ImageLoader/12986637
26-159,OME912,OME 912 (PAIR) 26/159,https://www.offroad24.de/catalog/bilder/3-0912_g.jpg
26-1593,10500123CD,ARB LAYBACK FOLDING CHAIR BEIGE ,https://alrimaya.com/image/catalog/product/3976/26-1593-(3)-min-3976-thumb.jpg
26-1594,RD167,AIRLOCKER DANAA60HD 4.10&DN - RD167,https://m.media-amazon.com/images/I/61fMHYkMQlL._AC_SL1500_.jpg
26-1595,TQRMK,TRED QUIK RELEASE - TQRMK,https://www.kaon.com.au/assets/full/KS0473.jpg?20230814104925
26-1596,180222SP,SP SWITCH - 180222SP,https://m.media-amazon.com/images/I/519JxQCdp-L._SL1500_.jpg
26-1597,CO35SP,SP PRESSURE SWITCH 1/4 NPT - CO35SP,https://static.summitracing.com/global/images/prod/xlarge/arb-co35sp_xl.jpg
26-1598,4414690,SUMMIT STEP SECTION DC/EC - 4414690,https://imageapi.partsb2.com.au/api/Image?urlId=MhIPrJ%2FyAjjLx22BKBNw%2B2%2BCfANZOhG%2BwT1tFxbm%2BeA1lOMzRzcS65wNlaE1v1mphHiYQDrsac1zelyABgvYpw%3D%3D
26-1599,4414710,SUMMIT RETURN W/BODY - 4414710,https://auto.com.ua/uploads/CatalogueImage/bd6af17924b974835c9314413f25a63d.jpg
26-16,4432010,P/STEP DISCOVERY TO 99,https://cdn11.bigcommerce.com/s-jobx3e0qy/images/stencil/1280x1280/products/57057/13601475/b757ccd14e568064137b2866cb0bce70__00895.1669770425.jpg?c=2
26-160,OMESD32,STEERING DAMPER DEFENDER/110,https://imageapi.partsb2.com.au/api/Image?urlId=Q2tWjuVjAt5KuELHWs4AHl96NX6xSOZCekAC12jh0fnHgbwiJe%2BQhQjkSTAZKBDV
26-1600,,AIRLOCKER FR 29 SPLINE,https://www.desertrat.com/images/F154308958.jpeg
26-1601,10900046,COOLBOX TIE DOWN KIT ZERO,https://alrimaya.com/image/catalog/product/4312/b38fc14492b0e__28541-4312-thumb.jpg
26-1602,RD214,AIRLOCKER H260 34 SPL,https://4x4works.b-cdn.net/app/uploads/2020/05/AR-Air-Locker-1-C.jpg?width=0&quality=85
26-1604,17914090,BASE RACK MOUNT KIT,https://imageapi.partsb2.com.au/api/Image?urlId=Q2tWjuVjAt5KuELHWs4AHgQdMQ%2Fst5uOisKu6YeJerrWGqEoPdrraHBN8rg4%2BqKQ&quot;
26-1605,180225SP,SP SWITCH,https://www.desertrat.com/images/F155133696.jpeg
26-1606,3304,COIL SPRING FRONT,https://alrimaya.com/image/catalog/product/5074/26-1606-5074-thumb.jpg
26-1607,3310,COIL SPRING FRONT,https://imageapi.partsb2.com.au/api/Image?urlId=Q2tWjuVjAt5KuELHWs4AHvsK%2B32TEuExY1dy4Mo23ZFWigATPZU89Z02qRNRr417
26-1608,3311,ARB COIL SPRING REAR,https://alrimaya.com/image/catalog/product/4697/Image-35-4380-thumb-800x800-4697-thumb.jpg
26-1609,3312,ARB COIL SPRING REAR,https://alrimaya.com/image/catalog/product/5091/old-man-emu-rear-coil-spring-set-3060__23113-5091-thumb.jpg
26-161,2863,ARB COIL SPRING 80 HD REAR(L) 2863,https://alrimaya.com/image/catalog/product/2804/26-442-2804-thumb.jpg
26-1610,3313,COIL SPRING REAR,https://imageapi.partsb2.com.au/api/Image?urlId=Q2tWjuVjAt5KuELHWs4AHtQaSU%2BOWiFFASbCpaRSDa%2B5cWp%2BsEMGuW1rAdXc%2BINh
26-1611,3921160,SAHARA BUMPER PRADO 120,https://www.promyges4x4.com/20890-thickbox_default/arb-deluxe-sahara-bar-bumpers-toyota-land-cruiser-120-2004-2009.jpg
26-1612,4039,COIL SPRING FRONT,https://alrimaya.com/image/catalog/product/4696/fa1649c939b5a__28863-4696-thumb.jpg
26-1613,4417280,F/RAIL GU LEAF&C/CAB 07ON,https://4x4works.b-cdn.net/app/uploads/2020/07/AR-DLX-STEPS-RAILS-C.jpg?width=1050&quality=85
26-1614,CKMP12V2,ARB AIR COMPRESSOR KIT MEDIUM,https://alrimaya.com/image/catalog/product/4514/_CKMP12V2_v1__80476-4514-thumb.jpg
26-1615,TAD120,TANK DIESEL DMAX BT50 20-ON,https://canberraautoaccessories.com.au/wp-content/uploads/2023/02/ARB-FRONTIER-FUEL-TANK-ISUZU-DMAX-2021-ON.jpg
26-1616,UCA0006,UPPER CONTROL ARM,https://sleeoffroad.com/wp-content/uploads/2020/08/arb1407.jpg
26-1617,10500151,ARB BASE CAMP CHAIR 10500151,https://imageapi.partsb2.com.au/api/Image?urlId=MhIPrJ%2FyAjjLx22BKBNw%2B8p9Oqfi6VtJJvge3mMO2MRqTRnT04w5A7urmqlAcgWs
26-1618,17962030,BASERACK DEFLECTOR Y62 2125,https://www.sahara4x4.com/data/productos/d_arb-17913010.jpg
26-1619,10500161,ARB PINNACLE CAMP CHAIR 10500161,https://alrimaya.com/image/catalog/product/4513/2816790233e6a__13334-4513-thumb.jpg
26-162,800CC,CLEAR COVERS 800 & XS SER,https://static.summitracing.com/global/images/prod/xlarge/arb-800cc_py_xl.jpg
26-1620,PB008R,PARABOLIC LEAF SPRING R 600KG,https://imageapi.partsb2.com.au/api/Image?urlId=Q2tWjuVjAt5KuELHWs4AHsuyxWVYDMvXdjwiKCPmDtM4r3W06fhKtFe1RlCnfJF6
26-1621,63002,NITROCHARGER PLUS SHOCK  63002,https://alrimaya.com/image/catalog/product/4624/b08c9c8ed7913__26313-4624-thumb.jpg
26-1622,63020,NITROCHARGER PLUS SHOCK,https://imageapi.partsb2.com.au/api/Image?urlId=Q2tWjuVjAt5KuELHWs4AHlM3aNGRBgfwSJNUrUDyTCwIrQSxeA%2FpbWEL35cvcoVs
26-1623,63029,NITROCHARGER PLUS SHOCK,https://cdn11.bigcommerce.com/s-wg9nennc1z/images/stencil/2000x2000/products/14199/13139691/old-man-emu-nitrocharger-plus-shock-rear-63029__74801.1749279815.jpg?c=1
26-1624,171328,INFLATION ACCESSORY KIT 171328,https://static.summitracing.com/global/images/prod/xlarge/arb-171328_xl.jpg
26-1625,MT64601003,MT64 SHOCK: LC79 FRONT MED,https://4x4works.b-cdn.net/app/uploads/2024/02/OM-MT64601002L-C.jpg?width=0&quality=85
26-1628,RDK1355,R/DRAWER KITCHEN 1255,https://cdn11.bigcommerce.com/s-wg9nennc1z/images/stencil/2000x2000/products/14304/13136883/arb-slide-out-camp-kitchen-1355mm-rdkna1355__42720.1749193773.jpg?c=1
26-1629,180703,FUSE 12V-40A MAXI TYPE,https://m.media-amazon.com/images/I/81Suxa7fecL._AC_SL1500_.jpg
26-163,N44,NITROCHARGER L/ROVER DEF V.FIRM FRONT 26/163,https://alrimaya.com/image/catalog/product/5541/main -26-163-5541-thumb.jpg
26-1630,2825020,RECOVERY POINT SUIT LC300 RHS,https://www.promyges4x4.com/16268-thickbox_default/arb-rescue-point-right-land-cruiser-300.jpg
26-1631,2825030,REC POINT LC300 GR SPORT LHS,https://www.4x4sintannaland.nl/wp-content/uploads/2023/09/2825010-510x223.jpg
26-1632,2825040,REC POINT LC300 GR SPORT RHS,https://www.4x4sintannaland.nl/wp-content/uploads/2023/09/2825010-510x223.jpg
26-1633,3434170,COMBAR PAJERO NS&NT 3434170,https://imageapi.partsb2.com.au/api/Image?urlId=MhIPrJ%2FyAjjLx22BKBNw%2B8GpoI7fngTC094IWbcHplHn%2BDeTKWPB0KiuocMMd4dDkN8MaV1BF9jisUwMenv1DA%3D%3D
26-1634,4010,ARB COIL SPRING FRONT 4010,https://cdn11.bigcommerce.com/s-jdgj5ipz45/images/stencil/1280x1280/products/84948/236405/d897154ab35f0__62137__76136.1716491295.jpg?c=1
26-1635,4425020,SUMMIT F/RAIL SUIT LC300,https://orp.com.kw/wp-content/uploads/2022/03/ebfvrtfbvrgtfbvrcf.jpg
26-1636,4425040,SUM STEP SECT LC300 GR SPORT,https://shop.auto.com.ua/uploads/CatalogueImage/514411184608a7687feb6d8284a6b1bf.jpg
26-1638,OMEABK001,AIR BAG PURGE CONTROL KIT,https://imageapi.partsb2.com.au/api/Image?urlId=Q2tWjuVjAt5KuELHWs4AHghe0rK1rzpoPY%2BaazX9eELh4ZpbPA0x1QImCxgKVa7mtpiU1AiSwbpkMYLu%2F3mrPDIkJVFupEND9O3wsd4uy%2Bw%3D&quot;
26-1639,10500181,ARB DOUBLE SWAG STRETCHER,https://www.outback-import.fr/72150-thickbox_default/lit-de-camp-double-arb-stretcher-double-swag.jpg
26-164,N115,N115 26/164,https://szekla4x4.pl/32652-large_default/arb-n115-shock-absorber-ome-n115-front-discovery-range-rover-defender-county-90.webp
26-1640,814450,ARB ENSUITE ROOM W/ FLOOR,https://www.arb.com.au/wp-content/uploads/2023/08/ensuite_room_interactive_features.png
26-1641,HI15FK,R/DRAW FLR HILUX 150N,https://imageapi.partsb2.com.au/api/Image?urlId=MhIPrJ%2FyAjjLx22BKBNw%2B5zmUSBU0BgAeQUNTnvv8zjz%2Fzk4cpJ%2BsPdNwXt6w0jx&quot;
26-1642,LC300FKIK,R/DWR SIDE FLR & INSTALL KIT,https://imageapi.partsb2.com.au/api/Image?urlId=MhIPrJ%2FyAjjLx22BKBNw%2B20NtU8lm4SY2kwkShMSE7HbQKCaYQZJ8vW5MEE4eVF2
26-1643,RDK1045,R/DRAWER KITCHEN 950,https://cdn11.bigcommerce.com/s-wg9nennc1z/images/stencil/2000x2000/products/11774/13136637/arb-roller-drawer-rd1045__61549.1749193355.jpg?c=1
26-1644,93017,NITROCHARGER PLUS STRUT 93017,https://cdn11.bigcommerce.com/s-wg9nennc1z/images/stencil/2000x2000/products/14268/13136559/old-man-emu-nitrocharger-plus-strut-front-93017__97056.1749193243.jpg?c=1
26-1645,MT64601006,MT64 SHOCK: LC79 REAR HVY,https://www.outback-import.fr/71631-thickbox_default/mt64-ome-rear-shock-absorber-landcruiser-70-series.jpg
26-1646,MT64901007,MT64 C/0: PRADO 150 FRONT MED,https://cdn11.bigcommerce.com/s-wg9nennc1z/images/stencil/2000x2000/products/14030/13140419/old-man-emu-mt64-strut-front-mt64901007__89210.1749280994.jpg?c=1
26-1647,ARBVX17,ARB INTENSITY IQ DRIVING LIGHTS,https://alrimaya.com/image/catalog/product/4591/ARBVX17__83056 (1)-4591-thumb.jpg
26-1648,WT001MG28,ARB PORTABLE WATER TANK 28L,https://www.offroad24.de/catalog/bilder/35-WT001MG28_d2.jpg
26-1649,RWR100S,REVO 10000LB SYNTHETIC WINCH - BUSHRANGER,https://automotivesuperstore.com.au/media/catalog/product/cache/6ebb14f80dd9911765fccbce6886f65f/R/W/RWR100S_1.jpg
26-165,N104,OME SHOCK NISS R50 7/99 ON-R-,https://alrimaya.com/image/catalog/product/2114/31D12tdfs0L-2114-thumb.jpg
26-1650,RWR120S,REVO 12000LB WINCH SYNTHETIC ROPE - BUSHRANGER,https://dzpdbgwih7u1r.cloudfront.net/96a7133b-3148-4084-8038-f71ec2b9c3ce/96a727ed-00c4-4065-878e-e24d3f30a987/97a1bf27-74ce-4377-87b6-b32212be9456/w1000h1000-ycqvvfqhj.jpg
26-1651,NAV040,ARB CAMPING SHOVEL BUDDY WITH BAG,https://aus4wd.shop/wp-content/uploads/2020/10/NavigatorShovelBuddy_galleryimg1.jpg
26-1652,ARB4209,ARB TOILETRIES BAG,https://m.media-amazon.com/images/I/412TfVgaCXL._AC_SL1200_.jpg
26-1653,ARB4201,ARB COMPACT SLEEPING BAG ARB4201,https://aus4wd.shop/wp-content/uploads/2020/10/Alpha_CompactSleepingbag.png
26-1654,4412720,SUMMIT PROT STEP 70 DC,https://orp.com.kw/wp-content/uploads/2024/04/AWSFCBEOSDGFOEGFIY-1024x1024.jpg
26-1655,4417250,S/RAIL REAR GU COIL CAB ONLY,https://cdn.vividracing.com/file/vr/2337/2021/ARB_4417250.webp?p=wm&w=1200
26-1656,T2QRMP,TRED QUICK RELEASE PINS – PAIR,https://cdn11.bigcommerce.com/s-wg9nennc1z/images/stencil/2000x2000/products/14004/13139749/arb-tred-quick-release-mounting-pins-t2qrmp__94927.1749279868.jpg?c=1
26-1657,OMEAB003,AIR BAG KIT FOR PB SPRINGS,https://imageapi.partsb2.com.au/api/Image?urlId=Q2tWjuVjAt5KuELHWs4AHnrN60G1wG5fz%2BAk4PJ83%2F7EB0n8wAJJwYGppRd%2BGhps
26-1658,63000,NITROCHARGER PLUS SHOCK,https://cdn11.bigcommerce.com/s-wg9nennc1z/images/stencil/2000x2000/products/14171/13140315/old-man-emu-nitrocharger-plus-shock-front-63000__95274.1749280802.jpg?c=1
26-1659,63011,NITROCHARGER PLUS SHOCK 63011,https://cdn11.bigcommerce.com/s-y2fzxlqvm7/images/stencil/original/products/682313/2260707/7f1dad26b1140775e64c9f4b4b6067f3L__90448.1728789734.JPG
26-1660,63014,ARB NITROCHARGER PLUS SHOCK,https://imageapi.partsb2.com.au/api/Image?urlId=Q2tWjuVjAt5KuELHWs4AHpL4rceUR6MT7af%2Fj77w3F224Cu0Lt5rafzPhas5EUpm
26-1661,63030,NITROCHARGER PLUS SHOCK 63030,https://cdn11.bigcommerce.com/s-wg9nennc1z/images/stencil/2000x2000/products/14226/13139816/old-man-emu-nitrocharger-plus-shock-rear-63030__82998.1749279930.jpg?c=1
26-1662,63081,NITROCHARGER PLUS SHOCK,https://cdn11.bigcommerce.com/s-wg9nennc1z/images/stencil/2000x2000/products/14221/13139835/old-man-emu-nitrocharger-plus-shock-rear-63081__19427.1749280051.jpg?c=1
26-1663,MT64601011,MT64 SHOCK: FJ CRUISER RR MED,https://alrimaya.com/image/catalog/product/4694/8dece55c3196b__47746-4694-thumb.jpg
26-1664,MT64601019,MT64 SHOCK: LC300 REAR MED,https://alrimaya.com/image/catalog/product/4695/8dece55c3196b__47746-4695-thumb.jpg
26-1665,MT64901017,MT64 C/O: LC300 FRONT MED,https://alrimaya.com/image/catalog/product/4693/7e065055bf225__63134-4693-thumb.jpg
26-1666,830002,ARB AIR SUSPENSION CONTROL,https://iodperformance.com/wp-content/uploads/2025/05/image.png
26-1667,4000,COIL SPRING FRONT,https://cdn11.bigcommerce.com/s-wg9nennc1z/images/stencil/2000x2000/products/14177/13140331/old-man-emu-front-coil-spring-set-4000__98839.1749280816.jpg?c=1
26-1668,3412690,W/BAR LC76/8/9 DC MY24 ON 60.3,https://www.4x4megaworldonline.com/wp-content/uploads/2025/04/JPEG-2.jpg.webp
26-1669,RD203,AirLocker 17 SPL,https://imageapi.partsb2.com.au/api/Image?urlId=MhIPrJ%2FyAjjLx22BKBNw%2B3J5hxYQk0sw7hTfpOFzMlwe1AFKUXolbBIPoIrX%2Bqu8
26-1670,RD261,AIRLOCKER RR 26 SPLINE,https://imageapi.partsb2.com.au/api/Image?urlId=MhIPrJ%2FyAjjLx22BKBNw%2B464v70iruNY2%2FRQ7ggDJZIf0rhZwLNrnwWn2qFDjxyD
26-1671,63070,ARB NITROCHARGER PLUS SHOCK 63070,https://imageapi.partsb2.com.au/api/Image?urlId=Q2tWjuVjAt5KuELHWs4AHqVkHpSaA%2BtX3oqMrALFSwUKUTmgKATpKIXljimOTnde
26-1672,3580030,FORD BRONCO COMPRESSOR BRACKET,https://imageapi.partsb2.com.au/api/Image?urlId=MhIPrJ%2FyAjjLx22BKBNw%2B8dJAJgIwU6D2E%2FhWod4F9U%2FNWXZ1xwgZwJQKUdnv5aJ5bZf%2FCpCI2hp%2BvS14aE7bA%3D%3D&quot;
26-1673,63012,NITROCHARGER PLUS SHOCK,https://4x4works.b-cdn.net/app/uploads/2024/02/OM-63012-C.jpg?width=550
26-1674,4007,COIL SPRING FRONT 4007,https://imageapi.partsb2.com.au/api/Image?urlId=Q2tWjuVjAt5KuELHWs4AHqQNal9sFzvFNwkvyR9FMTNO%2BYuagmPAUhv3o2UBFbO%2B
26-1675,110-110-125,SHOCK BUSH & SLEEVE,https://ome-express.ru/upload/iblock/1d0/1d0c07fb880b5da0aa846e9494820895.jpg
26-1676,MT64601001L,MT64 SHOCK.HILUX 2015 RR L MED,https://www.promyges4x4.com/16685-thickbox_default/ome-shock-absorber-mt64-left-rear-toyota-hilux-2015.jpg
26-1677,MT64601001R,MT64 SHOCK:HILUX 2015 RR R MED,https://www.promyges4x4.com/16665-thickbox_default/ome-shock-absorber-mt64-right-rear-toyota-hilux-2015.jpg
26-1678,MT64901001,MT64 C/0:HILUX 2015 FRONT MED ,https://4x4works.b-cdn.net/app/uploads/2024/02/OM-MT64901001-C.jpg?width=550
26-1679,93010,NITROCHARGER PLUS STR,https://imageapi.partsb2.com.au/api/Image?urlId=Q2tWjuVjAt5KuELHWs4AHqtCsQ4COsCvk%2Bg57CUVgPpKsVFoJXympKUTwxYIJtZh
26-1680,17914060,BASERACK DEFLECTOR SUIT HILUX 17914060,https://cdn.vividracing.com/file/vr/2337/2024/17914060.jpg?p=wm&w=1200
26-1681,4001,COIL SPRING FRONT 4001,https://imageapi.partsb2.com.au/api/Image?urlId=Q2tWjuVjAt5KuELHWs4AHoZ0U%2BekLrZV0qkVqKMbZHiVzNamUeZkklHgb9jKysj4
26-1682,4019,COIL SPRING FRONT 4019,https://cdn11.bigcommerce.com/s-wg9nennc1z/images/stencil/2000x2000/products/14176/13139841/old-man-emu-front-coil-spring-set-4019__05786.1749280056.jpg?c=1
26-1683,SN02MB,MATT BLACK SNORKEL SUIT JIMNY SN02MB,https://imageapi.partsb2.com.au/api/Image?urlId=y7vN0ViOCPWh6vO5679%2FLYDX3I0REvBuSsizK0trD4cNr8L7gCP%2Fwkyh2mATlegQ
26-1684,93005,NITROCHARGER PLUS STRUT 93005,https://alrimaya.com/image/catalog/product/5123/old-man-emu-nitrocharger-plus-strut-front-93005__62755-5123-thumb.jpg
26-1685,MT64601020,MT64 SHOCK: LC300 REAR HVY MT64601020,https://4x4works.b-cdn.net/app/uploads/2024/01/OM-MT64-PE-C.jpg?width=550
26-1689,17914050,BASERACK CABRACK MNT HILUX,https://mudify.com/cdn/shop/files/17914050_1024x1024.jpg?v=1705960101
26-1690,4080111,FLOOR MATS FRONT AND REAR SET,https://mudify.com/cdn/shop/files/arbfloormats_1024x1024.jpg
26-1691,FJFK,ARB R/DRW SIDE FLR KIT FJ CRUISER,https://cdn11.bigcommerce.com/s-wg9nennc1z/images/stencil/2000x2000/products/11909/13139165/arb-side-floor-kit-fjfk__75022.1749197419.jpg?c=1
26-1692,RDRF790,ARB R/DRAW WITH R/FLOOR 845X790,https://cdn11.bigcommerce.com/s-wg9nennc1z/images/stencil/2000x2000/products/11778/13137128/arb-roller-drawer-with-roller-floor-rdrf790__62164.1749194112.jpg?c=1
26-1693,3412760,ARB SUMMIT MKII BAR LC76/8/9 DC MY,https://imageapi.partsb2.com.au/api/Image?urlId=MhIPrJ%2FyAjjLx22BKBNw%2B9I4qppKD1OGKcKmlG%2FOObxG7dUUTvWsOa5BXYpiCmZn&quot;
26-1694,RJX01,X-JACK WITH COMPRESSOR ADAPTOR,https://imageapi.partsb2.com.au/api/Image?urlId=XIUK8pSeT%2F9sHy5b5SRPpzLocstWyZktR73sYc%2BGNwrG0h3C39R%2B9CPsyGTok4ygrvOUJquZTFVZCU62KW9xgQ%3D%3D
26-1695,OMESTAB5,ARB SWAY BAR -R-,https://imageapi.partsb2.com.au/api/Image?urlId=Q2tWjuVjAt5KuELHWs4AHs8G0paU2CJOuz6ZM84vVppE9Ryh3p6bYzncNvXqjOfz
26-1696,RK9A,ARB PREMIUM RECOVERY KIT SII,https://imageapi.partsb2.com.au/api/Image?urlId=MhIPrJ%2FyAjjLx22BKBNw%2B0aiGfoMLJuUMOwaoQ8T8P%2FduqN38fN3PxfJM2klU74R&quot;
26-1697,93031,NITROCHARGER PLUS STRUT 93031,https://www.promyges4x4.com/18493-thickbox_default/ome-nitrocharger-plus-shock-absorber-front-mitsubishi-l200.jpg
26-1698,171507,AIR TANK 4L 4 X 1/4NPSC,https://imageapi.partsb2.com.au/api/Image?urlId=MhIPrJ%2FyAjjLx22BKBNw%2B%2BObXyyTZz%2BF6qkx3txv21qDJeBOOsCHOXAt8rKs8Ba7
26-1699,180427,WIRING HARNESS EXTENSION,https://cdn11.bigcommerce.com/s-wg9nennc1z/images/stencil/2000x2000/products/11910/13136580/arb-compressor-wiring-harness-extension-180427__75629.1749193299.jpg?c=1
26-170,OME921,OME 921 26/170,https://www.4x4proyect.com/images/ome/OME-921.jpg
26-1700,171301V2,AIR HOSE US STD(M) US STD(F),https://cdn11.bigcommerce.com/s-wg9nennc1z/images/stencil/2000x2000/products/12784/13140754/arb-high-temperature-air-hose-171301v2__54472.1751788579.jpg?c=1
26-1701,MT64602005L,MT64 SHOCK: F150 MY21+ RR MD L,https://mudify.com/cdn/shop/files/MT64601001L_1024x1024.jpg?v=1717533124
26-1702,MT64602005R,MT64 SHOCK: F150 MY21+ RR MD R,https://mudify.com/cdn/shop/files/MT64601001L_1024x1024.jpg?v=1717533124
26-1703,MT64902003,MT64 C/O: F150 MY21+ FRONT MD,https://mudify.com/cdn/shop/files/MT64901001_1024x1024.jpg?v=1717523714
26-1704,4048,COIL SPRING FRONT-4048,https://imageapi.partsb2.com.au/api/Image?urlId=Q2tWjuVjAt5KuELHWs4AHqTPYPNjOfWdwU%2FtzbeoggtttQgIG4YfKOANGJx%2FQZiA
26-1705,3412650,W/BAR LC76/8/9 08/22 ON 60.3,https://orp.com.kw/wp-content/uploads/2023/07/3412650.jpg
26-1706,2848030,RECOVERY POINT LH 8T ARB RATED,https://imageapi.partsb2.com.au/api/Image?urlId=MhIPrJ%2FyAjjLx22BKBNw%2B%2FwkGLUJWA8M4nTjw1VszsuunGKGPq63yqgvKcumGQd%2B
26-1707,3412630,W/BAR LC79 08/22 ON 60.3 MT BK,https://imageapi.partsb2.com.au/api/Image?urlId=MhIPrJ%2FyAjjLx22BKBNw%2Bxun9C%2FlnS5nLHHZr3Xa04sD0wRp2Yr%2FqO0Ta%2Bbgmh5d&quot;
26-171,2922,COIL P/FIND R50 REAR(L),https://alrimaya.com/image/catalog/product/633/26-442-633-thumb.jpg
26-1724,VL80010003SP,SP: SHAFT SEAL/BEARING 19-13,https://cdn11.bigcommerce.com/s-wg9nennc1z/images/stencil/2000x2000/products/13057/13121288/14609c24b0d31__69596.1727215651.jpg?c=1
26-173,2GQ02CM,COIL GQ REAR,https://alrimaya.com/image/catalog/product/621/26-442-621-thumb.jpg
26-1739,VD11010018SP,SP: SPHERICAL BEARING COM18MT,https://alrimaya.com/image/catalog/product/5739/26-1739(02)-5739-thumb.jpg
26-176,3413010,WINCHBAR 100 SER COIL,https://bumpersuperstore.com/images/F146334552.jpg
26-177,3416110,WINCHBAR GQ/MAV,https://alrimaya.com/image/catalog/product/3655/3416110-3655-thumb.jpg
26-1782,CKBLA12,COMPRESSOR KIT BRUSHLESS-CKBLA12,https://imageapi.partsb2.com.au/api/Image?urlId=MhIPrJ%2FyAjjLx22BKBNw%2B6B%2Btfy%2FFYwN7kmy6cilmFFggx8FevtkFWZH%2FCdrkiva
26-1783,CKBLTA12,COMPRESSOR KIT BRUSHLESS TWIN,https://imageapi.partsb2.com.au/api/Image?urlId=MhIPrJ%2FyAjjLx22BKBNw%2B1IfPF3klB8vfbx5k9Qx44t7Ffhfq%2BxDIVtWF8LXQSlx
26-1784,CKBLTP12,COMPRESSOR BRUSHLESS TWIN,https://alrimaya.com/image/catalog/product/5468/ckbltp12-1-5468-thumb.jpg
26-1785,OTSGRE400,ONTAP SHOWER GREEN-OTSGRE400,https://f.nooncdn.com/p/pzsku/ZC7DA5183C26C9FAB3E42Z/45/_/1739537675/18589720-bdc4-41a1-8620-1a738b38fec6.jpg?width=800
26-1786,OME669,LEAF SPRING SPACER,https://imageapi.partsb2.com.au/api/Image?urlId=Q2tWjuVjAt5KuELHWs4AHr%2FH2%2BoAIjCyiKCWl%2FcKbvwsVw1vlfePvnDuakMz1wW5
26-1787,OME670,CAM ALIGNMENT KIT-OME670,https://imageapi.partsb2.com.au/api/Image?urlId=Q2tWjuVjAt5KuELHWs4AHhRcaWVksiVNZgGmC%2FbFVxI1WP64XmGSV1b5Xg4Ct4OU
26-1788,OMEU96,OME U BOLT WASHERS & NUTS-OMEU96,https://mudify.com/cdn/shop/files/OMEU81_v2_1024x1024.jpg?v=1729800936
26-1789,UCA0017,UPPER CONTROL ARM-UCA0017,https://mudify.com/cdn/shop/files/UCA0011_1024x1024.jpg?v=1728055943
26-179,OME80PR05,COIL SPRING PACKER 5MM,https://i.ibb.co/qDPqZ2L/26-179-1-copy-Large.jpg
26-1790,4057,COIL SPRING FRONT-4057,https://imageapi.partsb2.com.au/api/Image?urlId=Q2tWjuVjAt5KuELHWs4AHrLdJ87MJLfP4NqnvVQOphkAoe2EVAMH9rCeKvobDQ2Y
26-1791,,ONTAP SHOWER BLACK-OTSBLA400,https://alrimaya.com/image/catalog/product/5865/26-1791-5865-thumb.jpg
26-1792,CKBLP12,COMPRESSOR BRUSHLESS SINGLE,https://cdn11.bigcommerce.com/s-wg9nennc1z/images/stencil/2000x2000/products/14984/13146547/arb-brushless-single-motor-portable-12v-air-compressor-ckblp12__12765.1754584889.jpg?c=1
26-1793,814415,ARB BLK ALUM AWN W/LIGHT 3000,https://imageapi.partsb2.com.au/api/Image?urlId=MhIPrJ%2FyAjjLx22BKBNw%2B2a%2BCPq6LoV4ySUY%2BUn5Q2hqVhXdVSZnjd%2FCTwZTIqxf
26-1794,,NITROCHARGER PLUS SHOCK-63067,https://cdn11.bigcommerce.com/s-wg9nennc1z/images/stencil/2000x2000/products/14220/13140375/old-man-emu-nitrocharger-plus-shock-rear-63067__78199.1749280854.jpg?c=1
26-1795,,NITROCHARGER PLUS SHOCK-63154,https://cdn11.bigcommerce.com/s-wg9nennc1z/images/stencil/2000x2000/products/14207/13139982/old-man-emu-nitrocharger-plus-shock-front-63154__95310.1749280285.jpg?c=1
26-1796,,NITROCHARGER PLUS SHOCK-63155,https://mudify.com/cdn/shop/files/63155_1024x1024.jpg?v=1718722032
26-1797,802200V2,ARB ESPERANCE TENT V2,https://cdn11.bigcommerce.com/s-wg9nennc1z/images/stencil/1920w/products/14948/13147199/arb-esperance-v2-roof-top-tent-802200v2__39765.1758361053.jpg?c=1
26-1798,1780800,BED RACK SIDE CHANNEL,https://cdn11.bigcommerce.com/s-wg9nennc1z/images/stencil/2000x2000/products/15065/13141354/arb-bed-rack-side-channel-1780800__09737.1751789540.jpg?c=1
26-1799,1780760,BED RACK RECOVERY MOUNTS ,https://cdn11.bigcommerce.com/s-wg9nennc1z/images/stencil/2000x2000/products/14846/13138249/arb-bed-rack-recovery-board-mount-1780760__56522.1749195963.jpg?c=1
26-180,OME80PR10,COIL SPRING PACKER 10MM,https://alrimaya.com/image/catalog/product/1399/26-180-(2)-1399-thumb.jpg
26-1800,1780840,BED RACK TRIPLE CASE MOUNT,https://imageapi.partsb2.com.au/api/Image?urlId=MhIPrJ%2FyAjjLx22BKBNw%2B8%2FnSFDLpta60qXt8upR%2BmCxXjdj6wpH28nP1GFCJ6cD&quot;
26-1801,270201,ARB CARRY CASE (SINGLE),https://cdn11.bigcommerce.com/s-wg9nennc1z/images/stencil/2000x2000/products/14854/13139307/arb-single-carry-case-270201__04380.1749197659.jpg?c=1
26-1802,1780850,BED RACK CROSS BARS PR 1400MM,https://cdn11.bigcommerce.com/s-wg9nennc1z/images/stencil/2000x2000/products/15066/13143377/arb-bed-rack-cross-bars-pair-55-inch-1780850__72423.1751792737.jpg?c=1
26-1803,3436070,ZENITH WINCH BAR MT BLACK,https://imageapi.partsb2.com.au/api/Image?urlId=MhIPrJ%2FyAjjLx22BKBNw%2B3bVhZcIPHqTOApPwMTNKiSld1wgD1ZJD9y%2FPn81%2Bc5U
26-1806,2836010,RECOVERY POINT LHS 8T RATED,https://imageapi.partsb2.com.au/api/Image?urlId=MhIPrJ%2FyAjjLx22BKBNw%2B6dhYF23B7pbDiMsnEuUrOPJnibxo9DYoY4ergu9OAuL
26-1807,2836020,RECOVERY POINT RHS 8T RATED,https://imageapi.partsb2.com.au/api/Image?urlId=MhIPrJ%2FyAjjLx22BKBNw%2B6dhYF23B7pbDiMsnEuUrOPJnibxo9DYoY4ergu9OAuL
26-1808,PM431,QUATRO SPOT,https://imageapi.partsb2.com.au/api/Image?urlId=MhIPrJ%2FyAjjLx22BKBNw%2B9S9YHv0soyexeQjdTNZFic2Zovsmc3CpBFCDcEhBheP&quot;
26-1809,PM451, QUATRO FLOOD,https://imageapi.partsb2.com.au/api/Image?urlId=MhIPrJ%2FyAjjLx22BKBNw%2B%2BOT4MFRMfHn4Xp6z5lli1%2BBSiV97FvlAvjtmuPbJD2H&quot;
26-181,OME80PF10,COIL SPRING PACKER 10MM,https://imageapi.partsb2.com.au/api/Image?urlId=Q2tWjuVjAt5KuELHWs4AHg7aNhTKboKg3kuBUV4Ua%2Fhl8EM0Cfync72aGYG1u%2FvQ
26-1810,1780720,BED RACK TWIN SUPPORT MOUNT,https://cdn11.bigcommerce.com/s-wg9nennc1z/images/stencil/2000x2000/products/14861/13136795/arb-heavy-duty-support-bracket-for-bed-rack-accessory-mount-kit-1780720__21547.1749193595.jpg?c=1
26-1811,802500,ARB ALTITUDE ELECTRIC RTT,https://cdn11.bigcommerce.com/s-wg9nennc1z/images/stencil/2000x2000/products/14257/13136373/arb-altitude-rooftop-tent-802500__00521.1749193062.jpg?c=1
26-1812,17936010,BED RACK MOUNT KIT,https://imageapi.partsb2.com.au/api/Image?urlId=MhIPrJ%2FyAjjLx22BKBNw%2B9yqMTz6KMp6om9seHNRAxJen%2BGNQ09UKzXyODEbA4Uk
26-1813,BP5190029L,C/OVER: PRADO 250 FR LH,https://imageapi.partsb2.com.au/api/Image?urlId=Q2tWjuVjAt5KuELHWs4AHlIEV1p7bPik0CZOikM6AKR9BDWBXCOA9MChJDuP0LRQ
26-1814,BP5190029R,C/OVER: PRADO 250 FR RH,https://imageapi.partsb2.com.au/api/Image?urlId=Q2tWjuVjAt5KuELHWs4AHlIEV1p7bPik0CZOikM6AKR0xwnejVdPd%2BgebJH2Z8wk
26-1815,VM80010091,BP51 FIT KIT,https://imageapi.partsb2.com.au/api/Image?urlId=Q2tWjuVjAt5KuELHWs4AHgnbcaPckxJbIrxX7eZZ9MeFdH9%2B8RsRj6ieMtjb8kCy
26-1816,BP5160070,SHOCK: PRADO 250 RR,https://imageapi.partsb2.com.au/api/Image?urlId=Q2tWjuVjAt5KuELHWs4AHsd9aM%2B6QO9Ao6WINl5bHhzxz9Rc1k%2FYwpIRjwaWA7Xl
26-1817,VM80010092,BP51 FIT KIT,https://buyarb.com/cdn/shop/files/VM80010092_v1_1500x.jpg?v=1749577826
26-1818,110-110-112,OME SHOCK BUSH-90010-LOWER,https://cdn11.bigcommerce.com/s-fkyl20gecc/images/stencil/1280x1280/products/490929/1939357/b37b08b123f49da91e26206a37150b16__54306.1668721862.JPG?c=2
26-1819,SMP649,NITROCHARGER ORIGINAL BUSH KIT,https://cdn11.bigcommerce.com/s-cc6n4ysez6/images/stencil/805x805/products/159737/30929/smp649_1mabh5s6zljqvdtz__61766.1697613261.jpg
26-182,OME80PF05,COIL SPRING PACKER 5MM,https://i.ibb.co/hKHCD4k/26-182-1-copy-Large.jpg
26-1820,110-110-115,SHOCK BUSH LOWER,https://taubenreuther.b-cdn.net/media/fa/f6/2f/1764084182/3-8110110115_1.jpg?width=3000
26-1821,SS792HPGD,SS792HPGD ARMAX SNORKEL,https://imageapi.partsb2.com.au/api/Image?urlId=%2BBbNKHEgeYcfCjTuC%2FaPdmN4WVwczXTdZMpJ5u1QwFK14z%2FkXek5GMsNXbWAIm2O
26-1822,SS792HPVD,SS792HPVD ARMAX SNORKEL,https://imageapi.partsb2.com.au/api/Image?urlId=%2BBbNKHEgeYcfCjTuC%2FaPdlsHnjMMEAc08mPJTJ%2B%2FwLU%2FdhRs7WToCl4IQzX48rL4
26-1823,TAD126,TANK DIESEL LC300 78L,https://imageapi.partsb2.com.au/api/Image?urlId=MhIPrJ%2FyAjjLx22BKBNw%2B%2FnpxHqrjJ5tdCgujecxU2gkP91aPFZzG67QU9e%2FZMA%2B
26-1824,10500171,ARB PINNACLE CAMP TABLE,https://imageapi.partsb2.com.au/api/Image?urlId=MhIPrJ%2FyAjjLx22BKBNw%2BxX%2FoBLwWHD6YH11Ax8Q%2Bqj4%2FdfcPhnl3KuyeAd%2Bpi7Y
26-1825,63132,NITROCHARGER PLUS SHOCK,https://imageapi.partsb2.com.au/api/Image?urlId=Q2tWjuVjAt5KuELHWs4AHv7wALaMq6bf5Ro6h852YbhURCkQRnyr2o9nhhvJaU6U
26-1826,63163,NITROCHARGER PLUS SHOCK,https://imageapi.partsb2.com.au/api/Image?urlId=Q2tWjuVjAt5KuELHWs4AHhHY1XDKXjBzaUKbSC0sXo4%2Fdv7E6YlgLxabNA5u%2FiDc
26-1827,63177,NITROCHARGER PLUS SHOCK,https://imageapi.partsb2.com.au/api/Image?urlId=Q2tWjuVjAt5KuELHWs4AHhGUeIzXc5881YEc%2FzJcYRpUaqeF2d2j06x%2Bg38mzTux
26-1828,110-110-110,SHOCK BUSH-90005-LOWER,https://alrimaya.com/image/catalog/product/5436/26-1828-5436-thumb.jpg
26-1829,10100515,ARB SINGLE SWAG BAG,https://alrimaya.com/image/catalog/product/5437/main-5437-thumb.jpg
26-183,OMEGQPF05,COIL SPRING PACKER 5MM,https://imageapi.partsb2.com.au/api/Image?urlId=Q2tWjuVjAt5KuELHWs4AHjcAniQWUd5%2BQ%2B3E%2B6%2F5lFVrkReK05HbO2oFJJerKsmS
26-1830,EL116R,SPRING TOY 78/79 SERIES,https://alrimaya.com/image/catalog/product/5438/main-5438-thumb.jpg
26-1831,63016,NITROCHARGER PLUS SHOCK,https://alrimaya.com/image/catalog/product/5439/main-5439-thumb.jpg
26-1832,63037,NITROCHARGER PLUS SHOCK,https://alrimaya.com/image/catalog/product/5440/main-5440-thumb.jpg
26-1833,63038,NITROCHARGER PLUS SHOCK,https://alrimaya.com/image/catalog/product/5441/26-1833-5441-thumb.jpg
26-1834,BP5190022R,C/OVER: TOYOTA LC300 RH,https://alrimaya.com/image/catalog/product/5442/main-5442-thumb.jpg
26-1835,MT64601017,MT64 SHOCK: LC200 REAR MED,https://alrimaya.com/image/catalog/product/5443/main-5443-thumb.jpg
26-1836,MT64901019,MT64 C/O: LC200 FRONT MED,https://alrimaya.com/image/catalog/product/5444/main-5444-thumb.jpg
26-1837,VM80010066,BP-51 FIT KIT: LC300 FRONT,https://alrimaya.com/image/catalog/product/5458/26-1837-1-5458-thumb.jpg
26-1838,VM80010067,BP-51 FIT KIT: LC300 REAR,https://alrimaya.com/image/catalog/product/5459/26-1838-1-5459-thumb.jpg
26-184,OMEGQPF10,COIL SPRING PACKER 10MM,https://www.desertrat.com/images/F154311832.jpeg
26-185,OMEGQPR05,COIL SPRING PACKER 5MM,https://imageapi.partsb2.com.au/api/Image?urlId=Q2tWjuVjAt5KuELHWs4AHnS2Ia9oN3tEF5G3EE%2Fsk2wz5Rt64XbhwdGqAVB5AFQ2
26-186,OMEGQPR10,COIL SPRING PACKER 10MM,https://alrimaya.com/image/catalog/product/1401/26-186-(2)-1401-thumb.jpg
26-191,2880,COIL PRADO F TO 2003(L),https://alrimaya.com/image/catalog/product/3499/coil-3499-thumb.jpg
26-192,2892,COIL PRADO R TO 2003(L),https://alrimaya.com/image/catalog/product/4401/26-246-4401-thumb.jpg
26-193,2936,COIL GRAND WJ HD F(L),https://imageapi.partsb2.com.au/api/Image?urlId=Q2tWjuVjAt5KuELHWs4AHul26GGAqx%2BXPB5I67xNTDdFXfJaFU3Yk%2FLCv2IYyJut
26-197,N111,OME SHOCK CHEROKEE WJ/WG -F-,https://rayo4x4.pl/eng_pl_OME-SHOCK-CHEROKEE-WJ-WG-F-9618_1.jpg
26-20,3813010,ROOFRACK CAGE DLX 100,https://media.thmotorsports.com/content/images/2011/20112456_0.jpg
26-202,N61,OME SHOCK NISSAN R50-REAR,https://cdn11.bigcommerce.com/s-jobx3e0qy/images/stencil/1280x1280/products/246889/13620619/f9906d7b5a397a07f044a4c418d8da03__87770.1669771034.jpg?c=2
26-207,GQGK01,GEARBOX PACKER KIT-,https://cdn11.bigcommerce.com/s-y2fzxlqvm7/images/stencil/original/products/211252/1865233/984b493f8a3148976a765b58a96b660c__08631.1685469074.JPG
26-208,OME762,OME COIL SPRING 26/208,https://alrimaya.com/image/catalog/product/4372/26-208-4372-thumb.jpg
26-21,3813020,ROOFRACK CAGE DLX 100,https://media.thmotorsports.com/content/images/1603/16031817_0.jpg
26-211,4411010,S/RAIL/STEPS 80SER W/FLR,https://imageapi.partsb2.com.au/api/Image?urlId=MhIPrJ%2FyAjjLx22BKBNw%2ByxPet7pCP51KSsp5OgOTAlugtILlCayh%2BZlhGpBMZRD
26-216,OME850J,OLD MAN EMU COIL SPRING 26/216,https://www.4x4proyect.com/images/ome/OME-850J.jpg
26-22,3800010,ROOFRACK CAGE DLX 100,https://cdn11.bigcommerce.com/s-jobx3e0qy/images/stencil/1280x1280/products/257368/13599691/3800010_v1__15919.1669770368.jpg?c=2
26-221,OME910,OLD MAN EMU COIL SPRING 26/221,https://www.outback-import.fr/48191-thickbox_default/ome-rear-coil-springs-mitsubishi-pajero-5p-91-99.jpg
26-226,OMESD22,STEERING DAMPER PATROL 60/G60,https://imageapi.partsb2.com.au/api/Image?urlId=Q2tWjuVjAt5KuELHWs4AHsdIEAAtTWwJZgqdF0Uiz2zgP4x%2FhtoU3m2JHOLSE0%2BQ
26-227,171101,VD0 PRES GAUGE&POUCH150.050,https://alrimaya.com/image/catalog/product/2548/26-227%20(8)-min-2548-thumb.jpg
26-23,3800030,ROOFRACK CAGE 1100X1250,https://www.desertrat.com/images/T154306416.jpeg
26-230,3414220,COMBAR HILUX,https://imageapi.partsb2.com.au/api/Image?urlId=MhIPrJ%2FyAjjLx22BKBNw%2B7ocZb%2BPdGahG1ot1rr1Es71sP%2BerSkOMAZTzzPkwTsA
26-231,3800040,ROOFRACK CAGE 2200X1120,https://media.thmotorsports.com/content/images/194/01948568_0.jpeg
26-234,K3350,TOW BAR 26/234,https://alrimaya.com/image/catalog/product/5566/main -26-234-5566-thumb.jpg
26-238,2915,COIL MITS PAJERO NM-F,https://alrimaya.com/image/catalog/product/2790/26-442-2790-thumb.jpg
26-239,2917,COIL MITS PAJERO NM-MD-R(L),https://alrimaya.com/image/catalog/product/640/26-442-640-thumb.jpg
26-24,3713010,F/KIT R/RACK,https://p16-images-sign-sg.tokopedia-static.net/tos-alisg-i-aphluv4xwc-sg/img/VqbcmM/2024/12/17/1f55999f-61fe-4079-8e33-92b046313378.jpg~tplv-aphluv4xwc-white-pad-v1:1600:1600.jpeg?lk3s=0ccea506&x-expires=1774881711&x-signature=rxEa5%2B4LBdIM%2FP0WYAtvZhFjX5k%3D&x-signature-webp=idl5vo7Y1ekKFXoKGDwHu%2BFAVlI%3D
26-240,OMESD01,STEERING DAMPER NISSAN REF,https://imageapi.partsb2.com.au/api/Image?urlId=Q2tWjuVjAt5KuELHWs4AHldlJVoumN18BxVm7xkvQM2p6iQrblE8OPPdKursAdai
26-241,TR44,FUEL TANK 125L D22 1997 onwards 4x4 & 4x2 Diesel,https://i.ibb.co/F7xdRVL/TR44.jpg
26-242,TR47,FUEL TANK 120L Tank Discovery 1 ,https://imageapi.partsb2.com.au/api/Image?urlId=cV86z2hpLwfX7lAFEaXxJrL%2FDnEG6WfnE2fgVVSKSynIGkU4vxRb%2FfVdGD2FH5ZDxnuJGLLw%2F9EJuqww9ipL9Q%3D%3D
26-243,K2920,REAR STEP TOW BAR 26/243,https://rvdaily.com.au/wp-content/uploads/2022/02/main-1-758x406.jpg
26-246,OME776,OLD MAN EMU COIL SPRING 26/246,https://alrimaya.com/image/catalog/product/4399/26-246-4399-thumb.jpg
26-249,OME940,OLD MAN EMU COIL SPRING 26/249,https://alrimaya.com/image/catalog/product/5571/main- 26-249-5571-thumb.jpg
26-25,3713020,F/KIT R/RACK,https://m.media-amazon.com/images/I/51NiNMHQmOL._AC_SL1000_.jpg
26-254,N39,NITROCHARGER 26/254,https://alrimaya.com/image/catalog/product/5730/26-254-main-5730-thumb.jpg
26-257,N133,OME SHOCK LC 100 IFS-F,https://alrimaya.com/image/catalog/product/656/Shock%20Absorbers-656-thumb.jpg
26-258,OMEGS10,GREASABLE SHACKLE KIT,https://imageapi.partsb2.com.au/api/Image?urlId=Q2tWjuVjAt5KuELHWs4AHl07%2FIGdU7%2BaHZs0XNv6rFFPpmrwnnEWgHxb3ipTTbmU&quot;
26-259,ARB225,12V FLUORO LIGHT W/CANVAS BAG,https://alrimaya.com/image/catalog/26_22/26-259.jpg
26-26,3700050,F/KIT ROOFRACK H1 (6),https://cdn11.bigcommerce.com/s-jobx3e0qy/images/stencil/1280x1280/products/257355/13598863/3700050_v1__77417.1669770341.jpg?c=2
26-260,ARB203BL,HILIFT JACK BUMPER LIFT,https://www.bennie.mn/ARB/OF%20-%20Bull%20Bars%20Accessories/D101620/arb-hi-lift-jack-mount.jpg
26-261,ARB2012,ARB BOW SHACKLE 16MM 3.25T,https://alrimaya.com/image/catalog/product/1525/26-261-(3)-1525-thumb.jpg
26-265,3700080,F/KIT ROOFRACK HT 3 (4),https://imageapi.partsb2.com.au/api/Image?urlId=MhIPrJ%2FyAjjLx22BKBNw%2B4Rmf3yJJBzgexxqcUpN7%2BLjowJGhsWCq3oq6F%2FNMzda
26-266,N33,OME SHOCK WRANGLER YJ-F,https://alrimaya.com/image/catalog/product/5717/26-266-5717-thumb.jpg
26-268,2974,COIL GU FRONT(L),https://alrimaya.com/image/catalog/product/617/26-442-617-thumb.jpg
26-269,2975,COIL GQ FRONT-MD-2(L),https://alrimaya.com/image/cache/catalog/product/4395/Image-35-4395-thumb-800x800.jpg
26-27,3700060,F/KIT ROOFRACK H1 (4),https://imageapi.partsb2.com.au/api/Image?urlId=MhIPrJ%2FyAjjLx22BKBNw%2Bx90KJv%2FQsd12QLyVwUh1nQg7OrkezVbPHOwRWhNZo7x
26-270,2976,COIL GQ FRONT-HD-(L),https://alrimaya.com/image/cache/catalog/product/4397/4585ced0ce2ef__99915-4397-thumb-800x800.jpg
26-274,OMEROD111,OME SPRING 26/274,https://www.4x4proyect.com/images/ome/CS-029R.jpg
26-280,60008,SPORT SHOCK L/C 76 78 79 -F-,https://alrimaya.com/image/catalog/product/663/Shock%20Absorbers-663-thumb.jpg
26-281,2859,COIL 78&79 SER FRNT HD,https://alrimaya.com/image/catalog/product/2820/26-442-2820-thumb.jpg
26-283,OMEGS2,GREASABLE SHACKLE KIT,https://m.media-amazon.com/images/I/61-HdGdHzDL._AC_SL1000_.jpg
26-285,FK19,SWAY BAR SPACER KIT-,https://mudify.com/cdn/shop/products/5368ed0e2417ca435f05fc4cdb2a4935_1024x1024.jpg?v=1662322840
26-286,2856,COIL 78&79SER FRNT MD(L),https://alrimaya.com/image/catalog/product/648/26-442-648-thumb.jpg
26-296,4417240,S/RAIL REAR GU LWB TO 2004,https://imageapi.partsb2.com.au/api/Image?urlId=MhIPrJ%2FyAjjLx22BKBNw%2BzpSqk6qBd0%2F5V6MxsJHs%2F%2BttbCX7igoO6zZ5lI0%2BOE8
26-3,3221010,BULL BAR-PRADO NON SRS - BLACK,https://i.ibb.co/nnmVRnS/Whats-App-Image-2023-03-12-at-6-57-42-PM.jpg
26-306,N67,NITROCHARGER 26/306,https://www.4x4proyect.com/images/ome/N-67.jpg
26-307,N66,NITROCHARGER 26/307,https://www.4x4proyect.com/images/ome/N-66-N-66C.jpg
26-31,RD64,AIR LOCKER L/CRUIS. HJ100 26/31,https://i.ibb.co/hCZ3n1v/Screenshot-20221030-123256.png
26-315,SS401HF,OLD MAN EMU COIL SPRING 26/315,https://imageapi.partsb2.com.au/api/Image?urlId=%2BBbNKHEgeYcfCjTuC%2FaPdhOe8%2FA2uzD5YiM%2FkfxX40TetSHwZJU1y%2Fxxt6FfHIEP
26-317,2944,COIL GRAND WJ MD R(L),https://cdn11.bigcommerce.com/s-jobx3e0qy/images/stencil/1280x1280/products/245811/13588429/3e16879b60b2b38eab7c42e6202bcab4__84871.1669770047.jpg?c=2
26-318,OMESD23,STEERING DAMPER L'CRUISER 40,https://imageapi.partsb2.com.au/api/Image?urlId=Q2tWjuVjAt5KuELHWs4AHgN%2BKsI3gh4xBp8wh%2BbL%2B4AeQcdMu%2Bo0PHF%2B91mIjEk7
26-319,OMESD40,STEERING DAMPER JEEP(LHD ONLY),https://imageapi.partsb2.com.au/api/Image?urlId=Q2tWjuVjAt5KuELHWs4AHoIuqhrKLMehdZGqmjls7QC13xV6nBjNK3JT4ZJh3Ljn
26-32,RD23,AIR LOCKER TOY 10 BOLT 8 26/32,https://eadn-wc01-10410440.nxedge.io/cdn/media/catalog/product/cache/1/image/650x/040ec09b1e35df139433887a97daa66f/a/r/arb_air_locker_26.jpg
26-320,RD24,AIR LOCKER 26/320,https://www.navijakyshop.sk/1286-thickbox_default/uzavierka-na-zadnu-napravu-nissan-patrol-y60-i-y61-typ-rd24rd135.jpg
26-321,OME897,Coil Spring 26/321,https://www.offroad24.de/catalog/bilder/3-0897_g.jpg
26-324,4412020,S/RAILS 75 LC UTE & CC 85 - 90,https://imageapi.partsb2.com.au/api/Image?urlId=MhIPrJ%2FyAjjLx22BKBNw%2B2k738aU41ki%2BWB9zGpX%2FUN0ifNS7g%2BgAtuD2DneJKIh
26-329,RD101,AIRLOCKER DANA30 27SPL 3.54&DN,https://imageapi.partsb2.com.au/api/Image?urlId=MhIPrJ%2FyAjjLx22BKBNw%2B9%2BlOtSleUFEKr084sj3EcC%2FMA7cxKR0WkTvFg%2FfeAqK
26-33,RD33,AIR LOCKER L/CRUIS 12 BOL 26/33,https://cdn.azure.euro4x4parts.com/e4xmedia/product/1/75929/oba1017/oba1017_1200.webp?q=504347705d03f2e201292d11b39a8ebc
26-330,RD117,AIRLOCKER DANA44 30SPL 3.73&DN,https://imageapi.partsb2.com.au/api/Image?urlId=MhIPrJ%2FyAjjLx22BKBNw%2B4mmDh6Nza7RKg%2BfJ4gpAnJaa8pdC2RadMYSiVRNfKhq
26-331,RD44,AIR LOCKER 26/331,https://cdn11.bigcommerce.com/s-wg9nennc1z/images/stencil/2000x2000/products/11924/13119583/4576ed869b7ce__30839.1737610833.jpg?c=1
26-332,OME932,OLD MAN EMU COIL SPRING 26/332,https://www.offroad24.de/catalog/bilder/3-0932_g.jpg
26-333,OME942,OLD MAN EMU COIL SPRING 26/333,https://www.4x4proyect.com/images/ome/OME-942.jpg
26-334,OME927,OLD MAN EMU COIL SPRING 26/334,https://www.offroad24.de/catalog/bilder/3-0927_g.jpg
26-335,OME948,OLD MAN EMU COIL SPRING 26/335,https://alrimaya.com/image/catalog/product/4371/26-363-4371-thumb.jpg
26-337,2941,COIL JEEP TJ REAR(L),https://cdn11.bigcommerce.com/s-wg9nennc1z/images/stencil/2000x2000/products/13399/13128958/2941_v5__77423.1717374678.jpg?c=1
26-338,N132,OME SHOCK JEEP KJ-R-,https://www.4x4proyect.com/images/ome/N-132.jpg
26-34,RD09,AIR LOCKER NISSAN 31 SPL 26/34,https://cdn.azure.euro4x4parts.com/e4xmedia/product/1/75930/oba1018/oba1018_1200.webp?q=7158b025cba8dd3edd0e06a4fad726e5
26-341,N144S,FRONT STRUT 26/341,https://4wheelonline.com/images/products/OME-90006.jpg
26-342,ARB230,PORTABLE RESCUE TREE,https://alrimaya.com/image/catalog/product/3534/108148-3534-thumb.jpg
26-343,72X10,BUSHRANGER XJACK,https://alrimaya.com/image/catalog/product/2539/26-343%20(1)-min-2539-thumb.jpg
26-347,4412040,S/RAIL ZJ75 LWB 90 ON,https://imageapi.partsb2.com.au/api/Image?urlId=MhIPrJ%2FyAjjLx22BKBNw%2B1Wnhe%2BvV%2FO2gmfIBSytRhGb70E%2Fz8srQtCS9ihxosd6
26-350,OME933,OLD MAN EMU COIL SPRING 26/350,https://www.offroad24.de/catalog/bilder/3-0933_g.jpg
26-354,RD124,AIR LOCKER 26/354,https://i.ibb.co/ykbH8Kz/oba1007-300.webp
26-355,OMEWTJPR10,COIL SPRING PACKER 10MM,https://imageapi.partsb2.com.au/api/Image?urlId=Q2tWjuVjAt5KuELHWs4AHnLlvfgagyxP654D9d8j937wJbZA56qY%2FZkLrW9EJgyI
26-356,OMEJGF10,COIL SPRING PACKER 10MM,https://imageapi.partsb2.com.au/api/Image?urlId=Q2tWjuVjAt5KuELHWs4AHgCFb9F%2F3azZBuJI9d%2BU5qvDJ79eWyNUJFpKQBOKMLsb
26-358,N98,NITROCHARGER 26/358,https://www.lrsoffroad.co.uk/user/products/large/Old%20Man%20Emu%20Nitro%20Charger%20Shock.jpg
26-36,RD20,AIR LOCKER ROVER SALISBU 26/36,https://www.flatdoguk.com/asps/resources/super/1890-3.jpg
26-361,OME925,OLD MAN EMU COIL SPRING 26/361,https://www.offroad24.de/catalog/bilder/3-0925_g.jpg
26-362,NS130,OME STRUT JEEP KJ-F-,https://i.ebayimg.com/images/g/MREAAOSwR09ffL0U/s-l500.jpg
26-363,OME947,OLD MAN EMU COIL SPRING 26/363,https://alrimaya.com/image/catalog/product/4370/26-363-4370-thumb.jpg
26-364,816HCS,IPF WORK LAMP TWIN SET,https://imageapi.partsb2.com.au/api/Image?urlId=89jHXQhNMeTOrrxNWlo3I%2BK85%2FrdI0VRYf4iJYJoN6ow5R%2BD%2FQa4ofMcYZJFzbaq&quot;
26-368,2883,COIL PRADO 4/03 ON F(L),https://alrimaya.com/image/catalog/product/641/26-442-641-thumb.jpg
26-369,2895,COIL PRADO 4/03ON R(L),https://alrimaya.com/image/catalog/product/2251/26-369%20(2)-min-2251-thumb.jpg
26-37,RD17,AIR LOCKER NISSAN Y60 DI 26/37,https://m.media-amazon.com/images/I/612rn3HEkJL._AC_SL1500_.jpg
26-370,OMEU59A,OME U BOLT WASHER & NUT,https://imageapi.partsb2.com.au/api/Image?urlId=Q2tWjuVjAt5KuELHWs4AHpHh%2Bq%2Bb3wZxy0khN%2BZoP6tWG%2B5n28t1zhYeOrLk%2FHoj
26-371,OMEU53,OME U BOLT WASHER & NUT,https://imageapi.partsb2.com.au/api/Image?urlId=Q2tWjuVjAt5KuELHWs4AHvYlM8m511aLrEspMQfBEnFED7rJX6zR8wEzwpR81SrE
26-374,N191,OME SHOCK TOY F/TUNER 05,https://alrimaya.com/image/cache/catalog/product/2766/Shock%20Absorbers-2766-thumb-800x800.jpg
26-375,2803,OLD MAN EMU COIL SPRING 26/375,https://alrimaya.com/image/catalog/product/647/26-442-647-thumb.jpg
26-376,N167S,OME STRUT HILUX 05ON-F,https://alrimaya.com/image/cache/catalog/product/661/26-376-m-min-661-thumb-800x800.jpg
26-377,N169,OME SHOCK HILUX 2005 ON -R-,https://alrimaya.com/image/catalog/product/2785/Shock%20Absorbers-2785-thumb.jpg
26-378,OMESB98,BUSH KIT,https://imageapi.partsb2.com.au/api/Image?urlId=Q2tWjuVjAt5KuELHWs4AHnlSvKdQImSOlpDfUyvPBVfdSWqmAwYj%2B05oyHyHbm9M
26-381,2896,COIL PRADO 4/2003 R(L),https://alrimaya.com/image/catalog/product/643/26-442-643-thumb.jpg
26-383,2607,COIL NISSAN R51 PATHF & D40,https://alrimaya.com/image/catalog/product/650/26-442-650-thumb.jpg
26-384,2609,COIL NISSAN R51 PATHFINDER,https://alrimaya.com/image/catalog/product/651/26-442-651-thumb.jpg
26-385,N183S,STRUT PATHFINDER R51 &,https://alrimaya.com/image/catalog/product/665/Shock%20Absorbers-665-thumb.jpg
26-386,60016,SPORT SCHOCK PATH FINDER R51-R  26/386,https://alrimaya.com/image/cache/catalog/product/667/Shock%20Absorbers-667-thumb-800x800.jpg
26-388,CS010FB,SPRING NISS PATROL M60-FRONT-,https://www.4x4proyect.com/images/ome/CS-010FB.jpg
26-39,TR52,FUEL TANK LC 100 GXV V8 182L 26/39,https://i.ibb.co/Tq2nNs9/100-series-landcruiser-tr51-long-ranger-fuel-tank-underneath.jpg
26-390,OMESB31,BUSH KIT,https://imageapi.partsb2.com.au/api/Image?urlId=Q2tWjuVjAt5KuELHWs4AHu%2BJ0mKA8YvKR39c7u%2Fy5iW6X8BJZN3C0GUOhcJxXO0i
26-391,OMESB29,BUSH KIT,https://imageapi.partsb2.com.au/api/Image?urlId=Q2tWjuVjAt5KuELHWs4AHjw%2F2qoeV6LJh%2BIf1XBK8zOQ6DlxYU0t6admZevhX4E0
26-392,OMEU56,OME U BOLT WASHER & NUT,https://cdn11.bigcommerce.com/s-jobx3e0qy/images/stencil/1280x1280/products/373164/13623362/369a6049625976091223fb26954da52c__29429.1669771093.jpg?c=2
26-393,OMEU57,OME U BOLT WASHER & NUT,https://cdn11.bigcommerce.com/s-jobx3e0qy/images/stencil/1280x1280/products/634940/15880478/ome_ubolt_univ_v1__26234.1670560973.jpg?c=2
26-396,OMESB29,BUSH KIT,https://imageapi.partsb2.com.au/api/Image?urlId=Q2tWjuVjAt5KuELHWs4AHjw%2F2qoeV6LJh%2BIf1XBK8zOQ6DlxYU0t6admZevhX4E0
26-397,N185,OMES SHOCK NISSAN NAVARA,https://alrimaya.com/image/catalog/product/667/Shock%20Absorbers-667-thumb.jpg
26-4,3421010,WINCHBAR PRADO 90,https://imageapi.partsb2.com.au/api/Image?urlId=MhIPrJ%2FyAjjLx22BKBNw%2B1hz4LQKBysUpTzOtXY5LrWnuaom%2F%2FmEJn9aHcuOWi1v
26-40,TR45,TANK GU PATROL 145L TR45,https://alrimaya.com/image/catalog/product/3533/TR45-TLR-3533-thumb.jpg
26-400,2884,COIL PRADO 4/03 ON F(L),https://alrimaya.com/image/catalog/product/2714/26-442-2714-thumb.jpg
26-401,N140S,OME STRUT TOY PRADO 04/2003,https://alrimaya.com/image/cache/catalog/product/659/Shock%20Absorbers-659-thumb-800x800.jpg
26-402,N141,OME SHOCK PRADO R04/2003 ON,https://alrimaya.com/image/catalog/product/2299/1081-2299-thumb.jpg
26-403,CKMP12,AIR COMPRESSOR KIT MEDIUM,https://alrimaya.com/image/catalog/26_22/26-403-(3).jpg
26-407,ARB506,ARB TYRE GAUGE ARB506,https://alrimaya.com/image/catalog/26_22/26-407-(4).jpg
26-408,ARB705,ARB RECOVERY STRAP 8000KG,https://alrimaya.com/image/catalog/26_22/26-408-(5).jpg
26-409,ARB715,ARB RECOVERY STRAP 15000KG,https://alrimaya.com/image/catalog/26_22/26-409-(5).jpg
26-410,2700,COIL LC 200 SER-FRONT-(L),https://alrimaya.com/image/catalog/product/627/26-442-627-thumb.jpg
26-411,2723,ARB COIL SPRING L/C 200 SERIES-REAR-,https://alrimaya.com/image/catalog/product/2554/26-442-2554-thumb.jpg
26-418,OMEGP7,GREASABLE FIXED END KIT,https://www.desertrat.com/images/F154311827.jpeg
26-419,OMESB85,BUSH KIT,https://www.desertrat.com/images/F154311961.jpeg
26-420,OMESD47,STEERING DAMPER L/C 76-78-79 OMESD47,https://imageapi.partsb2.com.au/api/Image?urlId=Q2tWjuVjAt5KuELHWs4AHvYqiCWU38nLyYFwGCbHaD%2F7hpntCiNWbRFljWwB%2Bhew
26-421,10000011,ARB SPEEDY SEAL SII REPAIR KIT 10000011,https://alrimaya.com/image/catalog/26_22/26-421-(1).jpg
26-422,SS125HF,SNORKEL VSPEC TOY HILUX,https://www.playtimeautoparts.com.au/assets/alt_1/SS125HF.jpg?20220617101307
26-426,3413190,WINCHBAR 100 IFS,https://alrimaya.com/image/catalog/product/3656/F146252408-3656-thumb.jpg
26-427,6821201,FOG LIGHT KIT ARB SAHARA 55W,https://m.media-amazon.com/images/I/51JjTPUnUcL._AC_.jpg
26-433,ARB220,ARB RECOVERY DAMPER,https://alrimaya.com/image/catalog/product/3536/71oFRyLG-OL._AC_SL1500_-3536-thumb.jpg
26-436,2720,ARB COIL SPRING L/C 200 SERIES-REAR 2720,https://alrimaya.com/image/catalog/product/630/26-442-630-thumb.jpg
26-437,N209,OME SHOCK 200 SERIES-R,https://alrimaya.com/image/cache/catalog/product/2598/Shock%20Absorbers-2598-thumb-800x800.jpg
26-438,N208S,OME STRUT LC 200 SERIES-F,https://alrimaya.com/image/catalog/product/654/26-438-min-654-thumb.jpg
26-439,ARB505,ARB E-Z DEFLATOR PSI GAUGE,https://alrimaya.com/image/catalog/26_22/26-439-(5).jpg
26-440,10800476#,ARB FRIDGE 47L SASO TYPE G,https://alrimaya.com/image/catalog/26_22/26-440.jpg
26-442,2721,COIL L/C 200 SERIES-REAR-,https://alrimaya.com/image/catalog/product/2553/26-442-2553-thumb.jpg
26-443,2802,COIL TOY FORTUNER-R-MD(L),https://alrimaya.com/image/catalog/product/646/26-442-646-thumb.jpg
26-444,2914,COIL MITS PAJERO NM F(L),https://alrimaya.com/image/catalog/product/639/26-442-639-thumb.jpg
26-445,OME994,SPRING MITS PAJERO NS SW 26/445,https://alrimaya.com/image/catalog/product/4387/4585ced0ce2ef__99915-4387-thumb.jpg
26-446,OMEGS1,GREASABLE SHACKLE KIT,https://imageapi.partsb2.com.au/api/Image?urlId=Q2tWjuVjAt5KuELHWs4AHs6jDGgPDPuL%2BLkFh6TVtbNw60h37Xixn3Q9efHYmRH%2F&quot;
26-447,3420020,WINCHBAR LC40 SER,https://alrimaya.com/image/catalog/product/3645/af531c4dd0313__24458-3645-thumb.jpg
26-451,CS017RA,SPRING L\\C 60 SER-R-,https://cdn11.bigcommerce.com/s-jobx3e0qy/images/stencil/1280x1280/products/246665/13616104/9defb4e95c5edfaf6f28a887eb40e24a__05170.1669770944.jpg?c=2
26-453,OMESD30,STEERING DAMPER SIERRA,https://imageapi.partsb2.com.au/api/Image?urlId=Q2tWjuVjAt5KuELHWs4AHuz2%2ByjV5QwoJfCz0%2FnFqhTf0HXi1DPlw7gNYKl%2Fq7NZ
26-456,2885,COIL PRADO 4/03 ON F(L),https://alrimaya.com/image/catalog/product/2715/26-442-2715-thumb.jpg
26-46,2971,COIL GU FRONT,https://alrimaya.com/image/catalog/product/620/26-442-620-thumb.jpg
26-460,2615,COIL JEEP JK-FRONT-,https://alrimaya.com/image/catalog/product/2858/26-442-2858-thumb.jpg
26-461,2617,COIL JEEP JK-REAR,https://alrimaya.com/image/catalog/product/2862/26-442-2862-thumb.jpg
26-462,N196,ome shock - jeep jk front 26/462,"https://images.northridge4x4.com/image/private/s--n5Wz1VlN--/f_auto,t_auto_product_nr/v1467290576/product_images/ciwha7ibdwv8yudprjb0"
26-463,N198,ome shock - jeep jk rear 26/463,https://alrimaya.com/image/catalog/product/2863/Shock%20Absorbers-2863-thumb.jpg
26-464,2992,COIL JEEP WH CHEROKEE-R-,https://cdn11.bigcommerce.com/s-jobx3e0qy/images/stencil/1280x1280/products/245876/13589223/fc3c9c65af8e34f7cc49b96726445b42__90716.1669770067.jpg?c=2
26-465,2990,COIL JEEP WH CHEROKEE F(L),https://cdn11.bigcommerce.com/s-jobx3e0qy/images/stencil/1280x1280/products/245872/13589222/b3c8d67419ae4b819dee240ed04a0aa1__62920.1669770067.jpg?c=2
26-466,N190,OME SHOCK CHEROKEE WH -R-,https://cdn11.bigcommerce.com/s-jobx3e0qy/images/stencil/1280x1280/products/246849/13620411/aa360775ee469535d845cbd262fa2ebb__61488.1669771031.jpg?c=2
26-467,N188S,STRUT JEEP WH CHEROKEE - F-,https://cdn11.bigcommerce.com/s-jobx3e0qy/images/stencil/1280x1280/products/246845/13620280/b8b51dca29778581b35a0050b1572c01__05226.1669771028.jpg?c=2
26-468,2722,COIL L/C 200 SERIES-REAR-,https://alrimaya.com/image/catalog/product/2555/26-442-2555-thumb.jpg
26-469,SS35HF,SNORKEL PAJERO NM / NP 00-06 NOT NS 26/469,https://cdn11.bigcommerce.com/s-jobx3e0qy/images/stencil/1280x1280/products/56816/13629904/ss1135hf__54264.1669771265.jpg?c=2
26-47,2970,COIL GU FRONT,https://alrimaya.com/image/catalog/product/619/26-442-619-thumb.jpg
26-470,90000,SPORT STRUT PRADO 120 -F-,https://alrimaya.com/image/cache/catalog/product/2716/26-94-2716-thumb-800x800.jpg
26-471,60004,SPORT SHOCK PRADO 120 -R-,https://cdn11.bigcommerce.com/s-jobx3e0qy/images/stencil/1280x1280/products/261166/13604798/14c80dce45208d140b2f497b715c9065__88116.1669770522.jpg?c=2
26-472,3500390,DOUBLE J/CAN/HOLDER R/RACK,https://imageapi.partsb2.com.au/api/Image?urlId=MhIPrJ%2FyAjjLx22BKBNw%2B1sNQpP9YBauW5qqQknmpOjagELk%2Bmp3xUT1EbUAu7XcZly5WOCp75MBGneON%2Bbynw%3D%3D&quot;
26-473,5617220,REAR BAR GU WAG 10/04ON BLK,https://imageapi.partsb2.com.au/api/Image?urlId=MhIPrJ%2FyAjjLx22BKBNw%2B5rVHceVGxyBIZo57SkYM2TmKiDCwiA%2FKy1WB53fh1fS
26-474,5700060,HI LIFT MOUNT W/CARRIER,https://jeep4ik.com/3511-thickbox_default/kreplenie-dla-reecnogo-domkrata-k-zapaske-arb-5700060.jpg
26-477,4900010M,ALUM RACK 2200X1250 W/MESH,https://www.trailnomad.be/wp-content/uploads/2021/02/4900010M_ARB-alloy-roofrack-with-mesh-2200x1250mm_01.jpg
26-478,2792,COIL LADA NIVA R(L),https://cdn11.bigcommerce.com/s-jobx3e0qy/images/stencil/1280x1280/products/245685/13586085/72ce8818797a2137eaf13fc4e3a07c39__93023.1669769987.jpg?c=2
26-48,2972,ARB COIL SPRING GU FRONT,https://alrimaya.com/image/catalog/product/2641/26-442-2641-thumb.jpg
26-480,SS18HF,SNORKEL VSPEC NISS PATROL,https://alrimaya.com/image/catalog/product/3530/26-480-4-3530-thumb.jpg
26-481,SS87HF,SNORKEL VSPEC TOY L/CRUISER,https://alrimaya.com/image/catalog/product/4220/SS87HF-4220-thumb.jpg
26-482,814100,ARB AWNING 2500 X 2500,https://alrimaya.com/image/catalog/product/1943/offroadbazar-arb-awning-800x800-1943-thumb.jpg
26-483,813100,awning 250 mm 26/483,https://arb.pl/336-large_default/moskitiera-do-zadaszenia-arb-20-m.jpg
26-484,ARB720,ARB RECOVERY WINCH EXTENSION 20M / 4.5T,https://alrimaya.com/image/cache/catalog/26_22/26-484-800x800.jpg
26-485,RD110,AIRLOCKER IFS 28SPL,https://4x4works.b-cdn.net/app/uploads/2020/05/AR-Air-Locker-1-C.jpg
26-486,RD155,AIRLOCKER 33 SPL IRS,https://imageapi.partsb2.com.au/api/Image?urlId=MhIPrJ%2FyAjjLx22BKBNw%2B9ys9h9ft90MHRdL3vi51BwVrhnI7wbXLqWOn6VwKngV
26-487,CKMA12,ARB COMPRESSOR KIT MEDIUM AIR,https://alrimaya.com/image/catalog/product/2028/61XxOh4+-nL._SL1024_-min-2028-thumb.jpg
26-488,171302,PUMP UP KIT US STD HIGH TEMP,https://alrimaya.com/image/catalog/product/1168/26-488-(3)-1168-thumb.jpg
26-489,814300,ARB AWNING 1250 x 2100,https://alrimaya.com/image/catalog/product/2703/offroadbazar-arb-awning-800x800-1943-thumb-2703-thumb.jpg
26-49,2980,ARB COIL SPRING GU WAGON RR(L),https://alrimaya.com/image/catalog/product/2642/26-442-2642-thumb.jpg
26-490,2610,COIL NISSAN R51 PATHFIDER,https://cdn11.bigcommerce.com/s-jobx3e0qy/images/stencil/1280x1280/products/245607/13584765/8cbca84586b46148a13f8d5e40e3342d__41360.1669769962.jpg?c=2
26-491,2703,COIL LC 200 SER-FRONT-(L),https://alrimaya.com/image/catalog/product/2597/26-442-2597-thumb.jpg
26-492,60006,SPORT SHOCK HILUX 05 ON -R-,https://i.ibb.co/nnmBBFx/26-492-Large.jpg
26-494,60010,SPORT SHOCK L/C 76 78 79 -R,https://cdn11.bigcommerce.com/s-jobx3e0qy/images/stencil/1280x1280/products/261181/13604944/de5e1eb459677b8e41f1d0ddad45bea5__02405.1669770525.jpg?c=2
26-495,90002,SPORT STRUT HI-LUX 05ON -F- 90002,https://alrimaya.com/image/cache/catalog/product/2764/26-495-main-2764-thumb-800x800.jpg
26-496,3415120,WINCHBAR 200 SER,https://cdn11.bigcommerce.com/s-jobx3e0qy/images/stencil/1280x1280/products/57156/13594421/3415120_b__92269.1669770219.jpg?c=2
26-498,5615010,REAR BAR 200SER,https://imageapi.partsb2.com.au/api/Image?urlId=MhIPrJ%2FyAjjLx22BKBNw%2Bz6awVpbvCxnvf0574Yfb3xI%2FhbwLrpeuGLQOx9lkEa9GTs04%2BYTV2U2srt0PRXuCw%3D%3D
26-50,2982,COIL GU REAR(L),https://alrimaya.com/image/catalog/product/2643/26-442-2643-thumb.jpg
26-501,RD137,AIRLOCKER IRS 33 SPL 3.54&UP,https://cdn11.bigcommerce.com/s-wg9nennc1z/images/stencil/2000x2000/products/12112/13142658/arb-air-locker-differential-nissan-pathfinder-r51-33-spl-rr-rd137__31903.1751791565.jpg?c=1
26-507,N152,OME SHOCK PAJERO NM ON-R-,https://alrimaya.com/image/cache/catalog/product/2794/Shock%20Absorbers-2794-thumb-800x800.jpg
26-509,2618,ARB COIL DPRING JEEP JK-REAR,https://alrimaya.com/image/catalog/product/2867/26-442-2867-thumb.jpg
26-510,2701,COIL LC 200 SER-FRONT-(L),https://alrimaya.com/image/catalog/product/2596/26-442-2596-thumb.jpg
26-511,4413210,S/STEP REAR 100 COIL,https://imageapi.partsb2.com.au/api/Image?urlId=MhIPrJ%2FyAjjLx22BKBNw%2B9SCQzMJQtcA3MELtCNlsVg3s%2BhhuRvqr5meJFO%2BectX
26-512,3715010,F/KIT R/RACK,https://cdn11.bigcommerce.com/s-urk9oiq56p/images/stencil/640w/products/3814/24117/ARB-3715010__86865.1644608446.jpg?c=3
26-513,3410100,WINCHBAR 60 SER DAKAR,https://cdn11.bigcommerce.com/s-jobx3e0qy/images/stencil/1280x1280/products/57165/13593642/3410100_v1__50154.1669770197.jpg?c=2
26-514,4410020,P/STEP 60 SER,https://imageapi.partsb2.com.au/api/Image?urlId=MhIPrJ%2FyAjjLx22BKBNw%2B4sS%2BQgu4r3o1Y%2BZDtDsm%2FLHpq4o1v6v%2FHqSkZG6MN5Z
26-515,CS004F,SPRING TOY 60 SERIES-F-,https://alrimaya.com/image/catalog/product/4268/2d0c78e667330__37205-4268-thumb.jpg
26-516,CS004RA,SPRING TOY 60 SERIES -REAR-,https://cdn11.bigcommerce.com/s-jobx3e0qy/images/stencil/1280x1280/products/246613/13615693/9defb4e95c5edfaf6f28a887eb40e24a__25396.1669770934.jpg?c=2
26-517,CS004RB,SPRING TOY 60 SERIES-REAR-,https://alrimaya.com/image/catalog/product/4269/c51dca84ec5d2__51354-4269-thumb.jpg
26-518,OMEGP1,GREASABLE FIX END PIN KIT,https://m.media-amazon.com/images/I/4111cxcGZ3L._AC_.jpg
26-521,3700310,WIND DEFLECTOR 1250MM 49IN,https://www.quadratec.com/sites/default/files/styles/product_zoomed/public/product_images/110498.jpg
26-522,60044,SPORT SHOCK HILUX 97 TO 04-R-,https://cdn11.bigcommerce.com/s-jobx3e0qy/images/stencil/1280x1280/products/261259/13605515/dcd8a3c4fb03d69580310e42767ba4f6__02553.1669770541.jpg?c=2
26-523,OMESB93,SPRING BUSH KIT L\\C,https://cdn11.bigcommerce.com/s-wg9nennc1z/images/stencil/2000x2000/products/13245/13143672/old-man-emu-leaf-spring-bushing-kit-omesb93__62723.1751793210.jpg?c=1
26-524,RD136,AIRLOCKER 31 SPL,https://alrimaya.com/image/catalog/product/2131/71pEhIkA9gL-2131-thumb.jpg
26-525,RD135,AIRLOCKER 33 SPL,https://alrimaya.com/image/catalog/product/4411/RD245_v1__03806-4411-thumb.jpg
26-526,3934100,SAHARA BUMPER NS-NT PAJERO,https://alrimaya.com/image/catalog/product/3657/F146334651-3657-thumb.jpg
26-527,5100020,BUFFER KIT WITH HOLE,https://static.summitracing.com/global/images/prod/xlarge/arb-5100020_xl.jpg
26-528,5134010,SAHARA TUBE,https://imageapi.partsb2.com.au/api/Image?urlId=MhIPrJ%2FyAjjLx22BKBNw%2Bwt7vetyv8zTfUqv9XTpiNZgN416DnBT2IWnnoYdwCye
26-529,RD70,Air Locker Nissan 26/529,https://i.ibb.co/njX8xFh/ARB-dif.jpg
26-53,2850,COIL 80 HD FRONT(L),https://alrimaya.com/image/catalog/product/2812/26-442-2812-thumb.jpg
26-531,SS410HF,SNORKEL VSPEC TOY FJ CRUISER,https://www.outback-import.fr/39065-thickbox_default/snorkel-safari-toyota-fj-cruiser-90mm.jpg
26-532,2608,COIL NISSAN R51 PATHF & D40,https://alrimaya.com/image/catalog/product/2844/26-442-2844-thumb.jpg
26-533,2724,COIL L/C 200 SERIES-REAR-,https://alrimaya.com/image/catalog/product/4174/c2738eb0ac97c__90935-4174-thumb.jpg
26-534,2924,COIL MITS PAJERO NM DIESEL F(L,https://alrimaya.com/image/catalog/product/2791/26-442-2791-thumb.jpg
26-535,60018,SPORT SHOCK L/C 80 & 100 -F-,https://cdn11.bigcommerce.com/s-jobx3e0qy/images/stencil/1280x1280/products/261193/13605060/666c513640936c08be0ae8522b1d400f__92495.1669770530.jpg?c=2
26-536,60020,SPORT SHOCK L/C 80 & 100 -R-,https://alrimaya.com/image/cache/catalog/product/657/Shock%20Absorbers-657-thumb-800x800.jpg
26-537,61030,SPORT SHOCK L/C 200 SERIES -R-,https://cdn11.bigcommerce.com/s-jobx3e0qy/images/stencil/1280x1280/products/261451/13607007/baba4a5ca01e0e7bea0aee6444f8bd31__85477.1669770581.jpg?c=2
26-538,60033,SPORT SHOCK PAJERO NM -R-,https://m.media-amazon.com/images/I/315Gbqn3Y3L._AC_.jpg
26-539,91005,SPORT STRUT L/C 200 SERIES -F-,https://alrimaya.com/image/cache/catalog/product/2601/26-539-main-2601-thumb-800x800.jpg
26-54,2860,ARB COIL SPRING 80 MED REAR,https://alrimaya.com/image/catalog/product/2803/26-442-2803-thumb.jpg
26-540,90007,SPORT STRUT PAJERO NS ON -F-,https://imageapi.partsb2.com.au/api/Image?urlId=Q2tWjuVjAt5KuELHWs4AHupZXvktOs%2BBUvxIIyulnGjtFxh1v3qdsN1OLe%2BYVeQd
26-543,3800200,TOURING RACK CAGE 1250X2200,https://cdn11.bigcommerce.com/s-jobx3e0qy/images/stencil/1280x1280/products/57073/13599975/521d705bf662b16d694de08cef5a734d__27547.1669770377.jpg?c=2
26-544,3915050,SAHARA BUMPER 200 SER,https://alrimaya.com/image/catalog/product/3660/F146334636-3660-thumb.jpg
26-546,5100140,BUFFER KIT SAHARA BAR 30MM RAD,https://m.media-amazon.com/images/I/71AvApFubCL._AC_SL1500_.jpg
26-547,5115010,SAHARA TUBE,https://imageapi.partsb2.com.au/api/Image?urlId=MhIPrJ%2FyAjjLx22BKBNw%2By%2BLLLIGdLuHMaubrYY2E4mJPFzZsl4ekm5CVOYw9OP3
26-548,5615020,REAR BUMPER 200 SER - 5615020,https://imageapi.partsb2.com.au/api/Image?urlId=MhIPrJ%2FyAjjLx22BKBNw%2Bz6awVpbvCxnvf0574Yfb3x4QqJ8aNGELGclg9yMQXKlyq61rLwP9ENuRP9qFPVKwg%3D%3D
26-549,3800030M,ROOFRACK 1100X1250 W/MESH,https://eadn-wc01-10410440.nxedge.io/cdn/media/catalog/product/cache/1/image/650x/040ec09b1e35df139433887a97daa66f/d/e/deluxe_2_door_chassis_cab_2__1_1.jpg
26-55,2881,COIL PRADO F TO 2003(L),https://alrimaya.com/image/cache/catalog/product/4391/7f14329a57657__16468-4391-thumb-800x800.jpg
26-550,4913010M,ALUM RACK 1790X1120 W/MESH,https://cdn11.bigcommerce.com/s-jobx3e0qy/images/stencil/1280x1280/products/257478/13602236/4913010m_v3__77830.1669770452.jpg?c=2
26-551,OME661,OME SHOCK STONEGUARD-LONG-KIT,https://cdn11.bigcommerce.com/s-wg9nennc1z/images/stencil/2000x2000/products/13003/13142320/old-man-emu-shock-stone-guard-ome661__34784.1751791051.jpg?c=1
26-555,ARB3101,ARB Simpson Tent 26/555,https://stormcustoms.com/media/workspace/products/7493-ARBRooftopTents1108-073_simpson.jpg
26-556,ARB3102,ANNEXE Simpson Ser.3 26/556,https://www.arbil.co.uk/Assets/User/3570-ARBSimpsonIII.jpg
26-558,3500440,ARB LIGHTING LOOM,https://m.media-amazon.com/images/I/81hjUMMgSTL._AC_SL1500_.jpg
26-560,171503,MANIFOLD KIT CKMTA,https://alrimaya.com/image/catalog/product/3021/26-560-3021-thumb.jpg
26-561,2614,COIL TUNDRA 2007 ON (BAR,https://alrimaya.com/image/catalog/product/4368/26-561-4368-thumb.jpg
26-562,2898,COIL PRADO 150 R(L),https://alrimaya.com/image/catalog/product/2759/26-442-2759-thumb.jpg
26-563,60001,SPORT SHOCK L/C 100 IFS-F-,https://cdn11.bigcommerce.com/s-jobx3e0qy/images/stencil/1280x1280/products/261158/13604795/2c0d052acf41f0fef589c2ffa3aa7d8f__47496.1669770522.jpg?c=2
26-564,60002,SPORT SHOCK L/C 100 IFS-R-,https://alrimaya.com/image/cache/catalog/product/2800/Shock%20Absorbers-2800-thumb-800x800.jpg
26-565,60029,SPORT SHOCK LC 200 SER R,https://www.lrsoffroad.co.uk/user/products/large/Old_Man_Emu%20Nitro_Charger%20Sport_Shock.jpg
26-566,60054,SPORT SHOCK PATROL Y60 & Y61,https://cdn11.bigcommerce.com/s-jobx3e0qy/images/stencil/1280x1280/products/261287/13605643/31d884c25aac9095080f34619cb831a1__72023.1669770545.jpg?c=2
26-567,60055,SPORT SHOCK PATROL Y61 -F-,https://cdn11.bigcommerce.com/s-jobx3e0qy/images/stencil/1280x1280/products/261290/13605644/42cf3013ecdbc9e9ae3fcbe86c3cda40__06794.1669770545.jpg?c=2
26-568,60070,SPORT SHOCK L/C 80 & 100,https://alrimaya.com/image/cache/catalog/product/2800/Shock%20Absorbers-2800-thumb-800x800.jpg
26-569,60080,SPORT SHOCK PRADO 150-R-,https://i.ibb.co/V99YdsS/26-569-1-copy-Large.jpg
26-57,2890,COIL PRADO R TO 2003(L),https://alrimaya.com/image/catalog/product/4392/f80e872682655__19668-4392-thumb.jpg
26-570,90010,SPORT STRUT PRADO 150 -F-,https://i.ibb.co/Lp3YYKx/26-570-1-copy-Large.jpg
26-571,3213110,C/BAR 100 COIL SRS 02ON,https://imageapi.partsb2.com.au/api/Image?urlId=MhIPrJ%2FyAjjLx22BKBNw%2Bzh0CjxScSP2IrWkJ74k2q%2FpYJcF32sTtiIg%2FGC7hP4Q
26-572,3417310,COMBAR PATROL GU 3417310,https://imageapi.partsb2.com.au/api/Image?urlId=MhIPrJ%2FyAjjLx22BKBNw%2BzmZEbllzm3wibA6huboGq2EGhHq93IPfNj2ohdh%2Bue1
26-573,3420210,COMBAR FJ CRUISER,https://alrimaya.com/image/catalog/product/3661/F154247477-3661-thumb.jpg
26-575,3520020,U/PANEL KIT FJ CRUISER 10ON,https://i.ebayimg.com/images/g/VxEAAOSwl0Ng7I-V/s-l500.jpg
26-576,3914110,S/bumber HLX 26/576,https://alrimaya.com/image/catalog/product/3662/P_G_10060814_08889-3662-thumb.jpg
26-577,5100070,SAHARA TUBE,https://www.desertrat.com/images/F154306504.jpeg
26-578,5620010,REAR BUMPER FJ US SPEC,https://imageapi.partsb2.com.au/api/Image?urlId=MhIPrJ%2FyAjjLx22BKBNw%2B7Po%2F7qywODbbadEODyZC2Zyd%2BYy1xfi3c1oQLGZjKIi
26-579,N129S,STRUT MITS PAJERO 2000 ON -F,https://alrimaya.com/image/catalog/product/658/26-579-1-min-658-thumb.jpeg
26-58,2891,COIL PRADO R TO 2003(L),https://cdn11.bigcommerce.com/s-wg9nennc1z/images/stencil/2000x2000/products/12868/13122494/1ce88ffca911c__62615.1737571893.jpg?c=1
26-580,N192S,OME STRUT TUNDRA 2007 ON-FRONT,https://imageapi.partsb2.com.au/api/Image?urlId=Q2tWjuVjAt5KuELHWs4AHi4cBGWbUSlQtUNjfcV18d%2FtomCl6KlmZEAWmLECetdE
26-581,N193,OME SHOCK TUNDRA 2007 ON-REAR-,https://imageapi.partsb2.com.au/api/Image?urlId=Q2tWjuVjAt5KuELHWs4AHpc6R3LB6Xi%2Bfe5Aav0Kd%2F%2B%2B06%2BRJbJ%2BHOIQnAs2%2FwQt
26-582,N43,OME SHOCK L/C FJ55-FRONT,https://www.lrsoffroad.co.uk/user/products/large/Old%20Man%20Emu%20Nitro%20Charger%20Shock.jpg
26-583,SS77HFZ,SNORKEL VSPEC TOY L/CRUISER,https://www.outback-import.fr/39136-thickbox_default/snorkel-70-series-07on-with-1hz-engine-overseas-markets.jpg
26-584,2626,COIL JEEP JK -FRONT-,https://alrimaya.com/image/catalog/product/2857/26-442-2857-thumb.jpg
26-585,2630,COIL JEEP JK -REAR-,https://alrimaya.com/image/catalog/product/2861/26-442-2861-thumb.jpg
26-586,2995,COIL MITS PAJERO NS ON-R-,https://cdn11.bigcommerce.com/s-jobx3e0qy/images/stencil/1280x1280/products/245881/13589453/901ec9bc712b8950c5143481fd134ff5__02182.1669770072.jpg?c=2
26-587,60013,SPORT SHOCK PATROL Y61 -F-,https://imageapi.partsb2.com.au/api/Image?urlId=Q2tWjuVjAt5KuELHWs4AHiUIguJoyevM3Nc%2BgXSRZza1TogUQTBV5dcA75R8aOQB
26-588,61014,SPORT SHOCK PATROL Y61 -R-,https://i.ibb.co/nnmBBFx/26-492-Large.jpg
26-589,3417300,WINCHBAR PATROL GU,https://m.media-amazon.com/images/I/31hFm44Xt7L._AC_.jpg
26-59,2751,COIL L/ROVER HD FRONT,https://alrimaya.com/image/cache/catalog/product/4375/26-140-4375-thumb-800x800.jpg
26-592,3720100,F/KIT R/RACK,https://imageapi.partsb2.com.au/api/Image?urlId=MhIPrJ%2FyAjjLx22BKBNw%2B4nLueGX5CRdZZEH2bSPJ%2BnRwaiCruREhT%2BupMDOEWB8
26-593,3734010,F/KIT R/RACK,https://imageapi.partsb2.com.au/api/Image?urlId=MhIPrJ%2FyAjjLx22BKBNw%2B%2BLzsMJC5DPklHoajAIIjOwzAF0ldte4ScPAzaVyPUTk
26-594,60052L,SPORTRACING SHOCK JEEP XJ-F-,https://imageapi.partsb2.com.au/api/Image?urlId=Q2tWjuVjAt5KuELHWs4AHk4LmzdUOOR3B4tDKNpU3RLwEFJrwxLRiZkNwnOXomln
26-595,60053L,SPORT RACING SHOCK JEEP XJR,https://cdn11.bigcommerce.com/s-jobx3e0qy/images/stencil/1280x1280/products/246129/13605636/07854104c4611ae131b9903e8b9d5f8e__08674.1669770545.jpg?c=2
26-596,FK24,F/KIT DETACH SWAY BAR EXT,https://vitesse-ltd.co.uk/wp-content/uploads/2023/03/FK24.jpg
26-598,ARB508,LARGE DIAL TYRE GAUGE,https://m.media-amazon.com/images/I/51I23JafU-L._AC_SL1280_.jpg
26-599,4900040M,ALUM RACK 2200X1120 W/MESH,https://cdn11.bigcommerce.com/s-jobx3e0qy/images/stencil/1280x1280/products/257477/13602233/4900040m_v3__97076.1669770451.jpg?c=2
26-60,2755,COIL L/ROVER REAR,https://alrimaya.com/image/catalog/product/4388/0b00e4e6212ed__27423-4388-thumb.jpg
26-600,N145S,OME STRUT NISS R50FLHS,https://cdn11.bigcommerce.com/s-jobx3e0qy/images/stencil/1280x1280/products/246818/13620206/522cfacfe6f352db7a3bca38fa795982__96179.1669771026.jpg?c=2
26-601,N146S,OME STRUT NISS R50FRHS,https://cdn11.bigcommerce.com/s-jobx3e0qy/images/stencil/1280x1280/products/246819/13620203/522cfacfe6f352db7a3bca38fa795982__56159.1669771026.jpg?c=2
26-602,2702,COIL LC 200 SER-FRONT(L),https://alrimaya.com/image/catalog/product/4344/s-l1200-4344-thumb.jpg
26-603,CKMTA12,ARB AIR COMPRESSOR KIT TWIN 12V,https://alrimaya.com/image/catalog/product/2253/26-603-min-2253-thumb.jpg
26-604,CKMTP12,ARB AIR COMPRESSOR TWIN PORTABLE 12V,https://alrimaya.com/image/catalog/26_22/26-604-(1).jpg
26-605,OMEGS19,GREASABLE SHACKLE KIT,https://www.desertrat.com/images/F154311852.jpeg
26-607,RD1045,R/DRAWER 950 X 465,https://alrimaya.com/image/catalog/product/5451/main-5451-thumb.jpg
26-609,CS057R,SPRING L/C 76 SERIES WAGON-MD-,https://cdn11.bigcommerce.com/s-jobx3e0qy/images/stencil/1280x1280/products/246723/13616516/9defb4e95c5edfaf6f28a887eb40e24a__59326.1669770954.jpg?c=2
26-61,2930,COIL JEEP XJ FRONT(L),https://alrimaya.com/image/catalog/product/4386/12c9617a2e043__67656-4386-thumb.jpg
26-610,OMEU59D,OME U BOLT WASHER & NUT,https://imageapi.partsb2.com.au/api/Image?urlId=Q2tWjuVjAt5KuELHWs4AHodzQtEqTxrUypxDtfuW4fQ0Thfdv0uVxSZzUXCFmhN2
26-612,SS189HF,SNORKEL VSPEC TOY PRADO,https://cdn.shopify.com/s/files/1/1926/8595/products/safari-4x4-snorkel-kit-to-suit-toyota-prado-150-series-112009-112017-ss189hf-snorkels-down-under-105_1000x1000.jpg?v=1657783180
26-613,10800356*,ARB FRIDGE 35L SASO TYPE G,https://alrimaya.com/image/catalog/26_22/26-613.jpg
26-614,10800606*,ARB FRIDGE 60L SASO TYPE G,https://alrimaya.com/image/catalog/26_22/26-614.jpg
26-615,320111,ASSY COMPRESSOR MOTOR,https://i.ibb.co/5kzMXvF/26-615.jpg
26-616,320102,ASSY COMPRESSOR HEAD CKM,https://i.ibb.co/n8mpXZG/26-616.jpg
26-619,2987,COIL NISSAN Y62 200 KGR(L),https://alrimaya.com/image/catalog/product/2818/26-442-2818-thumb.jpg
26-62,2865,ARB COIL SPRING 100 SER IFS RR MD(L) 2865,https://alrimaya.com/image/catalog/product/634/26-442-634-thumb.jpg
26-620,60078,SPORT SHOCK FORTUNER 05 ON-R-,https://alrimaya.com/image/cache/catalog/product/2768/26-621-main-2768-thumb-800x800.jpg
26-621,90003,SPORT STRUT PATHFINDER,https://i.ibb.co/j80H34Y/26-621-2-Large.jpg
26-622,90011,SPORT STRUT HILUX 05 - 2015 -F-,https://alrimaya.com/image/catalog/product/2765/26-438-min-2765-thumb.jpg
26-623,90014,SPORT STRUT NISSAN Y62F,https://imageapi.partsb2.com.au/api/Image?urlId=Q2tWjuVjAt5KuELHWs4AHs7Q87mEBV4EWV2vXflhcGn6NToB7t9MQNFXXJhn182T
26-628,SS420HF,SNORKEL VSPEC TOY FJ CRUISER,https://alrimaya.com/image/catalog/product/4225/ss420hf_ctrtanbunfiv2eg9-4225-thumb.jpg
26-629,SS76HFE,SNORKEL VSPEC TOY L/CRUISER,https://alrimaya.com/image/catalog/product/4221/tlc-4221-thumb.jpg
26-63,2981,COIL GU REAR(L),https://alrimaya.com/image/catalog/product/623/26-442-623-thumb.jpg
26-632,3700030,F/KIT ROOFRACK HT 2 (6),https://imageapi.partsb2.com.au/api/Image?urlId=MhIPrJ%2FyAjjLx22BKBNw%2B%2Fkt1AxuWlfu%2FnZTbgiXhhmlnDaO54SrgQRoIuy6NIUO&quot;
26-634,320104,ASSY COMPRESSOR MOTOR CKM12,https://i.ibb.co/yVVXnBh/26-634.jpg
26-635,2612,COIL TUNDRA 2007 ON (NO,https://alrimaya.com/image/catalog/product/4369/26-561-4369-thumb.jpg
26-636,60081,SPORT SHOCK PRADO 150-R-,https://alrimaya.com/image/cache/catalog/product/2720/26-636-main-2720-thumb-800x800.jpg
26-637,61029,SPORT SHOCK L/C 200 SERIES -R-,https://alrimaya.com/image/catalog/product/2599/Shock Absorbers-2599-thumb.jpg
26-639,90017,SPORT STRUT L/C 200 SERIES -F-,https://alrimaya.com/image/cache/catalog/product/3551/26-639-(2)-min-3551-thumb-800x800.jpg
26-640,OME95PF5,PACKER PRADO FRONT,https://alrimaya.com/image/catalog/product/2455/26-640-(2)-min-2455-thumb.jpg
26-641,814200,ARB AWNING 2000 x 2500,https://imageapi.partsb2.com.au/api/Image?urlId=MhIPrJ%2FyAjjLx22BKBNw%2ByyVRdx7g0Nuq%2B5dCq4ojY3hjKHN48HOsOO3LHu%2Bc9pA
26-642,10800786*,ARB FRIDGE 78L SASO TYPE G,https://alrimaya.com/image/catalog/26_22/26-642.jpg
26-643,60000,SPORT SHOCK L/C 100 IFS -F-,https://www.4x4proyect.com/images/ome/NS-60000.jpg
26-644,60032,SPORT SHOCK 60 SER COLORADO-R-,https://cdn11.bigcommerce.com/s-jobx3e0qy/images/stencil/1280x1280/products/261227/13605243/3084dda8c3d533b8f1e8438bfe3bfc7b__33866.1669770534.jpg?c=2
26-645,60097,SPORT SHOCK L/C 40 -F-,https://alrimaya.com/image/catalog/product/4332/61fdfb2feb23c__84623-4332-thumb.jpg
26-650,3921120,SAHARA BUMPER PRADO 120,https://bumpersuperstore.com/images/F146334641.jpg
26-651,5100050,SAHARA TUBE,https://imageapi.partsb2.com.au/api/Image?urlId=MhIPrJ%2FyAjjLx22BKBNw%2B40UJLc58vlkZNwM1Jw3OrrvwZ3uAyUYgxAiZKY7Ltw7&quot;
26-652,5100160,BUFFER KIT WITH HOLE CLASSIC,https://imageapi.partsb2.com.au/api/Image?urlId=MhIPrJ%2FyAjjLx22BKBNw%2B0t3toPMz%2B2hAx3l%2FPHZCWrdY67MmKpW81dGfg%2Bh0dTQ&quot;
26-653,5421100,UVP PRADO 120/150&FJ,https://imageapi.partsb2.com.au/api/Image?urlId=MhIPrJ%2FyAjjLx22BKBNw%2B4Bxan4XvCcfm5wXHuwxF7rwcrdIQCARhCZ8EoD5EveJ
26-657,3813010M,ROOFRACK 100 1790X1120 W/MSH,https://cdn11.bigcommerce.com/s-jobx3e0qy/images/stencil/1280x1280/products/57070/13600256/867c5270c06e1710ee6d5f8b80284bcb__11477.1669770386.jpg?c=2
26-66,218,SPRING  HILUX  IFS REAR 26/66,https://mammothracing.com/cdn/shop/files/ARBLeafSpring_a9a8c368-bbc1-422d-98a8-fb7670af5267.webp?v=1691257727
26-660,FK27,OME TORS/BAR BKT KIT-L/C IFS-,https://imageapi.partsb2.com.au/api/Image?urlId=Q2tWjuVjAt5KuELHWs4AHr2hJK7sRV31gTzXL0p6S71qcXK3P5VwNxepYQYfmitq
26-661,SS186HF,SNORKEL VSPEC TOY PRADO,https://cdn.shopify.com/s/files/1/1926/8595/products/safari-snorkel-to-suit-toyota-prado-120-series-032003-082009-ss186hf-snorkels-4x4-down-under-283_1000x1000.jpg?v=1644892718
26-662,SS60HF,SNORKEL TOY 60 SER (NOT ARB TURBO) 26/662,https://i.ebayimg.com/images/g/3PQAAOSwj4JjTTc6/s-l1600.jpg
26-663,CS001F,SPRING TOY 40 SERIES-F-,https://cdn11.bigcommerce.com/s-jobx3e0qy/images/stencil/1280x1280/products/246601/13615537/9defb4e95c5edfaf6f28a887eb40e24a__51274.1669770931.jpg?c=2
26-664,CS001R,SPRING TOY 40 SERIES-R-,https://cdn11.bigcommerce.com/s-jobx3e0qy/images/stencil/1280x1280/products/246603/13615531/9defb4e95c5edfaf6f28a887eb40e24a__11972.1669770930.jpg?c=2
26-665,3500520,ARB LIGHT LOOM DEUTSCH SCKTS,https://cdn11.bigcommerce.com/s-wg9nennc1z/images/stencil/2000x2000/products/11982/13137169/arb-wiring-loom-3500520__46396.1750480818.jpg?c=1
26-666,AR32F,ARB INTENSITY FLOOD LIGHT,https://cdn11.bigcommerce.com/s-jobx3e0qy/images/stencil/1280x1280/products/57261/13610810/b934f50a9c9ebe8a69e0997603104396__33105.1669770750.jpg?c=2
26-667,10910048,CONTROL PANEL PCB CLASSIC BLUE,https://i.ibb.co/0hzbV0F/26-667.jpg
26-668,10910041,CONTROL TOUCHPAD CLASSIC BLUE,https://i.ibb.co/6PJmTnS/26-668.jpg
26-669,10910027,THERMOCOUPLE,https://i.ibb.co/zJP9tLQ/26-669.jpg
26-67,2181,SPRING  HILUX  IFS REAR HD 26/67,https://www.4x4proyect.com/images/ome/CS-020R.jpg
26-670,10910076,CORD DC SCREW/CIG TYPE,https://i.ibb.co/9np545S/26-670.jpg
26-671,10910035,CLEAR PROTECTIVE COVER,https://i.ibb.co/z6VWxjj/26-671.jpg
26-672,10910072,LID LATCH CLASSIC BLUE,https://alrimaya.com/image/catalog/product/5714/26-672-main-5714-thumb.jpg
26-673,10910066,MAIN PCB CLASSIC BLUE,https://i.ibb.co/3ftpzvR/26-673.jpg
26-674,10910075,DRAIN PLUG KIT,https://i.ibb.co/sq1v1Jf/26-674.jpg
26-675,10910033,100-240V FUSE - 4A F4L250V,https://i.ibb.co/XWXsyvp/26-675.jpg
26-676,10910034,12/24V DC FUSE -T8A32V 26/676,https://i.ibb.co/BBTLNct/26-676.jpg
26-677,10910051,SPRING KIT LID HINGE 35/47L,https://i.ibb.co/R2QK3Bs/26-677.jpg
26-679,10910028,LIGHT BULB CLASSIC,https://i.ibb.co/7R59JDJ/26-679.jpg
26-680,10910007,DANFOSS CONTROL UNIT,https://i.ibb.co/qrHjdBt/26-680.jpg
26-681,10910009,BRUSHLESS FAN,https://i.ibb.co/jZ5cGFx/26-681.jpg
26-682,2869,COIL PRADO 150 SWB F(L),https://alrimaya.com/image/catalog/product/2757/26-442-2757-thumb.jpg
26-683,180212,SWITCH CAP COMPRESSOR (BLUE),https://i.ibb.co/9pCm4Tq/26-683.jpg
26-684,3721050,F/KIT R/RACK,https://imageapi.partsb2.com.au/api/Image?urlId=MhIPrJ%2FyAjjLx22BKBNw%2B3S3%2FdEanP5o6D89disCiWunznB33UuiyfrKTHixJ92J
26-685,SS15HFD,SNORKEL VSPEC NISS PATROL,https://www.playtimeautoparts.com.au/assets/alt_1/SS15HFD_1.jpg?20220617102448
26-690,K6202,JACK/SHOVEL HOLDER ARB R/RACK,https://imageapi.partsb2.com.au/api/Image?urlId=elwj6zbvi1i5KAepy31BAPLFJzqL8ugxFJGUecwjWggSWYngVfYz%2BLhDbzXyYKg5
26-691,171309,COMPRESSOR BLOW GUN US STD,https://i.ibb.co/DY6K4t4/26-691.jpg
26-692,171402,HOSE COUPLING US STD (F),https://i.ibb.co/64vWBrD/26-692.jpg
26-693,200711,SCREW CAP SOCK-HD M5X20,https://i.ibb.co/7Sz7k2j/26-693.jpg
26-694,320201,"COMPRESSOR BARREL, CKM   26/694",https://i.ibb.co/JpWD6BZ/26-694.jpg
26-695,320203,AXLE COMPRESSOR PISTON CKM,https://i.ibb.co/87NGXDT/26-695.jpg
26-697,3415150,WINCHBAR 200 SER,https://cdn11.bigcommerce.com/s-jobx3e0qy/images/stencil/1280x1280/products/57164/13594420/arb200series0612_212__86807.1669770219.jpg?c=2
26-698,320105S,ASSY VALVE PLATE CKM   26/698,https://i.ibb.co/frfcn08/26-698.jpg
26-699,180901,PRESSURE SWITCH 1/4NPT,https://alrimaya.com/image/catalog/product/2112/ARB180901-2T-2112-thumb.jpg
26-700,CO42,RELAY 12V 40A (P1512XP) W/BRKT,https://i.ibb.co/y89CZNs/26-700.jpg
26-701,180209S,SWITCH NO CAP,https://alrimaya.com/image/catalog/product/5732/26-701-main-5732-thumb.jpg
26-703,SS86HF,SNORKEL VSPEC TOY L/CRUISER,https://cdn11.bigcommerce.com/s-jobx3e0qy/images/stencil/1280x1280/products/56958/13630411/ss86hf_a__90233.1669771283.jpg?c=2
26-708,54X07,X-TRAX SERIES II - PAIRS ONLY,https://imageapi.partsb2.com.au/api/Image?urlId=XIUK8pSeT%2F9sHy5b5SRPp6pyZ6qTCZxjOB3KRUpQc42cidAx8oFtlvhArHw%2FAvcs&quot;
26-709,ARB502,ARB RECOVERY BAG SMALL,https://alrimaya.com/image/catalog/product/2549/26-709%20(3)-min-2549-thumb.jpg
26-71,2JC1A,SPRING CHEROKEE XJ REAR 26/71,https://www.4x4proyect.com/images/ome/CS-034RA.jpg
26-710,10500010,ARB LED MULTI PURPOSE LIGHT,"https://static.wixstatic.com/media/1468af_11b4c070507643f0b1f28e09ea17e8e5~mv2.jpg/v1/fill/w_640,h_593,al_c,q_85/1468af_11b4c070507643f0b1f28e09ea17e8e5~mv2.jpg"
26-713,2766,COIL L/ROV ISUZ-FRNT,https://images.streetfx.com.au/assets/full/arb2766.jpg?20250816064844&w=1440
26-714,2977,COIL NISSAN Y62 NO BAR F(L),https://alrimaya.com/image/catalog/product/626/26-442-626-thumb.jpg
26-715,2986,COIL NISSAN Y62 MED R(L),https://alrimaya.com/image/catalog/product/625/26-442-625-thumb.jpg
26-716,3915030,SAHARA BUMPER TUNDRA,https://bumpersuperstore.com/images/F146334634.jpg
26-717,60084,SPORT SHOCK NISSAN Y62-R-,https://alrimaya.com/image/catalog/product/652/Shock%20Absorbers-652-thumb.jpg
26-718,SS76HFZ,SNORKEL VSPEC TOY L/CRUISER,https://media.thmotorsports.com/content/images/194/01949813_0.jpeg
26-72,2JC1B,SPRING CHEROKEE XJ REAR 26/72,https://www.4x4proyect.com/images/ome/CS-034RB.jpg
26-720,170112,ARB DIFFERENTIAL BREATHER KIT,https://cdn11.bigcommerce.com/s-wg9nennc1z/images/stencil/2000x2000/products/12552/13142224/arb-differential-breather-kit-170112__98827.1751790869.jpg?c=1
26-721,FK65,ABS WIRE BRKT KIT,https://4x4works.b-cdn.net/app/uploads/2020/07/OM-FK65-C.jpg?width=1700
26-722,10900010,FRIDGE CLASSIC TIEDOWN KIT,https://alrimaya.com/image/catalog/product/2490/10900010_1.3905-2490-thumb.jpg
26-723,EL014R,يايات     26/723,https://cdn11.bigcommerce.com/s-jobx3e0qy/images/stencil/1280x1280/products/372743/13617867/673aa857cdb7c3fca558aa176b369c05__03820.1669770980.jpg?c=2
26-724,5115030,SAHARA TUBE,https://imageapi.partsb2.com.au/api/Image?urlId=MhIPrJ%2FyAjjLx22BKBNw%2B%2B20anAtnYfcIholLt8lGo0HkJPkt4TjgxPSDVTg7iAm
26-725,10100200,JACK BAG 48IN INC ORB POCKET,https://imageapi.partsb2.com.au/api/Image?urlId=MhIPrJ%2FyAjjLx22BKBNw%2BzEl5sqtohBorH2rQ5%2BKRFOCU9b%2B0OOhvwJlcSkcfIDL
26-726,ARB605,INFLATOR WITH GAUGE,https://alrimaya.com/image/catalog/product/1170/26-726-(2)-1170-thumb.jpg
26-727,10900015,TRANSIT BAG CANVAS 78L ARB,https://m.media-amazon.com/images/I/818qrIauADL._AC_SL1500_.jpg
26-73,N19,OME SHOCK NISSAN-F-FIRM,https://alrimaya.com/image/cache/catalog/product/668/Shock%20Absorbers-668-thumb-800x800.jpg
26-730,3217300,B/BAR GU 10/04ON,https://alrimaya.com/image/catalog/product/3663/F146334538-3663-thumb.jpg
26-731,3700100,F/KIT R/RACK H1 SUITS GU/76(6),https://imageapi.partsb2.com.au/api/Image?urlId=MhIPrJ%2FyAjjLx22BKBNw%2Bzvs5Wbk%2BL1IKSlgZDZmDZPD%2BzMaQcWq74Sg%2FPGP1NYs&quot;
26-733,RK9,PREMIUM RECOVERY KIT,https://i.ibb.co/mFFFDh6/26-733.jpg
26-734,10900022,ARB FRIDGE SLIDE 60/78L,https://alrimaya.com/image/catalog/product/4296/d9b4d0d7038ae__35567-4296-thumb.jpg
26-737,180410,@ WIRING LOOM CKMP12/24,https://i.ibb.co/9tgy3bT/26-737.jpg
26-738,AR32S,ARB INTENSITY SPOT LIGHT,https://m.media-amazon.com/images/I/81qseXWi+gL._AC_SL1500_.jpg
26-739,180412,WIRING LOOM CKMTP SUPPLY,https://i.ibb.co/jv0LwcM8/26-739.jpg
26-74,N29,OME SHOCK NISSAN R FIRM,https://alrimaya.com/image/cache/catalog/product/2647/Shock%20Absorbers-2647-thumb-800x800.jpg
26-740,200703,SCREW HEX-   26/740,https://i.ibb.co/HFw2HPX/26-740.jpg
26-741,6151046,WASHER FLAT 6MM TZP480,https://i.ibb.co/NFkftY8/26-741.jpg
26-742,200702,SCREW HEX-HD    26/742,https://i.ibb.co/0r99tpW/26-742.jpg
26-743,200708,SCREW CAP SOCK     26/743,https://i.ibb.co/g3421f9/26-743.jpg
26-744,320205,MUSHROOM POPPET 6MM V75 320205 ,https://i.ibb.co/5M5m4yL/26-744.jpg
26-745,160241,O-RING BS031N70,https://i.ibb.co/48bg3z3/26-745.jpg
26-746,160242,O-RING METRIC   26/746,https://i.ibb.co/TwydWRh/26-746.jpg
26-747,160247,O-RING BS032S70,https://i.ibb.co/gTZD1Px/26-747.jpg
26-748,160243,O-RING BSO32N70         26/748,https://i.ibb.co/fn0Sq8N/26-748.jpg
26-749,320204,FITTING  SAFETY VAVE   26/749,https://i.ibb.co/FbyRt92/26-749.jpg
26-750,150115,SPRING SAFETY VALE  150PSI 150115,https://i.ibb.co/0GyY3KK/26-750.jpg
26-751,290503,AIR FILTER ELEMENT SINT,https://i.ibb.co/K7D5Y1w/26-751.jpg
26-752,320212,AIR FILTER FLANGE CKM,https://i.ibb.co/n3bX3Yj/26-752.jpg
26-754,171303,INFLATION ACCESSORY KIT,https://alrimaya.com/image/catalog/product/4289/71m1If4KrpL-4289-thumb.jpg
26-756,171403,HOSE COUPLING US STD(F) JIC4 P,https://i.ibb.co/WgKjBFS/26-756.jpg
26-757,320501,AIR FILTER ASSY,https://i.ibb.co/fNqJKzw/26-757.jpg
26-758,OME79PF10,COIL SPRING PACKER,https://imageapi.partsb2.com.au/api/Image?urlId=Q2tWjuVjAt5KuELHWs4AHue3fEUMLJxgVSoHxBXK3MWHeht3G%2FPnFnfeWSAVEGgB&quot;
26-759,FK77,F/KIT SWAY BAR W/O OE MNT,https://imageapi.partsb2.com.au/api/Image?urlId=Q2tWjuVjAt5KuELHWs4AHqzmPY%2F8f5vBpv62bjLSvF04twAzJKIkS6R3YPhb7Mjo&quot;
26-76,N22F,NITROCHARGER NISSAN Y60- 26/76,https://arb4x4.pl/media/products/ec5ced2018021130176bff47a48e0c08/images/thumbnail/big_Nitrocharger_Shock-2.jpg?lm=1739469712
26-760,FK51,BPV RELOCATION KIT 50MM,https://cdn11.bigcommerce.com/s-y2fzxlqvm7/images/stencil/original/products/211214/1865094/44949cd71173ac2ea817d52b1d1f366b__87709.1685468998.JPG
26-761,10100020,SNATCH BLOCK ULTRA LIGHT,https://alrimaya.com/image/catalog/product/2026/94835-min-2026-thumb.jpg
26-762,EL079R,SPRING TOY 78/79 SERIES R,https://alrimaya.com/image/catalog/product/2822/ome-rear-leaf-springs-medium-toyota-2822-thumb.jpg
26-763,OMESTAB9,SWAY BAR KIT,https://imageapi.partsb2.com.au/api/Image?urlId=Q2tWjuVjAt5KuELHWs4AHocxI52rZYRqpcx6XDdZksCsHap%2FM%2BJSOmpuS16xSN77
26-764,10910078,CONTROL PANEL PCB CLASSIC BLUE,https://i.ibb.co/hRLLkmf/26-764.jpg
26-765,10910077,MAIN PCB CLASSIC BLUE,https://i.ibb.co/rsCkXwr/26-765.jpg
26-766,10900026,REMOTE WIRELESS DISPLAY,https://m.media-amazon.com/images/I/616RuHIZ5zL._AC_SL1443_.jpg
26-767,60112,SPORT SHOCK PRADO 120 -R-,https://alrimaya.com/image/catalog/product/2718/26-767-main-2718-thumb.jpg
26-768,61012,SPORT SHOCK PATROL Y61 -F-,https://imageapi.partsb2.com.au/api/Image?urlId=Q2tWjuVjAt5KuELHWs4AHkOnPpCQc%2BgABO%2Bj10ZSDky7wdOX5IIFtl8SvmUOsx7j
26-769,90021,SPORT STRUT PRADO 120 -F-,https://alrimaya.com/image/cache/catalog/product/2717/26-438-min-2717-thumb-800x800.jpg
26-77,N91S,NITROCHARGER L/C PRADO-F 26/77,https://ome-express.ru/upload/iblock/425/4252b0e7e35967ad7045738948d4d4d8.jpg
26-770,2627,COIL JEEP JK -FRONT-,https://alrimaya.com/image/catalog/product/2859/26-442-2859-thumb.jpg
26-771,60066,SPORT SHOCK JEEP WRANGLER JK F,https://alrimaya.com/image/catalog/product/2860/Shock%20Absorbers-2860-thumb.jpg
26-772,60067,SPORT SHOCK JEEP WRANGLER JK,https://alrimaya.com/image/catalog/product/2115/Shock%20Absorbers-2115-thumb.jpg
26-773,OMESD48,STEERING DAMPER JEEP-WITH OMESD48,https://imageapi.partsb2.com.au/api/Image?urlId=Q2tWjuVjAt5KuELHWs4AHvRZf1V50v6hBK%2F20qJWOCEKiEcM%2FhS7UWuHaUU%2BO7aX
26-774,5415100,UVP LC200 07-10/15,https://alrimaya.com/image/catalog/product/4212/2491d734be134__58590-4212-thumb.jpg
26-775,3915150,SAHARA BUMPER 200 SER,https://alrimaya.com/image/catalog/product/3664/F146334637-3664-thumb.jpg
26-776,60011,SPORT SHOCK L/C 76 78 79 -R-,https://alrimaya.com/image/catalog/product/2824/Shock%20Absorbers-2824-thumb.jpg
26-777,FK76,F/KIT SWAY BAR OE MNT,https://imageapi.partsb2.com.au/api/Image?urlId=Q2tWjuVjAt5KuELHWs4AHj7qdDErqMwOmE1xITgcsEynOHTBJfO9B9qzH6ipAHS0&quot;
26-778,OMESTAB3,FRNT SWAY BAR KIT,https://imageapi.partsb2.com.au/api/Image?urlId=Q2tWjuVjAt5KuELHWs4AHmxpzR9V5yqq7NXMGSwHsq1jnz%2FuOGe8Bp4G11KBf%2F%2BO
26-779,CS058R,SPRING L/C 76 SERIES WAGON,https://alrimaya.com/image/catalog/product/4265/Image-5-4265-thumb.jpg
26-78,N86,OME SHOCK PRADO 90 R,https://ome-express.ru/upload/iblock/17b/17ba6260da990073faa076a928b71e03.jpg
26-780,D35XL,DAKAR XL LEAF- CS057/58R,https://images.streetfx.com.au/assets/full/arbD35XL.jpg?20250810053636&w=1440
26-781,5115020,SAHARA TUBE,https://www.outback-import.fr/20743-thickbox_default/a-bar-sahara-bar-arb-toyota-lc200.jpg
26-782,2628,COIL JEEP JK -FRONT-,https://alrimaya.com/image/catalog/product/2866/26-442-2866-thumb.jpg
26-784,60124,SPORT SHOCK JEEP WK2,https://alrimaya.com/image/catalog/product/2117/41st5-7lDIL-2117-thumb.jpg
26-785,2889,COIL PRADO 150 R(L),https://alrimaya.com/image/catalog/product/2761/26-442-2761-thumb.jpg
26-786,BP5190002R,C/OVER: PRADO/FJ/4RUN FR RH,https://alrimaya.com/image/catalog/product/1970/Untitled-6-1970-thumb.jpg
26-787,BP5190002L,C/OVER: PRADO/FJ/4RUN FR LH,https://alrimaya.com/image/catalog/product/2725/26-787-2725-thumb.jpg
26-788,VM80010008,BP51 FIT KIT,https://alrimaya.com/image/catalog/product/1971/fitting%20kit-1971-thumb.jpg
26-789,BP5160002,SHOCK: PRADO 150/FJ REAR,https://content2.rozetka.com.ua/goods/images/big/64027485.jpg
26-790,VM80010010,BP51 FIT KIT,https://alrimaya.com/image/catalog/product/2756/fitting%20kit-1973-thumb-2756-thumb.jpg
26-791,FK38,ANTI INVERSION SHACK KIT,https://www.desertrat.com/images/F154311636.jpeg
26-792,UCB17,OME CENTRE BOLT & NUT,https://imageapi.partsb2.com.au/api/Image?urlId=Q2tWjuVjAt5KuELHWs4AHhqR94glZeJORwNqDGCoV2TFO2902voNgRVECdYmj%2Bhc&quot;
26-793,RD132,AIRLOCKER 10 BOLT 30SPL,https://imageapi.partsb2.com.au/api/Image?urlId=MhIPrJ%2FyAjjLx22BKBNw%2BxlhxWT7v8QxofglqtaTEg64p3qdrFMgrkEzVV%2FwfNnp
26-794,RD152,AIRLOCKER 32 SPL,https://alrimaya.com/image/catalog/product/2132/71pEhIkA9gL-2132-thumb.jpg
26-796,AR09SB,COVER SOLID BLACK AR32,https://m.media-amazon.com/images/I/61OSLpu9tiL._AC_SL1500_.jpg
26-797,60063,SPORT SHOCK L/C 60 SER -F-,https://alrimaya.com/image/catalog/product/4280/f63517e7f8f33__65531-4280-thumb.jpg
26-798,60065,SPORT SHOCK L\\C 60 SER-R-,https://cdn11.bigcommerce.com/s-jobx3e0qy/images/stencil/1280x1280/products/634280/15879525/60065_v1__38357.1670560899.jpg?c=2
26-799,5414100,UVP HILUX 05ON,https://imageapi.partsb2.com.au/api/Image?urlId=MhIPrJ%2FyAjjLx22BKBNw%2B4dakeeoOai%2FB%2FshAZkWpKZY8MuYJip7A3hdzCTS%2BdyH
26-80,N88,NITROCHARGER L/C 60  26/80,https://www.lrsoffroad.co.uk/user/products/large/Old%20Man%20Emu%20Nitro%20Charger%20Shock.jpg
26-800,90026,SPORT STRUT JEEP WK2,https://alrimaya.com/image/cache/catalog/product/2889/%2026-643-main-2889-thumb-800x800.jpg
26-801,3063,COIL L/ROVER FRONT,https://images.streetfx.com.au/assets/full/arb3063.jpg?20250828191947&w=1440
26-802,3065,COIL L/ROVER REAR,https://www.4x4proyect.com/images/ome/OME-3065.jpg
26-806,CALR1,CASTER KIT,https://imageapi.partsb2.com.au/api/Image?urlId=Q2tWjuVjAt5KuELHWs4AHvGOvStjjeucZ25FDPqdSF%2FJptbdFthXyD69P7ov7OL%2F
26-807,303001,TORSION BAR SET-TOYOTA L\C V8,https://alrimaya.com/image/catalog/product/4257/303001-4257-thumb.JPG
26-808,90006,SPORT STRUT PAJERO NS ON -F-,https://i.ibb.co/fFkgLcz/26-808-1-Large.jpg
26-809,60019,SPORT SHOCK PAJERO NM -R-,https://m.media-amazon.com/images/I/31qUM24TvSL._AC_SL1000_.jpg
26-811,ARB304,HiLift X-TREME Jack 60inch,https://hi-lift.com/wp-content/uploads/2018/08/XT-485-e1505940072277.jpg
26-812,3700040,F/KIT ROOFRACK HT 2 (4),https://cdn11.bigcommerce.com/s-jobx3e0qy/images/stencil/1280x1280/products/144529/13598861/3700040__17930.1669770341.jpg?c=2
26-813,3411050,WINCHBAR F/HZJ80,https://alrimaya.com/image/catalog/product/3665/26-813-1-3665-thumb.jpg
26-814,10910018,DC POWER SOCKET,https://i.ibb.co/k6g7b33/26-814.jpg
26-817,BP5190003L,C/OVER: LC200 FR LH,https://alrimaya.com/image/catalog/product/1972/Untitled-6-1972-thumb.jpg
26-818,BP5190003R,C/OVER: LC200 FR RH,https://alrimaya.com/image/catalog/product/2636/BP5190003R-2636-thumb.jpg
26-819,VM80010003,BP51 FIT KIT,https://alrimaya.com/image/catalog/product/1973/fitting%20kit-1973-thumb.jpg
26-82,60043,SPORT SHOCK TOYOTA LANDCRUISER LC79 SWB 60043,https://alrimaya.com/image/catalog/product/2390/NS-60043-2390-thumb.jpg
26-820,BP5160026,SHOCK: LC200 REAR,https://alrimaya.com/image/catalog/product/1974/Untitled-5-1974-thumb.jpg
26-821,VM80010004,BP51 FIT KIT,https://alrimaya.com/image/catalog/product/2637/fitting%20kit-1973-thumb-2637-thumb.jpg
26-822,VM80010005,BP51 FIT KIT,https://alrimaya.com/image/catalog/product/1975/fitting%20kit-1975-thumb.jpg
26-823,3540050,WINCH INSTALL KIT,https://imageapi.partsb2.com.au/api/Image?urlId=MhIPrJ%2FyAjjLx22BKBNw%2B42ge3lQsBFdrcg4eKfT4fwuwVEH9Jj%2FnybkZqEV%2BsYM&quot;
26-826,3500600,HAWSE FAIRLEAD SPACER KIT,https://imageapi.partsb2.com.au/api/Image?urlId=MhIPrJ%2FyAjjLx22BKBNw%2B6UIfYw8auZ6iqNWkNxfllR1x6hHt70P9LUZ%2B0DInXyM&quot;
26-827,3500770,BRKT SOL PACK S/BILT GEN2 X20,https://m.media-amazon.com/images/I/511mpw0MfKL._AC_SL1500_.jpg
26-828,98510,WINCH SMITTYBILT GEN2 X20 10K,https://alrimaya.com/image/catalog/product/1882/smitty-bilt-min-1882-thumb.jpg
26-829,SDS200,ARB SWAG SKYDOME DOUBLE,https://alrimaya.com/image/catalog/product/3552/26-928-3552-thumb.jpg
26-830,813202,2000 WIND BREAK - FRONT,https://alrimaya.com/image/catalog/product/2678/26-830-1-min-2678-thumb.jpg
26-831,813400,WIND BREAK-SIDE,https://imageapi.partsb2.com.au/api/Image?urlId=MhIPrJ%2FyAjjLx22BKBNw%2B3WgkRucUpND5GZw8kSoAG3IS3%2F7F4fOljMs6CkIoyr5TbADe8tz6lowS2Qc%2BgEdjA%3D%3D
26-833,GQGK02,GEARBOX PACKER KIT-,https://alrimaya.com/image/catalog/product/4180/3-80802_g-4180-thumb.jpg
26-834,ARB710,ARB RECOVERY STRAP 11000KG,https://alrimaya.com/image/catalog/product/1169/26-834-(7)-1169-thumb.jpg
26-835,3412470,WINCHBAR LC70 76/78/79 07ON,https://alrimaya.com/image/catalog/product/3627/ARBOME0523_LC97ParabolicAirBags_037-3627-thumb.jpg
26-836,3714020,F/KIT R/RACK,https://imageapi.partsb2.com.au/api/Image?urlId=MhIPrJ%2FyAjjLx22BKBNw%2By8QHbD%2Ff7JOrzkYPGuIw96yt52mPNRUIW%2BWSImbIs2w
26-837,10500101,ARB CAMPING FOLDING CHAIR TABLE,https://alrimaya.com/image/catalog/product/1199/26-837-(3)-1199-thumb.jpg
26-838,OMEJK4,JK WRANGLER 4 INCH LIFT KIT,https://alrimaya.com/image/catalog/product/2343/26-838-1-2343-thumb.jpg
26-839,AR21F,ARB INTENSITY 21 LED FLOOD,https://m.media-amazon.com/images/I/71fvWggx4oL._AC_SL1500_.jpg
26-84,N58,NITROCHARGER NISSAN 1 TO 26/84,https://imageapi.partsb2.com.au/api/Image?urlId=Q2tWjuVjAt5KuELHWs4AHgbbbTZv9imGGND5OXUIYweUtWxfqoHNoU12y7kD8F7V
26-840,3614120,SUMMIT RSTB HILUX FLARED,https://cdn11.bigcommerce.com/s-jobx3e0qy/images/stencil/1280x1280/products/57203/13598614/1e682cb6f131c00c5cc0555993e77023__58760.1669770335.jpg?c=2
26-841,BP5160021,SHOCK: WRANGLER JK FR LONG 633,https://alrimaya.com/image/catalog/product/1976/Untitled-5-1976-thumb.jpg
26-842,BP5160030,SHOCK: WRANGLER JK REAR LONG,https://alrimaya.com/image/catalog/product/2880/Untitled-5-1989-thumb-2880-thumb.jpg
26-843,VM80010014,BP51 FIT KIT,https://alrimaya.com/image/catalog/product/1977/fitting%20kit-1977-thumb.jpg
26-844,VM80010015,BP51 FIT KIT,https://alrimaya.com/image/catalog/product/2881/fitting%20kit-1973-thumb-2881-thumb.jpg
26-845,1151,J/CAN MTL DIES 20L OLIVE YELL   26/845,https://alrimaya.com/image/catalog/product/1526/26-845-(3)-1526-thumb.jpg
26-846,4412370,S/RAIL/STEP 79 V8 C/CHASS,https://www.outback-import.fr/43434-thickbox_default/s-rail-step-79-v8-c-chass07on-603mm-suits-3412500.jpg
26-847,FK82,REAR BRAKE LINE DROP,https://www.desertrat.com/images/F154311672.jpeg
26-848,3715070,SER WASHER KIT SUIT LC200 MY16,https://imageapi.partsb2.com.au/api/Image?urlId=MhIPrJ%2FyAjjLx22BKBNw%2By1qOdkfWO24lLPbWTgAP9aGMNrXE9huUmjc34z6Papm&quot;
26-849,813204,2000 X 2500 AWN ROOM W/FLOOR,https://alrimaya.com/image/catalog/product/2681/813204-min-2681-thumb.jpg
26-850,BP5160025,SHOCK: PRADO/FJ/4RUN REAR,https://alrimaya.com/image/catalog/product/1978/Untitled-5-1978-thumb.jpg
26-851,TR75LP,TANK HILUX 15ON DC PETROL 150L,https://alrimaya.com/image/cache/catalog/product/4428/Untitled-1%20copy-4428-thumb-800x800.jpg
26-852,BP5160009,SHOCK: TOYOTA 76/78/79 FRONT,https://alrimaya.com/image/catalog/product/1979/Untitled-5-1979-thumb.jpg
26-853,BP5160010,SHOCK: TOYOTA 76/78/79 REAR,https://www.4x4proyect.com/images/ome/BP5160010.jpg
26-854,VM80010006,BP51 FIT KIT,https://alrimaya.com/image/catalog/product/1980/fitting%20kit-1980-thumb.jpg
26-855,VM80010007,BP51 FIT KIT,https://alrimaya.com/image/catalog/product/2840/fitting%20kit-1973-thumb-2840-thumb.jpg
26-859,CS033RA,SPRING JEEP XJ SPECIAL,https://imageapi.partsb2.com.au/api/Image?urlId=Q2tWjuVjAt5KuELHWs4AHqC48K2VmbV3MfZIsrsPJyeQZzhg%2BrH7nCqWEGiCpJwF
26-860,RD111,ARB AIRLOCKER 30SPL 3.91&UP,https://alrimaya.com/image/catalog/product/4409/RD245_v1__03806-4409-thumb.jpg
26-861,FK25,F/KIT OIL PAN SPACER,https://cdn11.bigcommerce.com/s-y2fzxlqvm7/images/stencil/original/products/211192/1865005/7a99437488df9968c1b6ddc51cc55691__20304.1685468946.JPG
26-862,2974E,COIL PATROL Y61 F EUROPEAN(L),https://alrimaya.com/image/catalog/product/4343/2974e_v1__11266-4343-thumb.jpg
26-863,10900021,ARB FRIDGE SLIDE 35/47L,https://alrimaya.com/image/catalog/product/4297/d9b4d0d7038ae__35567-4297-thumb.jpg
26-864,2605,COIL MITS TRITON-06 ON,https://cdn11.bigcommerce.com/s-jobx3e0qy/images/stencil/1280x1280/products/245599/13584762/d25d88e83d772ad66cd4a4bc1abdf0e8__98744.1669769962.jpg?c=2
26-865,90008,SPORT STRUT MITS TRITOM ML -F-,https://alrimaya.com/image/catalog/product/4330/90008_v1-4330-thumb.jpg
26-867,5700251,LH RWC SUITS LC100/LC200/GU,https://imageapi.partsb2.com.au/api/Image?urlId=MhIPrJ%2FyAjjLx22BKBNw%2Bzq7PQSpTP6SAEfxWVsn5vDCpdFCy6jyTxnsbul4Ht5a&quot;
26-869,2939,COIL JEEP TJ-F-EXPORT ONLY,https://cdn11.bigcommerce.com/s-jobx3e0qy/images/stencil/1280x1280/products/245805/13588169/d0e025ac7facbb62cb2cf6ac07e9ed14__30862.1669770040.jpg?c=2
26-870,CS031R,SPRING NISSAN D21 & D22-REAR-,https://cdn11.bigcommerce.com/s-jobx3e0qy/images/stencil/1280x1280/products/246690/13616208/9defb4e95c5edfaf6f28a887eb40e24a__32840.1669770947.jpg?c=2
26-871,CS061R,SPRING NISSAN X-TERRA-R- MOQ-,https://cdn11.bigcommerce.com/s-jobx3e0qy/images/stencil/1280x1280/products/246729/13616523/9defb4e95c5edfaf6f28a887eb40e24a__54841.1669770954.jpg?c=2
26-873,OMEGS15,GREASABLE SHACKLE KIT,https://imageapi.partsb2.com.au/api/Image?urlId=Q2tWjuVjAt5KuELHWs4AHs6TWRUtUqQn9O6FYvvPCMVT7D0JwUmPKY8iKl4OLlox
26-876,OMEU72,OME U BOLT WASHERS & NUTS,https://imageapi.partsb2.com.au/api/Image?urlId=Q2tWjuVjAt5KuELHWs4AHume9fVbRxhUlr35daDKv%2BsHmXdpDGmMXS7XsSCYAUL1
26-877,60034,SPORT SHOCK NISS D22 10/02,https://imageapi.partsb2.com.au/api/Image?urlId=Q2tWjuVjAt5KuELHWs4AHiR35uRcLmsEV9TFox7IlW1ZicCIf%2FFaTlUaaaakNZJe
26-878,60035,SPORT SHOCK NISS D22 10/02,https://cdn11.bigcommerce.com/s-jobx3e0qy/images/stencil/1280x1280/products/261235/13605245/a04305979a0fcbec6950c5a32d593b8b__76814.1669770534.jpg?c=2
26-879,FK42,SWAY BAR PACKER KIT,https://cdn11.bigcommerce.com/s-jobx3e0qy/images/stencil/1280x1280/products/372803/13618384/cd174889baa8cd49d59c2d12e428d0ce__44039.1669770990.jpg?c=2
26-880,3215200,SUMMIT B/BAR 200 SER GX/GXL,https://bumpersuperstore.com/images/F146334758.jpg
26-881,3500530,ARB FOG LIGHT LOOM,https://m.media-amazon.com/images/I/41u-0uQ5y0L._AC_.jpg
26-882,3500590,ARB FFR FOG LIGHT KIT,https://m.media-amazon.com/images/I/61VaC5mXVoL._AC_SL1500_.jpg
26-883,3500640,ARB FOG LIGHT ADAPTOR BULLET,https://www.outback-import.fr/69978-thickbox_default/arb-fog-light-adaptor-bullet-may.jpg
26-884,3500680,CLEAR COVERS ARB FOGLIGHT,https://www.outback-import.fr/69975-thickbox_default/clear-fog-light-cover-arb.jpg
26-886,303007,TORSION BAR SET-NISSAN D22,https://imageapi.partsb2.com.au/api/Image?urlId=Q2tWjuVjAt5KuELHWs4AHqlUs8av99eVbwJ8MnDSABkHdKgkKQw8wc0o8A87ZTI2
26-887,SS89HF,SNORKEL VSPEC TOY L/CRUISER,https://alrimaya.com/image/catalog/product/4218/SCA_SPO8922280_hi-res-4218-thumb.jpg
26-888,D2XL,DAKAR XL LEAF-SUITS 04RA/B,https://images.streetfx.com.au/assets/full/arbD2XL.jpg?20250810053622&w=1440
26-889,UCB2,OME SPRING CENTRE BOLT & NUT,https://cdn11.bigcommerce.com/s-wg9nennc1z/images/stencil/2000x2000/products/13036/13118470/ca9feffd65213__52015.1737054394.jpg?c=1
26-890,OMEGS21,GREASABLE SHACKLE KIT,https://alrimaya.com/image/catalog/product/5610/main-26-890-5610-thumb.jpg
26-891,ARB601,ARB DIGITAL TYRE INFLATOR,https://alrimaya.com/image/catalog/26_22/26-891-(5).jpg
26-892,3640140,SUMMIT RSTB PX RANGER 11ON,https://cdn11.bigcommerce.com/s-jobx3e0qy/images/stencil/1280x1280/products/57209/13598747/rstb_1__61088.1669770338.jpg?c=2
26-893,5440200,UVP BT50/PX 1 & 2,https://cdn11.bigcommerce.com/s-jobx3e0qy/images/stencil/1280x1280/products/57104/13603205/67b0ed4af819f7a4ace6efee5317c57f__82719.1669770475.jpg?c=2
26-894,60017,SPORT SHOCK NAVARA D40 -R-,https://alrimaya.com/image/catalog/product/4262/910f4b9f96590__33136-4262-thumb.jpg
26-895,RD151,AIRLOCKER 34 SPL,https://alrimaya.com/image/catalog/product/2132/71pEhIkA9gL-2132-thumb.jpg
26-896,3417320,C/COMBAR GU SER 4 ALL,https://rayo4x4.pl/eng_pl_C-COMBAR-GU-SER-4-ALL-9096_1.png
26-897,3927010,SAHARA BUMPER PATROL Y62,https://alrimaya.com/image/catalog/product/3685/F146334647-3685-thumb.jpg
26-898,5100150,BUFFER KIT SAHARA BAR 30MM RAD,https://imageapi.partsb2.com.au/api/Image?urlId=MhIPrJ%2FyAjjLx22BKBNw%2B9bDp0DsKLVba5lkWExqopxKLDZXSeNxIlC1MuFwXTqK&quot;
26-899,SA200BL201,TOY LC200 10/15+ WNCH BLK,https://eadn-wc01-10410440.nxedge.io/cdn/media/catalog/product/cache/1/image/650x/040ec09b1e35df139433887a97daa66f/s/a/sa200_7_.jpg
26-9,3250070,BULL BAR-TJ WRANGLER W/SRS-BLACK 26/9,https://www.quadratec.com/sites/default/files/styles/product_zoomed/public/product_images/70909-add1_0.jpg
26-90,N35,NITRO CHEROKEE XJ-F-FIRM 26/90,https://m.media-amazon.com/images/I/31zG3mm1DQL._AC_SL1000_.jpg
26-900,SA200HWK,200 HEADLIGHT WASHER KIT,https://i.ibb.co/d4y7dh19/SA200HWK.png
26-902,BP5190007L,C/OVER: 2015 HILUX FR LH,https://alrimaya.com/image/catalog/product/1981/Untitled-6-1981-thumb.jpg
26-903,BP5190007R,C/OVER: 2015 HILUX FR RH,https://alrimaya.com/image/catalog/product/2841/BP5190003R-2841-thumb.jpg
26-904,BP5160018L,SHOCK: 2015 HILUX REAR LH,https://alrimaya.com/image/catalog/product/1982/26-909-1982-thumb.jpg
26-905,BP5160018R,SHOCK: 2015 HILUX REAR RH,https://alrimaya.com/image/catalog/product/2842/26-909-2842-thumb.jpg
26-906,VM80010018,BP51 FIT KIT,https://alrimaya.com/image/catalog/product/1983/fitting%20kit-1983-thumb.jpg
26-907,VM80010019,BP51 FIT KIT,https://alrimaya.com/image/catalog/product/2843/fitting%20kit-1973-thumb-2843-thumb.jpg
26-908,BP5160005,SHOCK: PATROL GU FRONT S/N,https://www.4x4proyect.com/images/ome/BP5160005.jpg
26-909,BP5160006,SHOCK: PATROL GU REAR S/N,https://www.4x4proyect.com/images/ome/BP5160006-1.jpg
26-910,VM80010022,BP51 FIT KIT,https://alrimaya.com/image/catalog/product/1985/fitting%20kit-1985-thumb.jpg
26-911,VM80010023,BP51 FIT KIT,https://alrimaya.com/image/catalog/product/2653/fitting%20kit-1973-thumb-2653-thumb.jpg
26-912,TR68LP,TANK LC200 PET REPL 180L,https://i.ibb.co/7rL5Lgd/180-L-Replacement-4c89b06b172e2.jpg
26-913,814102,ARB ALUM AWNING 2500 X 2500,https://imageapi.partsb2.com.au/api/Image?urlId=MhIPrJ%2FyAjjLx22BKBNw%2B2xdLZqpaEo0ZLu0HfDRTq%2Bwr0wiQSfnuuJ0UFHPr4EV
26-914,10900012,TRANSIT BAG CANVAS 35L ARB,https://m.media-amazon.com/images/I/61ss5zLZcyL._SL1500_.jpg
26-915,10900013,TRANSIT BAG CANVAS 47L ARB,https://m.media-amazon.com/images/I/61ss5zLZcyL._AC_SL1500_.jpg
26-916,10900014,TRANSIT BAG CANVAS 60L ARB,https://cdn11.bigcommerce.com/s-jobx3e0qy/images/stencil/1280x1280/products/57028/13580606/10900014__92387.1669769852.jpg?c=2
26-917,2611,COIL MITS TRITON 06 ON-V6-F,https://cdn11.bigcommerce.com/s-jobx3e0qy/images/stencil/1280x1280/products/245608/13584740/d0e025ac7facbb62cb2cf6ac07e9ed14__74553.1669769962.jpg?c=2
26-918,TAD112,TANK DIESEL HILUX 15ON 140L,https://www.outback-import.fr/37499-thickbox_default/tank-for-arb-toyota-hilux-revo-15-.jpg
26-919,3415010,W/BAR TUNDRA 07 ON,https://cdn11.bigcommerce.com/s-jobx3e0qy/images/stencil/1280x1280/products/57163/13594285/45d6628563700ce0e3d6b69064c4d854__47279.1669770215.jpg?c=2
26-920,10810605,arb elelments fridge 60l        26/920,https://alrimaya.com/image/catalog/product/2379/26-920-min-2379-thumb.jpg
26-921,BP5190008L,C/OVER: PATROL Y62 FRONT LH,https://alrimaya.com/image/catalog/product/1986/Untitled-6-1986-thumb.jpg
26-922,BP5190008R,C/OVER: PATROL Y62 FRONT RH,https://alrimaya.com/image/catalog/product/2819/26-787-2819-thumb.jpg
26-923,VM80010020,KIT: PATROL Y62 FRONT,https://imageapi.partsb2.com.au/api/Image?urlId=Q2tWjuVjAt5KuELHWs4AHkHeN6t8qk%2Btx7ImC8TwX1k3uf0EAN7cGecnwjBaE%2BUR
26-924,VM80010021,KIT: PATROL Y62 REAR,https://imageapi.partsb2.com.au/api/Image?urlId=Q2tWjuVjAt5KuELHWs4AHkHeN6t8qk%2Btx7ImC8TwX1nmphfNPznNtFCWm3KLjMqF
26-925,BP5160019,SHOCK: PATROL Y62 REAR,https://alrimaya.com/image/catalog/product/1988/Untitled-5-1988-thumb.jpg
26-926,3450430,BAR JK TXTD STUBBY EXPORT ONLY,https://alrimaya.com/image/catalog/product/3684/F146332573-3684-thumb.jpg
26-927,5650360,REAR BAR JK,https://imageapi.partsb2.com.au/api/Image?urlId=MhIPrJ%2FyAjjLx22BKBNw%2B%2FR%2BjYWPXYluvtjCDZ5pOcT7gDWXIncV%2F4vdgQMfy1Hr
26-928,5750320,W/T/CARRIER JK,https://cdn11.bigcommerce.com/s-jobx3e0qy/images/stencil/1280x1280/products/57116/13604573/5750320_v1__44224.1669770514.jpg?c=2
26-929,5450110,UVP JK PETROL 12ON,https://rayo4x4.pl/eng_pl_UVP-JK-PETROL-12ON-8985_1.jpg
26-930,750002,DIFF COVER D30      26/930,https://m.media-amazon.com/images/I/718EKdZidwL._AC_SL1000_.jpg
26-931,750003,DIFF COVER D44     26/931,https://m.media-amazon.com/images/I/713i-DgaTQL._AC_SL1484_.jpg
26-932,97495,XRC 9.5 - GEN2 - 9500 LB WINCH,https://alrimaya.com/image/catalog/product/1881/1550%20(1)%20copy-1881-thumb.jpg
26-933,SS1070HF,SNORKEL VSPEC JEEP WRANGLER,https://alrimaya.com/image/catalog/product/4226/ss1066hf_niwerhotybtcdhsm-4223-thumb-800x800-4226-thumb.jpg
26-934,RK12,ARB RECOVERY KIT,https://alrimaya.com/image/catalog/2new_product/26-934-(15).jpg
26-935,ARMP,MOUNT KIT PEDESTAL,https://cdn11.bigcommerce.com/s-gf7vfbmiio/images/stencil/1280x1280/products/82410/336948/ARBARMP-0__79486.1705336975.jpg?c=1
26-936,GLOVEMX,ARB RECOVERY GLOVE,https://alrimaya.com/image/catalog/2new_product/26-936-(2).jpg
26-937,ARM761,MOUNT KIT SUIT DIA 76.1MM,https://www.johncraddockltd.co.uk/_images/_images/xl/39466-arm761-mount-kit-suit-dia-76-1mm-arb.jpg
26-938,AR40C,40LED LIGHT BAR COMBINATION,https://alrimaya.com/image/catalog/product/4240/AR40CV2-Lightbar-1-4240-thumb.jpg
26-939,AR21S,ARB INTENSITY 21 LED SPOT,https://jeepey.com/media/workspace/products/8872-AR21S_1.jpg
26-94,N73,OME SHOCK LC 80 & 100 SER-F,https://alrimaya.com/image/catalog/product/1949/Shock%20Absorbers-900x600-1949-thumb.jpg
26-941,BP5160028,SHOCK: LC76/78/79 REAR,https://alrimaya.com/image/catalog/product/1989/Untitled-5-1989-thumb.jpg
26-942,RD220,AIRLOCKER 32 SPL RR,https://imageapi.partsb2.com.au/api/Image?urlId=MhIPrJ%2FyAjjLx22BKBNw%2B9ntNk%2FvwL6Mojxn29RKj%2Foch0IjpB7ElxT5gXbttAvJ
26-943,2112030,RECOVERY POINT LC70,https://www.trailnomad.be/wp-content/uploads/2021/02/2812010_ARB-LHSRHS-recovery-point-for-Toyota-LC70_01.jpeg
26-945,10500060,ARB ADVENTURE LIGHT 600,https://alrimaya.com/image/catalog/product/2027/51wiKclZ3qL._SL1500_-min-2027-thumb.jpg
26-947,813108,ARB DLX AWN ROOM W/FLOOR 2.50*2.50M,https://imageapi.partsb2.com.au/api/Image?urlId=MhIPrJ%2FyAjjLx22BKBNw%2B3WgkRucUpND5GZw8kSoAG2YLsPfMoeBUFDJgUIU9P6KhBqXZrpJJ8qj0GK5kR%2F3AA%3D%3D
26-948,3500820,LOOM EXTENSION,https://cdn11.bigcommerce.com/s-wg9nennc1z/images/stencil/2000x2000/products/11980/13136662/arb-wiring-loom-extension-3500820__35339.1749193381.jpg?c=1
26-949,2620,COIL JEEP JK-REAR,https://alrimaya.com/image/catalog/product/2868/26-442-2868-thumb.jpg
26-95,N74E,OME SHOCK LC 80 & 100 SER-R,https://alrimaya.com/image/catalog/product/1950/Shock%20Absorbers-900x600-1950-thumb.jpg
26-950,2853,COIL LC 70SER FRONT(L),https://alrimaya.com/image/catalog/product/2821/26-442-2821-thumb.jpg
26-951,2815020,RECOVERY POINT 8T ARB RATED,https://cdn11.bigcommerce.com/s-fkyl20gecc/images/stencil/600x600/products/18127/82005/dd0cd5fbc8f70c1aa2977c207869fd65__61063.1650598311.JPG?c=2
26-952,3915210,SAHARA BUMPER 200SER VX/SAHARA,https://alrimaya.com/image/catalog/product/3687/F146252594-3687-thumb.jpg
26-953,3917140,SAHARA BUMPER GU COIL,https://alrimaya.com/image/catalog/product/3688/F146334640-3688-thumb.jpg
26-954,3927020,SAHARA BUMPER PATROL Y62,https://alrimaya.com/image/catalog/product/3689/F146334648-3689-thumb.jpg
26-955,3527040,Y62 PARKING SENSOR SPACER  26/955,https://imageapi.partsb2.com.au/api/Image?urlId=MhIPrJ%2FyAjjLx22BKBNw%2B4QpfTH4vA1vEOYM3QfauOwfkHkY9iNu1Xkn3K6nJb8R&quot;
26-957,ARB605A,ARB ANALOGUE TYRE INFLATOR,https://alrimaya.com/image/catalog/product/2030/35-ARB605A_g-2030-thumb.jpg
26-958,5100230,BUFFER KIT 2PCE REAR,https://imageapi.partsb2.com.au/api/Image?urlId=MhIPrJ%2FyAjjLx22BKBNw%2BzPqBOLVnbXNwYQwsLLPYqXQmXBbTqRTaiOcOgbpkmWB&quot;
26-959,3800010M,ROOFRACK 2200X1250 W/MESH,https://www.trailnomad.be/wp-content/uploads/2021/02/3800010M_ARB-roofrack-with-mesh-floor-2200x1250mm_01.jpg
26-96,N45F,NITROCHARGER L/ROVER-FRO 26/96,https://cdn.lrparts.net/media/catalog/product/cache/dfedee59530933ede3394071ce45f5ee/image/3753718355/n45f-old-man-emu-front-shock-absorber-ome-branded-item.png
26-960,60007,SPORT SHOCK HILUX 05 ON -R-,https://imageapi.partsb2.com.au/api/Image?urlId=Q2tWjuVjAt5KuELHWs4AHo%2BgsDgl9cGhkAElWL8RQbZjdckakuI4q2n8X%2FJBlRLFrJiLdSLF3qIBpRhxAfni8A%3D%3D
26-961,10500095,ARB PORTABLE JUMP/POWER PACK,https://alrimaya.com/image/catalog/product/1852/ARB-Jump-Starter-1852-thumb.jpg
26-962,3500810,WIRING LOOM,https://alrimaya.com/image/catalog/product/4168/13e920eb91915__11386-4168-thumb.jpg
26-963,SDS100,SWAG SKYDOME SINGLE2150 X 900,https://alrimaya.com/image/catalog/product/2029/SDS100-2029-thumb.jpg
26-964,SDS102,ARB SWAG SKYDOME SDS2 SINGLE,https://alrimaya.com/image/catalog/product/1892/RVD021-NEWS-Accessories-1-990x584-1892-thumb.jpg
26-965,RD100,AIRLOCKER DANA30 27SPL 3.73&UP,https://alrimaya.com/image/catalog/product/4406/RD245_v1__03806-4406-thumb.jpg
26-966,LX100,LINX VEHICLE ACC INTERFACE,https://alrimaya.com/image/catalog/product/3975/26-966-3975-thumb.jpg
26-967,60086,SPORT SHOCK PRADO 150-R-,https://alrimaya.com/image/catalog/product/2723/Shock%20Absorbers-2723-thumb.jpg
26-968,7450107,LINX PRESSURE CONTROL KIT HF,https://imageapi.partsb2.com.au/api/Image?urlId=MhIPrJ%2FyAjjLx22BKBNw%2B2Vf3LLR1skdNRsuAUN%2FLsDAavxXS19wrZxKYoP%2FrXfm
26-969,740108,COMPRESSOR BLOW GUN US STD 1PK,https://alrimaya.com/image/catalog/product/4027/26-969-4027-thumb.jpg
26-970,BP5160031,SHOCK: WRANGLER JK FRONT (2IN),https://alrimaya.com/image/catalog/product/1990/Untitled-5-1990-thumb.jpg
26-971,BP5160032,SHOCK: WRANGLER JK REAR (2IN),https://alrimaya.com/image/catalog/product/2878/Untitled-5-1989-thumb-2878-thumb.jpg
26-972,VM80010032,F/KIT PATROL Y61 UAE FRONT,https://alrimaya.com/image/catalog/product/1991/fitting%20kit-1991-thumb.jpg
26-973,VM80010024,BP51 FIT KIT,https://alrimaya.com/image/catalog/product/2879/fitting%20kit-1973-thumb-2879-thumb.jpg
26-974,3800100M,ROOFRACK 2200X1350 W/MESH,https://cdn.lrparts.net/media/catalog/product/cache/ec0c9793d33691ca631c2ded04755e91/image/376005345f/3800100m-roof-rack-cage-2200x1350-with-mesh-floor-manufacture-by-arb.jpg
26-975,3800040M,ROOFRACK 2200X1120 W/MESH,https://www.trailnomad.be/wp-content/uploads/2021/02/3800040M_ARB-roofrack-with-mesh-floor-2200x1120mm_01.jpg
26-976,OMESB86,BUSH KIT,https://www.desertrat.com/images/F154311963.jpeg
26-977,SS123HP,SNORKEL ARMAX TOY HILUX,https://www.outback-import.fr/37557-thickbox_default/snorkel-armax-toy-hiluxwide-b-28l-d-v6-p-10-15-on.jpg
26-978,5100030,BUFFER KIT NO HOLE,https://imageapi.partsb2.com.au/api/Image?urlId=MhIPrJ%2FyAjjLx22BKBNw%2Bx7bb0LpvZy5K%2FvyN48oONfG8LN0p2pCcPD7m8VjMPRt&quot;
26-979,2899,COIL PRADO 150 R(L),https://alrimaya.com/image/catalog/product/2762/26-442-2762-thumb.jpg
26-98,N101,OME SHOCK LC 100 IFS-R,https://cdn11.bigcommerce.com/s-jobx3e0qy/images/stencil/1280x1280/products/246804/13620101/a7371948281655e3ad472c1c84e98e43__24388.1669771025.jpg?c=2
26-980,ARB2017,ARB SOFT CONNECT SHACKLE 14.5T,https://alrimaya.com/image/catalog/product/2021/71DT10trMrL._SL1500_-min-2021-thumb.jpg
26-981,217087,ARB THERMO FLASK,https://alrimaya.com/image/catalog/product/1896/bottle_1_600x@2x-1896-thumb.jpg
26-982,ARB4304,ARB 4X4 TRACK PACK BAG WHEEL,https://alrimaya.com/image/catalog/product/1851/26-982-1000-min-1851-thumb.jpg
26-983,ORB,OFF ROAD BASE - HI LIFT JACK,https://m.media-amazon.com/images/I/717x29q+jwL._AC_SL1500_.jpg
26-984,90015,SPORT STRUT NISSAN Y62F,https://imageapi.partsb2.com.au/api/Image?urlId=Q2tWjuVjAt5KuELHWs4AHgdQTPrzRKEP4QzsZDDhwD81Rz4lkj%2FMNnNDXMdnP3zT
26-985,10500131,ARB COMPACT DIRECTORS HIGH/B FOLDING CHAIR,https://alrimaya.com/image/catalog/product/1743/26-985-(2)-1743-thumb.jpg
26-987,ARB4296,ARB INFLATION CASE,https://m.media-amazon.com/images/I/41eoeGMOnZL._AC_.jpg
26-988,RD195,AirLocker 34 SPL IRS,https://alrimaya.com/image/catalog/product/4413/RD245_v1__03806-4413-thumb.jpg
26-989,217430,ARB DISCOVERY BACK PACK,https://alrimaya.com/image/catalog/product/2019/36197-217430-arb-back-pack%20(1)-2019-thumb.jpg
26-99,OMESD11,STEERING DAMPER L/ROVER &,https://imageapi.partsb2.com.au/api/Image?urlId=Q2tWjuVjAt5KuELHWs4AHtT%2FK495hFwYJWpRV6Oo%2F877jIwebw0BarYeBaHfpnZN
26-990,3415160,COMM COMBAR 200 SER,https://imageapi.partsb2.com.au/api/Image?urlId=MhIPrJ%2FyAjjLx22BKBNw%2B%2F87Oiy6agAQErW%2FQCwGefW9Zn%2B%2BNMLJNiWRI0xqfCgP
26-991,217431,ARB DRINK BOTTLE,https://alrimaya.com/image/catalog/product/1895/download-1895-thumb.jpg
26-992,60015,SPORT SHOCK PATROL Y60 Y61 -R-,https://alrimaya.com/image/catalog/product/4271/F154310727-4271-thumb.jpeg
26-994,10910019,AC POWER SOCKET,https://i.ibb.co/kQ9k7fK/26-994.jpg
26-996,10910026,CONTROL TOUCHPAD CLASSIC BLUE,https://i.ibb.co/NxKRQB7/26-996.jpg
26-999,ARB2091,ARB SNATCH BLOCK 7000KG,https://alrimaya.com/image/catalog/product/2025/ARB2091-min-2025-thumb.jpg
2-8,6320024-120,GAMO MATCH 4.5 CAL,https://alrimaya.com/image/cache/catalog/2-8/2-8-(5)-800x800.jpg
2-9,31102000000007,MASTER 100 TINS X 250 MATCH CAL 5.5,https://alrimaya.com/image/cache/catalog/2-9/2-9-(6)-800x800.jpg
30-1,10-01612-027,STANLEY VAC BOTTLE 750ML H.GREEN EU -10-01612-027,https://alrimaya.com/image/catalog/product/3750/Untitled-1-min-3750-thumb.jpg
30-10,10-08265-006,STANLEY CLA 1.4L VAC BTL N.FALL BLUE -10-08265-006,https://cdn.shopify.com/s/files/1/0516/4564/5000/products/Stanley-TheLegendaryClassicBottle1.4L_1.5QT-Nightfall-1_1800x1800.jpg?v=1656078199
30-100,10-10292-002,STANLEY GO 295ML/10OZ EVERYDAY TUMB M. BLACK- EU,https://stanley1913.ae/cdn/shop/files/thumbnail6_1800x1800.jpg?v=1691013046
30-101,10-10292-003,STANLEY GO 295ML/10OZ EVERYDAY TUMB MAROON- EU,https://stanley1913.ae/cdn/shop/files/thumbnail11_1800x1800.jpg?v=1691013045
30-102,10-10292-066,STANLEY GO 295ML/10OZ EVERYDAY TUMB SAFRON EU,https://stanley1913.ae/cdn/shop/files/10-10292-066_1_1800x1800.jpg?v=1691013043
30-103,10-10292-064,STANLEY GO 295ML/10OZ EVERYDAY TUMB LAGOON- EU,https://stanley1913.ae/cdn/shop/files/10-10292-064_5_1800x1800.jpg?v=1691013043
30-104,10-10292-065,STANLEY GO 295ML/10OZ EVERYDAY TUMB SHALE EU,https://stanley1913.ae/cdn/shop/files/10-10292-065_4_1800x1800.jpg?v=1691013044
30-105,10-09148-025,STANLEY GO 473ML/16OZ QUICK FLIP BTL CHARCOAL,https://alrimaya.com/image/catalog/product/4600/61yyf8UDqvL._AC_SL1500_ (1)-4600-thumb.jpg
30-106,10-09148-026,STANLEY GO 473ML/16OZ QUICK FLIP BTL LAGOON,https://uk.stanley1913.com/cdn/shop/files/TheQuickFlipGOBottle16ozLagoon_1.png?v=1715669163&width=1515
30-107,10-09366-007,STANLEY CLA 355ML | 12OZ VAC CAMP MUG N.FALL,https://alrimaya.com/image/catalog/product/4602/71jFpgKfcDL.SS700 (1)-4602-thumb.jpg
30-108,10-09382-082,STANLEY CLA 414ML / 14OZ VAC FJ CHARCOAL,https://alrimaya.com/image/catalog/product/4603/61vQrQ4LHLL._AC_SL1500_ (1)-4603-thumb.jpg
30-109,10-09993-312,STANLEY ICE FLOW GO 870ML-FLIP-STRAW-LILAC,https://alrimaya.com/image/catalog/product/4604/51SxIyLWwUL._AC_SL1500_-4604-thumb.jpg
30-11,10-08266-017,STANLEY CLA 1L VAC BTL NIGHTFALL 10-08266-017,https://cdn.shopify.com/s/files/1/0516/4564/5000/products/Stanley-TheLegendaryClassicBottle1.0L_1.1QT-Nightfall-1_1800x1800.jpg?v=1656078166
30-110,10-09993-313,STANLEY ICE FLOW GO 870ML/30OZ FLIP STRAW WTR BTL ,https://eu.stanley1913.com/cdn/shop/files/Web_PNG_Square-TheIceFlowTMFlipStrawTumbler30OZ-Azure-Front.png?v=1721201856&width=1515
30-111,10-09993-314,STANLEY ICE FLOW GO 870ML/30OZ FLIP STRAW WTR BTL ,https://eu.stanley1913.com/cdn/shop/files/Web_PNG_Square-TheIceFlow_FlipStrawTumbler30OZ-TigerlilyPlum-Front.png?v=1721201884&width=1515
30-112,10-09993-407,STANLEY ICE FLOW GO 870ML/30OZ FLIP STRAW WTR BTL,https://eu.stanley1913.com/cdn/shop/files/B2B_Web_PNG-The-IceFlow-Flip-Straw-Tumbler-30OZ-Frost-Front.png?v=1721201831&width=1275
30-113,10-09148-095,STANLEY GO 473ML /16OZ QUICK FLIP BTl AZURE 10-091,https://alrimaya.com/image/catalog/product/4682/10-09148-095Quick-FlipWaterBottle0.47LAzure-4682-thumb.jpg
30-114,10-09366-005,STANLEY CLA 355ML | 12OZ VAC CAMP MUG H.GREEN 10-0,https://alrimaya.com/image/catalog/product/4683/format_webp-4683-thumb.jpg
30-115,10-09993-536,STANLEY ICE FLOW GO 870ML/30OZ FLIP STRAW WTR BTL ,https://alrimaya.com/image/catalog/product/4684/B2B_Web_PNG-TheIceFlowTMFlipStrawTumbler30OZ-Navy-Front-1000x1000-4684-thumb.jpg
30-116,10-09993-538,STANLEY ICE FLOW GO 870ML/30OZ FLIP STRAW WTR BTL ,https://alrimaya.com/image/catalog/product/4685/stanley-iceflow-plum-1500x1500-4685-thumb.jpg
30-117,10-12069-022,STANLEY ALL DAY SLIM BOTTLE 0.6L/20OZ CREAM 10-120,https://alrimaya.com/image/cache/catalog/product/4686/004-4686-thumb-800x800.jpg
30-118,10-12069-024,STANLEY ALL DAY SLIM BOTTLE 0.6L/20OZ BLACK 10-120,https://alrimaya.com/image/cache/catalog/product/4686/001-4686-thumb-800x800.jpg
30-119,10-12515-004,STANLEY AEROLIGHT ICE FLOW WATER BOTTLE FAST FLOW ,https://alrimaya.com/image/catalog/product/4687/616w0H0HvsL._AC_SL1500_-4687-thumb.jpg
30-12,10-08266-032,STANLEY CLA 1L VAC BTL BLAZE ORANGE 10-08266-032,https://stanley1913.ae/cdn/shop/files/Stanley-TheLegendaryClassicBottle1.0L_1.1QT-BlazeOrange-1_d1d173e2-6af4-4bbc-be76-71acb2a6d18e_1800x1800.jpg?v=1691013347
30-120,10-13230-023,STANLEY QUENCHER 2.0 1.18L | 40OZ ROSE QUARTZ,https://stanley1913.ae/cdn/shop/files/B2B_Web_PNG-TheQuencherH2.OFlowStateTumbler40OZ-RoseQuartz2.0-Front_1800x1800.webp?v=1739366140
30-121,10-10824-399,STANLEY QUENCHER 2.0 1.18L | 40OZ BLACK TONAL,https://stanley1913.ae/cdn/shop/files/DAT-Stanley_TheQuencherH2.OFlowState_Tumbler1.18L_BlackTonal_Infographic_1_1800x1800.webp?v=1739366140
30-122,10-10824-453,STANLEY QUENCHER 2.0 1.18L | 40OZ CREAM TONAL,https://stanley1913.ae/cdn/shop/files/DAT-Stanley_TheQuencherH2.OFlowState_Tumbler1.18L_CreamTonal_Infographic_1_1800x1800.webp?v=1739366140
30-123,10-10824-802,STANLEY QUENCHER 2.0 1.18L | 40OZ IRIS,https://stanley1913.ae/cdn/shop/files/B2B_Web_PNG-The-Quencher-H2-O-FlowState-Tumbler-40OZ-Iris-Front_1800x1800.webp?v=1752652762
30-124,10-01883-034,STANLEY ADV NEST SHOT GLASS & FLASK SET H.GREEN,https://uk.stanley1913.com/cdn/shop/files/Adventure_Pre-Party_Shotglass_Flask_Set_Hammertone_Green-1_1.png?v=1715691052&width=1515
30-125,10-01883-035,STANLEY ADV NEST SHOT GLASS & FLASK SET MATT BLACK,https://stanley1913.ae/cdn/shop/files/Stanley-ThePre-PartyShotGlass_FlaskSet-MatteBlack-1_fa7edf39-ffd8-42e1-91db-32ed08226add_1800x1800.jpg?v=1691012274
30-126,10-09148-024,STANLEY GO 473ML FLIP BTL-POLAR,https://stanley1913.ae/cdn/shop/files/Stanley-TheGOQuick-FlipWaterBottle0.47L-16OZ-Polar-1_1800x1800.jpg?v=1715003608
30-127,10-09148-027,STANLEY GO 473ML/16OZ QUICK FLIP BTL SAFRON,https://eu.stanley1913.com/cdn/shop/files/TheQuickFlipGOBottle16OZ-.47LSaffron-1.png?v=1718799617&width=1515
30-128,10-09148-071,STANLEY GO 473ML/16OZ QUICK FLIP BTL CITRON EU,https://uk.stanley1913.com/cdn/shop/files/TheQuickFlipGOBottle16ozCitron-1_1.png?v=1715668969&width=1515
30-129,10-09149-142,STANLEY GO 709ML/24OZ QUICK FLIP BTL TIGERLILY,https://stanley1913.ae/cdn/shop/files/10-09149-142_2_1800x1800.webp?v=1715003161
30-13,10-08266-054,STANLEY CLA1L VAC BTL PERCH TAN EU 10-08266-054,https://cdn.shopify.com/s/files/1/0516/4564/5000/products/webimage-3BAE7359-9852-4111-97157A71675B1FC0_720x.jpg?v=1668520310
30-130,10-09150-062,STANLEY GO 1064ML/36OZ QUICK FLIP BTL POLAR,https://uk.stanley1913.com/cdn/shop/files/TheQuickFlipGOBottle36ozPolar_1.png?v=1715670078&width=1515
30-131,10-09150-063,STANLEY GO 1064ML/36OZ QUICK FLIP BTL CHARCOAL,https://stanley1913.ae/cdn/shop/files/webimage-006A58FD-4B5A-40B7-BBF43D8CFBE51A7D_1800x1800.jpg?v=1715002755
30-132,10-09150-064,STANLEY GO 1064ML/36OZ QUICK FLIP BTL SAFFRON,https://stanley1913.ae/cdn/shop/files/webimage-1E28EAD6-556B-40B9-861FA3DBEB299E61_1800x1800.jpg?v=1715002755
30-133,10-09150-066,STANLEY GO 1064ML/36OZ QUICK FLIP BTL CITRON,https://uk.stanley1913.com/cdn/shop/files/TheQuickFlipGOBottle36ozCitron_1.png?v=1715670141&width=1515
30-134,10-09150-067,STANLEY GO 1064ML/36OZ QUICK FLIP BTL SHALE,https://eu.stanley1913.com/cdn/shop/files/TheQuickFlipGOBottle36ozShale-1.png?v=1715347205&width=1515
30-135,10-09150-086,STANLEY GO 1064ML/36OZ QUICK FLIP BTL TIGERLILY,https://eu.stanley1913.com/cdn/shop/files/TheQuickFlipGOBottle36ozTigerlilyPlum-2.png?v=1715346525&width=1515
30-136,10-09366-271,STANLEY CLA 355ML | 12OZ VAC CAMP MUG ROSE QUARTZ,https://eu.stanley1913.com/cdn/shop/files/Web_PNG_Square-The_Stay-Hot_Camp_Mug_12OZ_-_Rose_Quartz_-_Front_173d06c1-fa68-47b9-aea7-1647cf8031aa.png?v=1741103843&width=1212
30-137,10-09366-289,STANLEY CLA 355ML | 12OZ VAC CAMP MUG PLUM,https://stanley1913.ae/cdn/shop/files/Web_PNG_Square-TheStay-HotCampMug12ozPlum_2_1800x1800.webp?v=1732659931
30-138,10-10818-008,STANLEY ADV FLASK 750ML/25OZ TO-GO BOTTLE POLAR,https://uk.stanley1913.com/cdn/shop/files/TheAdventureTo-GoBottle0.75L-25oz-Polar-FrontView.jpg?v=1692284901&width=2560
30-139,10-10824-803,STANLEY QUENCHER 2.0 1.18L | 40OZ FROST,https://stanley1913.ae/cdn/shop/files/Web_PNG_Square-TheQuencherH2.OFlowState_Tumbler40OZ-Frost-Front_1800x1800.webp?v=1748844696
30-14,10-09149-029,STANLEY GO 709ML FLIP BOTTLE POLAR - 10-09149-029,https://cdn.shopify.com/s/files/1/0516/4564/5000/products/Stanley-TheGOQuick-FlipWaterBottle0.7L-24OZ-Polar-1_720x.jpg?v=1656078655
30-140,,STANLEY ADV 18OZ ALL-IN-ONE VAC FJ SS | GREY EU - ,https://eu.stanley1913.com/cdn/shop/files/AdventureStainlessSteelAll-in-OneFoodJar18ozStainlessSteel.png?v=1715592589&width=1515
30-141,,STANLEY CLA VAC BOTTLE 750ML | 25OZ PLUM - 10-0161,https://stanley1913.ae/cdn/shop/files/Web_PNG_Square-Stanley-CountrySpecificUSPs-TheLegendaryVacuumBottle0.75L-25OZ-Plum-1_1800x1800.png?v=1752695634
30-142,,STANLEY CLA VAC BOTTLE 750ML | 25OZ HOT CORAL - 10,https://stanley1913.ae/cdn/shop/files/10-01612-066_1_1800x1800.webp?v=1752695634
30-143,,STANLEY CLA  1.89L  |  64OZ VAC GROWLER H.GREEN-EU,https://eu.stanley1913.com/cdn/shop/files/ClassicEasy-PourGrowler64ozHammertoneGreen-2.png?v=1715596938&width=1515
30-144,,STANLEY ADV 473ML | 16OZ VAC PINT HOT CORAL - 10-0,https://stanley1913.ae/cdn/shop/files/10-02282-562_1_1800x1800.jpg?v=1752656757
30-145,,STANLEY ADV 32OZ FRY PAN CMP CK SET SS EU - 10-026,https://stanley1913.ae/cdn/shop/files/Stanley-TheAll-In-OneFryPanSet0.94L_32OZ-StainlessSteel-4_1800x1800.jpg?v=1691012448
30-146,,STANLEY CLA 1.4L  |  48OZ VAC FRENCH PRESS CREAM G,https://uk.stanley1913.com/cdn/shop/files/B2B_Web_PNG-The-Stay-Hot-French-Press-48OZ-Cream-Gloss-Front_d63d540b-76db-4814-8666-ed10354e8ea3.png?v=1747646579&width=1515
30-147,,STANLEY GO 473ML | 16OZ QUICK FLIP BTL TIGERLILY -,https://m.media-amazon.com/images/I/61fLfV+2tXL._AC_SL1500_.jpg
30-148,,STANLEY GO 709ML | 24OZ QUICK FLIP BTL SAFFRON - 1,https://stanley1913.ae/cdn/shop/files/Stanley-TheGOQuick-FlipWaterBottle0.7L-24OZ-Saffron-1_1800x1800.jpg?v=1715003161
30-149,,STANLEY CLA 355ML  |  12OZ VAC CAMP MUG CREAM GLOS,https://stanley1913.ae/cdn/shop/files/10-09366-313_1_1800x1800.jpg?v=1752668921
30-15,10-09149-030,STANLEY GO 709ML FLIP BTL CHARCOAL 10-09149-030,https://cdn.shopify.com/s/files/1/0516/4564/5000/products/Stanley-TheGOQuick-FlipWaterBottle0.7L-24OZ-Charcoal-1_720x.jpg?v=1662646059
30-150,,STANLEY CLA 355ML  |  12OZ VAC CAMP MUG HYDRANGEA ,https://stanley1913.ae/cdn/shop/files/1210001906457_1_1800x1800.jpg?v=1751447948
30-151,,STANLEY CLA 414ML  |  14OZ VAC FOOD JAR + SPORK PL,https://stanley1913.ae/cdn/shop/files/Web_PNG_Square-TheLegendaryFoodJar_Spork-14OZ-Plum-Front_1800x1800.webp?v=1752670149
30-152,,STANLEY CLA 414ML  |  14OZ VAC FOOD JAR + SPORK HO,https://uk.stanley1913.com/cdn/shop/files/Web_PNG_Square-TheLegendaryFoodJar_Spork14OZ-HotCoral-Front.png?v=1755588439&width=1515
30-153,,STANLEY 1L | 1.1QT KIT COOK SET FOR TWO - 10-09997,https://m.media-amazon.com/images/I/717UCidScFL._AC_SL1500_.jpg
30-154,,STANLEY TRS MUG 470ML BLACK,https://stanley1913.ae/cdn/shop/files/Web_PNG_Square-The_AeroLight_Transit_Bottle_16OZ_-_Black_2.0_-_Front_1800x1800.jpg?v=1752695131
30-155,,STANLEY TRS MUG 470ML | 16OZ AEROLIGHT CREAM GLOSS,https://stanley1913.ae/cdn/shop/files/Web_PNG_Square-The_AeroLight_Transit_Bottle_16OZ_-_Cream_2.0_-_Front_1800x1800.jpg?v=1752695131
30-156,,STANLEY TRS MUG 470ML | 16OZ AEROLIGHT ROSE QUARTZ,https://stanley1913.ae/cdn/shop/files/Web_PNG_Square-The_AeroLight_Transit_Bottle_16OZ_-_Rose_Quartz_2.0_-_Front_1800x1800.jpg?v=1752695131
30-157,,STANLEY TRS MUG 470ML | 16OZ AEROLIGHT CHERRY BLOS,https://eu.stanley1913.com/cdn/shop/files/Web_PNG_Square-The_AeroLight_Transit_Mug_16OZ_-_Cherry_Blossom_-_Front.png?v=1755588005&width=1515
30-158,,STANLEY TRS MUG 470ML | 16OZ AEROLIGHT HOT CORAL -,https://stanley1913.ae/cdn/shop/files/10-10787-222_1_1800x1800.png?v=1752695131
30-159,,STANLEY TRS MUG 350ML | 12OZ AEROLIGHT BLACK 2.0 -,https://stanley1913.ae/cdn/shop/files/10-10788-103_12oz_AeroLight_Black_2_1_1800x1800.jpg?v=1751446169
30-16,10-09149-092,STANLEY GO 709ML/24OZ FLIP BTL CITRON 10-09149-092,https://cdn.shopify.com/s/files/1/0516/4564/5000/products/webimage-ACB10C2E-9660-46C9-8846BB3FA69829BD_720x.jpg?v=1662646059
30-160,,STANLEY TRS MUG 350ML | 12OZ AEROLIGHT CREAM GLOSS,https://stanley1913.ae/cdn/shop/files/10-10788-105_12oz_AeroLight_Cream_Gloss_1_1800x1800.jpg?v=1751446169
30-161,,STANLEY TRS MUG 350ML | 12OZ AEROLIGHT ROSE QUARTZ,https://stanley1913.ae/cdn/shop/files/10-10788-106_12oz_AeroLight_Rose_Quartz_1_1800x1800.jpg?v=1751446169
30-162,,STANLEY TRS MUG 350ML | 12OZ AEROLIGHT CHERRY BLOS,https://stanley1913.ae/cdn/shop/files/10-10788-109_12oz_AeroLight_Cherry_Blossom_1_1800x1800.jpg?v=1751446169
30-163,,STANLEY TRS MUG 350ML | 12OZ AEROLIGHT HOT CORAL -,https://stanley1913.ae/cdn/shop/files/10-10788-110_1800x1800.jpg?v=1752694556
30-164,,Stanley ADV Flask 1L/1.1Qt To-Go Bottle PolarSTANL,https://s3-pwa-prod.mumzworld.com/media/cGF0aD0lMkZtZWRpYSUyRmNhdGFsb2clMkZwcm9kdWN0JTJGMTIxMDAwMTkwNDEwMS0xLmpwZyZmaXQ9Y292ZXImd2lkdGg9MTI4MA/Stanley%20-%20Adventure%20To-Go%20Stainless%20Steel%20Bottle%20-%20Polar%20-%201%20L.webp
30-165,,STANLEY ADV FJ 530ML | 18OZ TO-GO POLAR - 10-10836,https://s3-pwa-prod.mumzworld.com/media/cGF0aD0lMkZtZWRpYSUyRmNhdGFsb2clMkZwcm9kdWN0JTJGMTIxMDAwMTkwNDEzMi0xLmpwZyZmaXQ9Y292ZXImd2lkdGg9MTI4MA/Stanley%20-%20Adventure%20To-Go%20Food%20Jar%20-%20Polar%20-%20530%20ml.webp
30-166,,STANLEY ADV FJ 530ML | 18OZ TO-GO ABYSS - 10-10836,https://eu.stanley1913.com/cdn/shop/files/TheAdventureTo-GoFoodJar18ozAbyss.png?v=1715613276&width=1515
30-167,,STANLEY ADV FJ 530ML | 18OZ TO-GO BLACK - 10-10836,https://uk.stanley1913.com/cdn/shop/files/The_Adventure_To-Go_Food_Jar_18oz_Black-1_89924113-7622-4282-992f-d0cc286b27cf.png?v=1715697958&width=1515
30-168,,STANLEY ADV FJ 350ML | 12OZ TO-GO ABYSS - 10-10837,https://s3-pwa-prod.mumzworld.com/media/cGF0aD0lMkZtZWRpYSUyRmNhdGFsb2clMkZwcm9kdWN0JTJGMTIxMDAwMTkwNDE3MC0xLmpwZyZmaXQ9Y292ZXImd2lkdGg9MTI4MA/Stanley%20-%20Adventure%20To-Go%20Food%20Jar%20-%20Abyss%20-%20350%20ml.webp
30-169,,STANLEY ADV FJ 350ML | 12OZ TO-GO BLACK - 10-10837,https://s3-pwa-prod.mumzworld.com/media/cGF0aD0lMkZtZWRpYSUyRmNhdGFsb2clMkZwcm9kdWN0JTJGMTIxMDAwMTkwNDE4Ny0xLmpwZyZmaXQ9Y292ZXImd2lkdGg9MTI4MA/Stanley%20-%20Adventure%20To-Go%20Food%20Jar%20-%20Black%20-%20350%20ml.webp
30-17,10-09149-093,STANLEY GO 709ML/24OZ FLIP BTL SHALE 10-09149-093,https://cdn.shopify.com/s/files/1/0516/4564/5000/products/webimage-5C7EC131-F6CC-41D6-900A460341515FCA_720x.jpg?v=1656078655
30-170,,STANLEY ICEFLOW BOTTLE FLIP STRAW 2.0 700ML | 24OZ,https://www.stanley1913.com/cdn/shop/files/Web_PNG_Square-TheIceFlowAerolightBottleFlipStraw2.024OZ-Black-Front_0da20fa3-982a-44fc-991a-19dc0cde1b73.png?v=1738195433&width=1515
30-171,,STANLEY ICEFLOW BOTTLE FLIP STRAW 2.0 700ML | 24OZ,https://stanley1913.ae/cdn/shop/files/10-11283-144_1_fd19925d-e599-431c-959c-3be11768be6b_1800x1800.jpg?v=1751484967
30-172,,STANLEY TRS MUG 470ML PINK,https://www.stanley1913.com/cdn/shop/files/Web_PNG_Square-TheIceFlow_Aerolight_BottleFlipStraw2.024OZ-RoseQuartz-Front.png?v=1744231602&width=1515
30-173,,STANLEY ICEFLOW BOTTLE FLIP STRAW 2.0 700ML | 24OZ,https://www.stanley1913.com/cdn/shop/files/Web_PNG_Square-TheIceFlow_Aerolight_BottleFlipStraw2.024OZ-Hydrangea-Front.png?v=1739829271&width=1515
30-174,,STANLEY TRS MUG 470ML BLUE,https://www.stanley1913.com/cdn/shop/files/Web_PNG_Square-TheIceFlowAerolightBottleFlipStraw2.024OZ-Azure-Front.png?v=1738195433&width=1515
30-175,,STANLEY LGC FJ 500ML | 17OZ ARTISAN THERMAL H.GREE,https://eu.stanley1913.com/cdn/shop/files/TheLegacyFoodJar17ozHammertoneGreen-1.png?v=1715693972&width=1515
30-176,,STANLEY LGC FJ 500ML | 17OZ ARTISAN THERMAL BLACK ,https://s3-pwa-prod.mumzworld.com/media/cGF0aD0lMkZtZWRpYSUyRmNhdGFsb2clMkZwcm9kdWN0JTJGMTIxMDAwMTk0NDA3Ny0xLmpwZyZmaXQ9Y292ZXImd2lkdGg9MTI4MA/Stanley%20-%20The%20Artisan%20Thermal%20Bottle%20-%20Black%20Moon%20-%20500%20ml.webp
30-177,,STANLEY CLA STAY-HOT CAMP MUG .23L  |  8OZ SHALE -,https://stanley1913.ae/cdn/shop/files/Web_PNG_Square-Stanley_-_The_Stay-Hot_Camp_Mug_0.23_L_-_8_OZ_-_Shale_-_1_1800x1800.png?v=1752697553
30-178,,STANLEY CLA STAY-HOT CAMP MUG .23L  |  8OZ LILAC G,https://stanley1913.ae/cdn/shop/files/Web_PNG_Square-Stanley_-_The_Stay-Hot_Camp_Mug_0.23_L_-_8_OZ_-_Lilac_Gloss_-_1_1800x1800.png?v=1752697553
30-179,,STANLEY CLA STAY-HOT CAMP MUG .23L  |  8OZ BLACK 2,https://stanley1913.ae/cdn/shop/files/Web_PNG_Square-Stanley_-_The_Stay-Hot_Camp_Mug_0.23_L_-_8_OZ_-_Lilac_Gloss_-_1-Photoroom_1800x1800.jpg?v=1751454772
30-18,10-09149-094,STANLEY GO 709ML/24OZ FLIP BTL ABYSS -10-09149-094,https://cdn.shopify.com/s/files/1/0516/4564/5000/products/webimage-65357FFC-9E28-495B-8D3F0A54FC4AE9E8_720x.jpg?v=1656078655
30-180,,STANLEY CLA STAY-HOT CAMP MUG .23L  |  8OZ HYDRANG,https://stanley1913.ae/cdn/shop/files/Web_PNG_Square-Stanley_-_The_Stay-Hot_Camp_Mug_0.23_L_-_8_OZ_-_Lilac_Gloss_-_1-Photoroom_2_1800x1800.jpg?v=1751454772
30-181,,Stanley CLA Stay-Hot Camp Mug .23L / 8oz Hot Coral,https://stanley1913.ae/cdn/shop/files/10-11444-066_1_1800x1800.jpg?v=1752697553
30-182,,STANLEY ICE FLOW GO 890ML | 30OZ FLIP STRAW WTR BT,https://stanley1913.ae/cdn/shop/files/10-12043-073_1_1800x1800.jpg?v=1752670557
30-183,,STANLEY ICE FLOW GO 890ML | 30OZ FLIP STRAW WTR BT,https://stanley1913.ae/cdn/shop/files/Web_PNG_Square-TheIceFlow_FlipStraw2.0Tumbler30OZ-HotCoral-Front_1800x1800.webp?v=1752670557
30-184,,STANLEY ICE FLOW GO 890ML | 30OZ FLIP STRAW WTR BT,https://stanley1913.ae/cdn/shop/files/Web_PNG_Square-TheIceFlow_FlipStraw2.0Tumbler30OZ-CherryBlossom-Front_1800x1800.webp?v=1748353208
30-185,,STANLEY ICE FLOW GO 600ML | 20OZ FLIP STRAW WTR BT,https://cdn.salla.sa/VYadZ/4a5e3e5a-ed0b-4d08-ad59-d0166fa646a6-1000x1000-h3lLcoFPKdAtQgzyFpOtbNi10TGsFxuFLMPXA9jp.png
30-186,,STANLEY ICE FLOW GO 600ML | 20OZ FLIP STRAW WTR BT,https://cdn.salla.sa/VYadZ/e63f0fa6-afdd-414a-bcb1-9cc906c5398d-1000x1000-mI8qYCOY6upwAe8bgOknZjmNSKA3SMM4FL1MvzKK.png
30-187,,STANLEY ALL DAY SLIM BOTTLE 0.6L | 20OZ HOT CORAL ,https://stanley1913.ae/cdn/shop/files/10-12069-120_1800x1800.jpg?v=1752667071
30-188,,STANLEY ICEFLOW BOTTLE FLIP STRAW 2.0 1.06L  |  36,https://eu.stanley1913.com/cdn/shop/files/Web_PNG_Square-TheIceFlow_Aerolight_BottleFlipStraw2.036OZ-Black-Front.png?v=1746086307&width=1515
30-189,,STANLEY ICEFLOW BOTTLE FLIP STRAW 2.0 1.06L  |  36,https://eu.stanley1913.com/cdn/shop/files/Web_PNG_Square-TheIceFlow_Aerolight_WaterBottleFlipstraw2.036OZ-Frost-Front.png?v=1747661478&width=1515
30-19,10-09697-007,STANLEY GO 650ML FLIP STRAW BTL POLAR 10-09697-007,https://alrimaya.com/image/catalog/product/3755/Untitled-4-min-3755-thumb.jpg
30-190,,STANLEY ICEFLOW BOTTLE FLIP STRAW 2.0 1.06L  |  36,https://eu.stanley1913.com/cdn/shop/files/Web_PNG_Square-TheIceFlow_Aerolight_BottleFlipStraw2.036OZ-RoseQuartz-Front.png?v=1746086307&width=1515
30-191,,STANLEY ICEFLOW BOTTLE FLIP STRAW 2.0 1.06L  |  36,https://eu.stanley1913.com/cdn/shop/files/Web_PNG_Square-TheIceFlowAerolightBottleFlipStraw2.036OZ-Twilight-Front.png?v=1747661478&width=1515
30-192,,STANLEY ICEFLOW BOTTLE FLIP STRAW 2.0 1.06L  |  36,https://eu.stanley1913.com/cdn/shop/files/Web_PNG_Square-TheIceFlow_Aerolight_BottleFlipStraw2.036OZ-Azure-Front.png?v=1747661478&width=1515
30-193,,STANLEY ICEFLOW BOTTLE FLIP STRAW 2.0 1.06L  |  36,https://eu.stanley1913.com/cdn/shop/files/Web_PNG_Square-TheIceFlow_Aerolight_BottleFlipStraw2.036OZ-HotCoral-Front.png?v=1747661478&width=1515
30-194,,STANLEY QUENCHER 2.0 1.18L | 40OZ HYDRANGEA - 10-1,https://stanley1913.ae/cdn/shop/files/Web_PNG_Square-TheQuencherH2.OFlowState_Tumbler40OZ-Hydrangea-Front-Photoroom_1800x1800.jpg?v=1752652762
30-195,,STANLEY QUENCHER 2.0 1.18L | 40OZ HOT CORAL - 10-1,https://stanley1913.ae/cdn/shop/files/Web_PNG_Square-TheQuencherH2.OFlowState_Tumbler40OZ-HotCoral-Front_1800x1800.webp?v=1752652762
30-196,,STANLEY QUENCHER 2.0 0.89L | 30OZ HOT CORAL - 10-1,https://cdn.salla.sa/VYadZ/12d15d18-85d1-44dc-b96e-5e763c9e29ad-1000x1000-ubjfUrujvHffJoeY0UAnqDGhbxIN12TLsakSlMVM.jpg
30-197,,STANLEY QUENCHER 2.0 1.18L | 40OZ TWILIGHT - 10-11,https://stanley1913.ae/cdn/shop/files/10-11673-159_3_1800x1800.jpg?v=1752652762
30-198,,STANLEY QUENCHER 2.0 1.18L | 40OZ POMELO - 10-1167,https://stanley1913.ae/cdn/shop/files/Web_PNG_Square-TheQuencherH2.OFlowState_Tumbler40OZ-Pomelo-Front-Photoroom_1800x1800.jpg?v=1752652762
30-199,,STANLEY QUENCHER 2.0 1.18L | 40OZ AZURE - 10-11824,https://stanley1913.ae/cdn/shop/files/Web_PNG_Square-The_Quencher_H2.O_FlowState_Tumbler_40OZ_-_Azure_-_Front_1800x1800.webp?v=1752652762
30-2,10-01612-028,STANLEY VAC BOTTLE 750ML M.BLACK EU -10-01612-028,https://cdn.shopify.com/s/files/1/0516/4564/5000/products/Stanley-TheLegendaryClassicBottle0.75L_25OZ-MatteBlack-1_1800x1800.jpg?v=1662645751
30-20,10-09697-008,STANLEY GO 650ML FLIP STRAW CHARCOAL-10-09697-008,https://cdn.shopify.com/s/files/1/0516/4564/5000/products/Stanley-TheGOIceFlowFlipStrawWaterBottle0.65L-22OZ-Charcoal-1_1800x1800.jpg?v=1662645957
30-200,,STANLEY QUENCHER 2.0 0.89L | 30OZ AZURE,https://cdn.salla.sa/VYadZ/c43037a6-9844-4061-b084-475a3b02504d-1000x1000-SQ3DhSOxIWnRDeRAnlmAhmvqkJLlLKkOfwYdnIzb.jpg
30-201,,STANLEY COOLER 6.6L | 7QT POLAR WHITE - 10-01622-0,https://stanley1913.ae/cdn/shop/files/Stanley-TheEasy-CarryOutdoorCooler6.6L_7QT-Polar-1_1800x1800.jpg?v=1691011583
30-202,,STANLEY COOLER 6.6L | 7QT STANLEY GREEN - 10-01622,https://m.media-amazon.com/images/I/61PdVVkJKnL._AC_SL1500_.jpg
30-203,,STANLEY COOLER 15L | 16QT POLAR WHITE - 10-01623-1,https://cdn.salla.sa/VYadZ/27f98baa-fa9c-4fb6-937f-141f1bb304dd-834x1000-uu0vENuoQumtOY8v6Yq1U8HxRXMDvPVibqkB7K1I.png
30-204,,STANLEY COOLER 15L | 16QT STANLEY GREEN - 10-01623,https://cdn.salla.sa/VYadZ/f4b38721-d887-4974-af33-e3a44ab5b2f3-800x1000-1064ekIoe26bzLqxDthtZ3MQwxVXN0fqKZuT5iKc.jpg
30-21,10-09697-009,STANLEY GO650ML FLIP STRAW BTL LAGOON 10-09697-009,https://cdn.shopify.com/s/files/1/0516/4564/5000/products/Stanley-TheGOIceFlowFlipStrawWaterBottle0.65L-22OZ-Lagoon-1_1800x1800.jpg?v=1662645955
30-22,10-09697-010,STANLEY GO650ML FLIP STRAW BTL SAFFRON10-09697-010,https://cdn.shopify.com/s/files/1/0516/4564/5000/products/Stanley-TheGOIceFlowFlipStrawWaterBottle0.65L-22OZ-Saffron-1_1800x1800.jpg?v=1662645957
30-23,10-09848-006,STANLEY 355ML TRGR-ACTN MUG H. GREEN-10-09848-006,https://alrimaya.com/image/catalog/product/3765/Untitled-1-min (5)-3765-thumb.jpg
30-24,10-09848-007,STANLEY 355ML TRGR-ACTN MUG M. BLACK-10-09848-007,https://cdn.shopify.com/s/files/1/0516/4564/5000/products/Stanley-TheTrigger-ActionTravelMug0.35L-12OZ-MatteBlack-1_36c0e23f-44a6-4a3f-a931-380b985dc71a_1800x1800.jpg?v=1666728749
30-25,10-09848-008,STANLEY 355ML TRGR-ACTN TRV MUG WHITE-10-09848-008,https://cdn.shopify.com/s/files/1/0516/4564/5000/products/Stanley-TheTrigger-ActionTravelMug0.35L-12OZ-Polar-1_593e357f-c6e4-4061-909f-f0b351ae4791_1800x1800.jpg?v=1666728749
30-26,10-09848-009,STANLEY 355ML TRGR-ACTN MUG NIGHTFALL-10-09848-009,https://cdn.shopify.com/s/files/1/0516/4564/5000/products/Stanley-TheTrigger-ActionTravelMug0.35L-12OZ-Nightfall-1_8a84993a-aef2-433b-a1c1-30ca909c5e42_1800x1800.jpg?v=1666728749
30-27,10-09848-052,STANLEY 355ML TRGR-ACTN MUG CHARCOAL-10-09848-052,https://cdn.shopify.com/s/files/1/0516/4564/5000/products/4webimage-7C318575-78BF-4654-BA5EB93819752D10_720x.jpg?v=1666728749
30-28,10-09848-053,STANLEY CLA 355ML TRGR-ACTN MUG ASH 10-09848-053,https://cdn.shopify.com/s/files/1/0516/4564/5000/products/4webimage-5694224E-2F85-4EC3-823943C8454F43B7_720x.jpg?v=1666728749
30-29,10-09849-009,STANLEY 250ML TRGR-ACTN MUG H. GREEN-10-09849-009,https://alrimaya.com/image/catalog/product/3761/Untitled-5-min (1)-3761-thumb.jpg
30-3,10-01612-041,STANLEY VAC BOTTLE 750ML NIGHTFALL -10-01612-041,https://cdn.shopify.com/s/files/1/0516/4564/5000/products/Stanley-TheLegendaryClassicBottle0.75L_25OZ-Nightfall-1_1800x1800.jpg?v=1662645751
30-30,10-09849-010,STANLEY 250ML TRGR-ACTN MUG M. BLACK-10-09849-010,https://cdn.shopify.com/s/files/1/0516/4564/5000/products/Stanley-TheTrigger-ActionTravelMug0.25L_8.5OZ-MatteBlack-1_1800x1800.jpg?v=1656078545
30-31,10-09849-012,STANLEY 250ML TRGR-ACTN MUG NIGHTFALL-10-09849-012,https://cdn.shopify.com/s/files/1/0516/4564/5000/products/Stanley-TheTrigger-ActionTravelMug0.25L_8.5OZ-Nightfall-1_5b0461d4-1bd8-425f-b33a-c1c77cc95c6a_1800x1800.jpg?v=1656078545
30-32,10-01936-039,STANLEY COOLER 28L / 30QT POLAR WHITE 10-01936-039,https://cdn.shopify.com/s/files/1/0516/4564/5000/products/Stanley-TheEasy-CarryOutdoorCooler6.6L_7QT-Polar-1_720x.jpg?v=1652352007
30-33,10-01622-060,STANLEY COOLER 6.6L/7QT GREEN ADV 10-01622-060,https://alrimaya.com/image/catalog/product/3753/Stanley-TheEasy-CarryOutdoorCooler6.6L_7QT-Green-1_720x copy-3753-thumb.jpg
30-34,10-01612-062,STANLEY CLA VAC BOTTLE 750ML | 25OZ ASH,"https://stanley1913.ae/cdn/shop/files/webimage-B52A4F02-6D29-4CB7-813D63DD5A68E497_360x.jpg?v=1715017698%20360w,%20//stanley1913.ae/cdn/shop/files/webimage-B52A4F02-6D29-4CB7-813D63DD5A68E497_540x.jpg?v=1715017698%20540w,%20//stanley1913.ae/cdn/shop/files/webimage-B52A4F02-6D29-4CB7-813D63DD5A68E497_720x.jpg?v=1715017698%20720w,%20//stanley1913.ae/cdn/shop/files/webimage-B52A4F02-6D29-4CB7-813D63DD5A68E497_900x.jpg?v=1715017698%20900w,%20//stanley1913.ae/cdn/shop/files/webimage-B52A4F02-6D29-4CB7-813D63DD5A68E497_1080x.jpg?v=1715017698%201080w"
30-35,10-08266-001,STANLEY CLA 1L/1.1QT VAC BTL H.GREEN EU-08266-001,https://alrimaya.com/image/catalog/product/3760/Untitled-2-min (2)-3760-thumb.jpg
30-36,10-08266-002,STANLEY CLA 1L/1.1QT VAC BTL M.BLACK EU-08266-002,https://m.media-amazon.com/images/I/51yLl9WtGNL._AC_SL1500_.jpg
30-37,10-08266-031,STANLEY CLA 1L/1.1QT VAC BTL MOSSY OAK COUNTY EU-0,https://stanley1913.ae/cdn/shop/files/Stanley-TheLegendaryClassicBottle1.0L_1.1QT-CountryDNA-1_1e6a42ac-30b6-4242-99b3-4532d57a1bba_1800x1800.jpg?v=1691013199
30-38,10-08266-053,STANLEY CLA 1L/1.1QT VAC BTL MOSSYOAK BOTTOMLAND E,https://alrimaya.com/image/cache/catalog/product/3764/Untitled-5-min%20(1)-3764-thumb-800x800.jpg
30-39,10-01936-062,STANLEY COOLER 28L/30QT THE COLD-FOR-DAYS OUTDOOR ,https://alrimaya.com/image/catalog/product/3768/30-39-2-3768-thumb.jpg
30-4,10-01612-061,STANLEY VAC BOTTLE 750ML CHARCOAL EU -10-01612-061,https://cdn.shopify.com/s/files/1/0516/4564/5000/products/webimage-E540F22C-B7A4-4715-B615F297AF9DE6C8_720x.jpg?v=1662645751
30-40,10-09149-031,STANLEY GO 709ML/24OZ FLIP BTL LAGOON-09149-031,https://alrimaya.com/image/catalog/product/3754/Untitled-5-min (1)-3754-thumb.jpg
30-41,10-09848-055,STANLEY CLA 355ML | 12OZ TRIGGER-ACTN TRAV MUG SHA,https://aio.lv/img/cache/product/5540574/53770360_extra_large.webp
30-42,10-09848-056,STANLEY CLA 355ML | 12OZ TRIGGER-ACTN TRAV MUG SAF,https://cdn.shopify.com/s/files/1/0553/1903/6069/products/1806303210-550x550h_2000x.jpg?v=1658938020
30-43,10-07935-044,STANLEY CLA 2.36L/2.5QT VAC BTL H.GREN,https://alrimaya.com/image/cache/catalog/product/3756/webimage-b5a5f2cf-6608-4397-aaec-2e7c7da74169_720x%20copy-3756-thumb-800x800.jpg
30-44,10-07935-045,STANLEY CLA 2.36L / 2.5QT VAC BTL M.BLACK EU-07935,https://alrimaya.com/image/cache/catalog/product/3756/webimage-1ECAC99C-5FB3-4BC2-8AB48B3F42A2D37F_720x%20copy-3756-thumb-800x800.jpg
30-45,10-08266-033,STANLEY CLA 1L/1.1QT VAC BTL H.ICE-08266-033,https://alrimaya.com/image/cache/catalog/product/3760/Untitled-2-min%20(2)-3760-thumb-800x800.jpg
30-46,10-08266-058,STANLEY CLA 1L/1.1QT VAC BTL H.LAKE EU-08266-058,https://alrimaya.com/image/cache/catalog/product/3760/Untitled-5-min-3760-thumb-800x800.jpg
30-47,10-08266-059,STANLEY CLA 1L/1.1QT VAC BTL CHARCOAL EU-08266-059,https://alrimaya.com/image/catalog/product/4073/30-47-(1)-min-4073-thumb.jpg
30-48,10-08266-060,STANLEY CLA 1L/1.1QT VAC BTL ASH EU-08266-060,https://cdn.salla.sa/GYKdDW/10d4a8ca-9f63-4c67-bdd5-4cb8c9e1795c-635.29411764706x1000-f4CzgkkeNy1J2ZMpgoQkrxhCQwOTSHOQXfwA7985.jpg
30-49,10-01228-072,STANLEY CLA VAC BOTTLE 473ML | 12OZ H.GREEN,https://alrimaya.com/image/catalog/product/3757/Untitled-4-min (1)-3757-thumb.jpg
30-5,10-07934-003,STANLEY CLA 1.9L VAC BTL H.GREEN -EU 10-07934-003,https://cdn.shopify.com/s/files/1/0516/4564/5000/products/Stanley-TheLegendaryClassicBottle1.9L_2.0QT-HammertoneGreen-1_1800x1800.jpg?v=1627048357
30-50,10-01228-073,STANLEY CLA VAC BOTTLE 473ML | 12OZ M.BLACK,https://alrimaya.com/image/cache/catalog/product/3757/Untitled-4-min%20(1)-3757-thumb-800x800.jpg
30-51,10-01228-088,STANLEY CLA VAC BOTTLE 473ML NIGHTFALL-10-1228-088,https://alrimaya.com/image/cache/catalog/product/3757/Untitled-4-min%20(2)-3757-thumb-800x800.jpg
30-52,10-09366-171,STANLEY CLA355ML/12OZ VAC CAMP MUG HLAKE-09366,https://alrimaya.com/image/cache/catalog/product/3757/Untitled-5-min-3757-thumb-800x800.jpg
30-53,10-09366-172,STANLEY CLA 354ML / 12OZ VAC CAMP MUG CHARCOAL-093,https://alrimaya.com/image/cache/catalog/product/3758/Untitled-1-min-3758-thumb-800x800.jpg
30-54,10-09366-173,STANLEY CLA 355ML | 12OZ VAC CAMP MUG ASH-10-9366-,https://alrimaya.com/image/cache/catalog/product/3758/Untitled-2-min%20(2)-3758-thumb-800x800.jpg
30-55,10-06439-030,STANLEY CLA MUG TRIGGER-ACTION 0.47L/16OZ H.GREEN-,https://alrimaya.com/image/cache/catalog/product/3762/Untitled-4-min-3762-thumb-800x800.jpg
30-56,10-06439-031,STANLEY CLA MUG TRIGGER-ACTION 0.47L MATT BLACK,https://alrimaya.com/image/cache/catalog/product/3762/Untitled-5-min-3762-thumb-800x800.jpg
30-57,10-06439-033,STANLEY CLA MG TRGER-ACTN 0.47L16OZ NITFAL BLU,https://alrimaya.com/image/cache/catalog/product/3762/Untitled-5-min%20(1)-3762-thumb-800x800.jpg
30-58,10-06439-221,STANLEY CLA MUG TRIGGER-ACTION 0.47L/16OZ MOSYOAKC,https://alrimaya.com/image/cache/catalog/product/3769/Untitled-5-min-3769-thumb-800x800.jpg
30-59,10-06439-222,STANLEY CLA MUG TRIGGER-ACTION 0.47L/16OZ BLAZE OR,https://alrimaya.com/image/cache/catalog/product/3769/Untitled-5-min%20(1)-3769-thumb-800x800.jpg
30-6,10-07934-004,STANLEY CLA 1.9L VAC BTL M.BLACK -EU 10-07934-004 ,https://m.media-amazon.com/images/I/61FzFgjMrsL._AC_SL1500_.jpg
30-60,10-09848-051,STANLEY CLA 355ML | 12OZ TRIGGER-ACTN TRAV MUG H.L,https://cdn.etrias.nl/media/cache/product_zoom/1/-/1-stanley-trigger-action-travel-mug-035l-18.jpg
30-61,10-09848-054,STANLEY CLA 355ML | 12OZ TRIGGER-ACTN TRAV MUG LAG,https://m.media-amazon.com/images/I/31vs6tiKGtL._AC_.jpg
30-62,10-10987-005,STANLEY MILESTONES FLASK 1L / 1.1QT BTL 1960 VINTA,https://alrimaya.com/image/catalog/product/3763/Untitled-3-min (1)-3763-thumb.jpg
30-63,10-10987-006,STANLEY MILESTONES FLASK 1L / 1.1QT BTL 1940 GARNE,https://cdn.shopify.com/s/files/1/0516/4564/5000/products/1940-1.0L-GarnetGloss-FrontView_720x.jpg?v=1675089295
30-64,10-10987-007,STANLEY MILESTONES FLASK 1L / 1.1QT BTL 1920 BLACK,https://cdn.shopify.com/s/files/1/0516/4564/5000/products/1920-1.0L-BlackPatina-FrontView_720x.jpg?v=1675089295
30-65,10-02888-048,STANLEY CLA 1.4L / 48OZ VAC FRENCH PRESS H. GREEN ,https://alrimaya.com/image/cache/catalog/product/3759/Untitled-1-3759-thumb-800x800.jpg
30-66,10-09383-002,STANLEY CLA POUR OVER H.GREEN-09383-002,https://alrimaya.com/image/catalog/product/3766/Untitled-3-min-3766-thumb.jpg
30-67,10-09383-030,STANLEY CLA POUR OVER M.BLACK-09383-030,https://alrimaya.com/image/cache/catalog/product/3766/Untitled-4-min%20(1)-3766-thumb-800x800.jpg
30-68,10-02282-057,STANLEY ADV 473ML/16OZ VAC PINT HGREN-EU-02282-057,https://alrimaya.com/image/cache/catalog/product/3767/Untitled-3-min-3767-thumb-800x800.jpg
30-69,10-02282-058,STANLEY ADV 473ML VAC PINT M.BLACK-EU-02282-0,https://alrimaya.com/image/cache/catalog/product/3767/Untitled-3-min%20(1)-3767-thumb-800x800.jpg
30-7,10-07934-039,STANLEY CLA 1.9L VAC BTL NIGHTFALL 10-07934-039,https://cdn.shopify.com/s/files/1/0516/4564/5000/products/Stanley-TheLegendaryClassicBottle1.9L_2.0QT-Nightfall-1_1800x1800.jpg?v=1656078291
30-70,10-09993-196,STANLEY ICE FLOW 870ML FLIP STRAW,https://i.ebayimg.com/images/g/YOsAAOSwhDNk8xTH/s-l1600.jpg
30-71,10-09993-198,STANLEY ICE FLOW GO 870ML/30OZ FLIP STRAW,https://cdn.webshopapp.com/shops/24976/files/428338856/stanley-the-iceflow-flip-straw-tumbler-088l-iris.jpg
30-72,10-10788-067,STANLEY TRS MUG 350ML | 12OZ AEROLIGHT BLA,https://team-outdoors.eu/image/cache/catalog/Stanley/Stanley%20The%20AeroLight%20Transit%20Mug/Stanley-The-AeroLight-Transit-Mug-0-35L-Black-Metallic-1000x1000h.jpg
30-73,10-10788-065,STANLEY TRS MUG 350ML | 12OZ AEROLIGHT FO,https://team-outdoors.eu/image/cache/catalog/Stanley/Stanley%20The%20AeroLight%20Transit%20Mug/Stanley-The-AeroLight-Transit-Mug-0-35L-Fog-Metallic-1000x1000h.jpg
30-74,10-10788-066,STANLEY TRS MUG 350ML | 12OZ AEROLIGHT RO,https://team-outdoors.nl/image/cache/catalog/Stanley/Stanley%20The%20AeroLight%20Transit%20Mug/Stanley-The-AeroLight-Transit-Mug-0-35L-Rose-Quartz-Metallic-1000x1000h.jpg
30-75,10-10787-121,STANLEY TRS MUG 470ML | 16OZ AEROLIGHT BLA,https://team-outdoors.eu/image/cache/catalog/Stanley/Stanley%20The%20AeroLight%20Transit%20Mug/Stanley-The-AeroLight-Transit-Mug-0-47L-Black-Metallic-1000x1000h.jpg
30-76,10-10787-119,STANLEY TRS MUG 470ML | 16OZ AEROLIGHT FO,https://team-outdoors.eu/image/cache/catalog/Stanley/Stanley%20The%20AeroLight%20Transit%20Mug/Stanley-The-AeroLight-Transit-Mug-0-47L-Fog-Metallic-1000x1000h.jpg
30-77,10-10787-120,STANLEY TRS MUG 470ML | 16OZ AEROLIGHT RO,https://team-outdoors.eu/image/cache/catalog/Stanley/Stanley%20The%20AeroLight%20Transit%20Mug/Stanley-The-AeroLight-Transit-Mug-0-47L-Rose-Quartz-Metallic-1000x1000h.jpg
30-78,10-11429-005,STANLEY LGC FLASK 1.4L/1.5QT ARTISAN THERM,https://team-outdoors.eu/image/cache/catalog/Stanley/Stanley%20The%20Artisan%20Thermal%20Bottle/Stanley-The-Artisan-Thermal-Bottle-1-4L-Black-Moon-1000x1000h.jpg
30-79,10-11429-004,STANLEY LGC FLASK 1.4L/1.5QT ARTISAN THERM,https://team-outdoors.eu/image/cache/catalog/Stanley/Stanley%20The%20Artisan%20Thermal%20Bottle/Stanley-The-Artisan-Thermal-Bottle-1-4L-Hammertone-Green-1000x1000h.jpg
30-8,10-08265-001,STANLEY CLA 1.4L VAC BTL H.GREEN EU 10-08265-001,https://alrimaya.com/image/catalog/product/3752/Untitled-4-min (1)-3752-thumb.jpg
30-80,10-11428-005,STANLEY LGC FLASK 1L/1.1QT ARTISAN THERMA,https://www.nordictrail.fi/media/catalog/product/cache/d4018435ee26d0846da94737b2522fce/t/h/the_artisan_termospullo_1litra.jpg
30-81,10-11428-004,STANLEY LGC FLASK 1L/1.1QT ARTISAN THERMA,https://team-outdoors.eu/image/cache/catalog/Stanley/Stanley%20The%20Artisan%20Thermal%20Bottle/Stanley-The-Artisan-Thermal-Bottle-1-0L-Hammertone-Green-1000x1000h.jpg
30-82,10-10818-009,STANLEY ADV FLASK 750ML/25OZ TO-GO BOTTL,https://eu.stanley1913.com/cdn/shop/files/TheAdventureTo-GoBottle25ozAbyss-1.png?v=1715349866&width=1515
30-83,10-10818-010,STANLEY ADV FLASK 750ML/25OZ TO-GO BOTTL,https://media.s-bol.com/nVGDpxXBjO6D/lG2YM5/343x1200.jpg
30-84,10-10819-009,STANLEY ADV FLASK 1L/1.1QT TO-GO BOTTLE A,https://team-outdoors.eu/image/cache/catalog/Hengelsport/Stanley/Stanley%20The%20Adventure%20To-Go%20Bottle%200.75L%20Abyss/Stanley-The-Adventure-To-Go-Bottle-1-0L-Abyss-1000x1000h.jpg
30-85,10-10819-010,STANLEY ADV FLASK 1L/1.1QT TO-GO BOTTLE BL,https://team-outdoors.eu/image/cache/catalog/Hengelsport/Stanley/Stanley%20The%20Adventure%20To-Go%20Bottle%200.75L%20Abyss/Stanley-The-Adventure-To-Go-Bottle-1-0L-Black-1000x1000h.jpg
30-86,10-01625-003,STANLEY CLA 9.4L LUNCHBOX HAMMERTONE G,https://stanley-pmi.eu/cdn/shop/products/Stanley-TheLegendaryClassicLunchbox9.5L_10QT-HammertoneGreen-1_720x.jpg?v=1637156209
30-87,10-02282-249,STANLEY ADV 473ML/16OZ VAC PINT H.LAKE -EU,https://cdn.etrias.nl/media/cache/product_zoom/1/-/1-494x840.jpg
30-88,10-02282-250,STANLEY ADV 473ML/16OZ VAC PINT CHARCOAL -EU,https://stanley1913.ae/cdn/shop/files/1webimage-5A7DF900-9655-443B-9DC7BD84B0ECC5EC_900x.jpg?v=1691011672
30-89,10-02282-251,STANLEY ADV 473ML/16OZ VAC PINT ASH -EU,https://stanley1913.ae/cdn/shop/files/1webimage-EF6339B2-2D6B-4007-AB57D2995A950465_900x.jpg?v=1691011669
30-9,10-08265-002,STANLEY CLA 1.4L VAC BTL M.BLACK EU 10-08265-001,https://cdn.shopify.com/s/files/1/0516/4564/5000/products/Stanley-TheLegendaryClassicBottle1.4L_1.5QT-HammertoneGreen-1_720x.jpg?v=1627048264
30-90,10-02479-025,STANLEY ADV 3.5L / 3.7QT BASECAMP CAMP COOK SET SS,https://alrimaya.com/image/catalog/product/4579/54545454454 (1)-4579-thumb.jpg
30-91,10-06439-120,STANLEY CLA MUG TRIGGER-ACTION 0.47L/16OZ WINE,https://alrimaya.com/image/catalog/product/4582/51FJpb-EjbL.SS700 (1)-4582-thumb.jpg
30-92,10-09382-004,STANLEY CLA FJ 414ML / 14OZ VAC H.GREEN,https://alrimaya.com/image/catalog/product/4584/61TY0JfReQL._AC_SL1200_ (1)-4584-thumb.jpg
30-93,10-09382-005,STANLEY CLA FJ 414ML / 14OZ VAC M.BLACK,https://i.ebayimg.com/images/g/FbMAAOSwTsJhd~QX/s-l1600.webp
30-94,10-09382-006,STANLEY CLA FJ 414ML / 14OZ VAC N.FALL,https://stanley1913.ae/cdn/shop/files/TheLegendaryFoodJar_Spork14ozHammertoneLake-1_1800x1800.webp?v=1732662042
30-95,10-09848-048,STANLEY CLA 355ML | 12OZ TRIGGER-ACTN TRAV MUG H.I,https://alrimaya.com/image/catalog/product/4585/61pNotimjGL._AC_SL1200_12356587951357 (1)-4585-thumb.jpg
30-96,10-10787-149,STANLEY TRS MUG 470ML | 16OZ AEROLIGHT ROYAL BLUE,https://eu.stanley1913.com/cdn/shop/files/Web_PNG_Square-TheAeroLight_TransitBottle16ozRoyalBlueGlimmer.png?v=1715757339&width=1515
30-97,10-10788-074,STANLEY TRS MUG 350ML | 12OZ AEROLIGHT ROYAL BLUE,https://eu.stanley1913.com/cdn/shop/files/Web_PNG_Square-TheAeroLight_TransitBottle16ozRoyalBlueGlimmer.png?v=1715757339&width=1515
30-98,10-10292-063,STANLEY GO 295ML/10OZ EVERYDAY TUMB CHARCOAL EU,https://alrimaya.com/image/catalog/product/4599/121212121_(1)-transformed-4599-thumb.png
30-99,10-10292-001,STANLEY GO 295ML/10OZ EVERYDAY TUMB H. GREEN- EU,https://stanley1913.ae/cdn/shop/files/thumbnail_1800x1800.jpg?v=1691013045
3-36,31103000000034,PLASTIC BOX(STORAGE BOX),https://alrimaya.com/image/catalog/3-4-5/-حفظ-الرصاص-(3)3-36.png
3-38,31103000000036,PLASTIC BOX(STORAGE BOX),https://alrimaya.com/image/catalog/3-4-5/-حفظ-الرصاص-(7)3-38.png
3-39,31103000000037,PLASTIC BOX(STORAGE BOX),https://alrimaya.com/image/catalog/3-4-5/3-39-(3).jpg
3-40,31103000000038,PLASTIC BOX WITH TRAYS,https://alrimaya.com/image/catalog/3-4-5/-حفظ-الرصاص-(14)3-40.png
3-41,31103000000039,PLASTIC BOX(STORAGE BOX),https://alrimaya.com/image/catalog/3-4-5/-حفظ-الرصاص-(5)3-41.png
4-217,SSH25,"GALCO HARNESS FOR SHOULDER SYSTEM 2.5"",TAN,SSH25",https://alrimaya.com/image/catalog/3-4-5/4-217-(5).jpg
4-218,SCA32,"GALCO CARTRIDGE CASE FOR SYSTEM,TAN,SCA32",https://alrimaya.com/image/catalog/product/1402/4-218-(2)-1402-thumb.jpg
4-239,160,"GALCO S1H SHOULDER HOLSTER COMPONENT RH TAN,160",https://alrimaya.com/image/catalog/product/1429/4-239-(2)-1429-thumb.jpg
4-262,31104000000124,HOLESTER,https://alrimaya.com/image/catalog/product/318/4-262-(2)-min-318-thumb.jpg
4-263,420211100000,HORIZONTAL SHOULDER RIG (TAN COLOR),https://alrimaya.com/image/catalog/3-4-5/-مسدس-محالة-ربع--5-خانات-(7)4-263.png
4-265,31104000000127,HOLESTER,https://i.ibb.co/p2k23YT/4-265-1-Large.jpg
4-290,31104000000145,MIAMI CLASSIC SHOULDER SYSTEM RH TAN,https://alrimaya.com/image/catalog/3-4-5/-مسدس-9-ملي-(4)4-290.png
4-303,31104000000268,"GALCO SCREW PACK FOR SHOULDER SYSTEM,SCREWB",https://i.ibb.co/tKTqvf0/img.jpg
4-319,31104000000170,LEATHER ANKLE HOLSTER,https://alrimaya.com/image/catalog/3-4-5/-مسدس-للساق-(1).png
4-323,31104000000174,GUN COVER,https://alrimaya.com/image/catalog/3-4-5/-رشاش-(6).png
4-38,GB-9017,"26""GUN BAG 600D POLYESTER BLACK",https://alrimaya.com/image/catalog/3-4-5/-%D8%B1%D8%B4%D8%A7%D8%B44-38%20(1).png
4-398,31104000000233,PISTOL CASE - 9MM 4/291,https://i.ibb.co/Br6STmM/Whats-App-Image-2024-02-29-at-1-40-40-PM.jpg
4-410,31104000000247,"GUN COVER GB1013 145 CM,SLIM",https://alrimaya.com/image/catalog/16-4-2018/4-410-(3).jpg
4-418,31104000000255,GUN COVER,https://alrimaya.com/image/catalog/3-4-5/-رشاش-(4)4-418.png
4-420,31104000000257,GUN HOLSTER,https://i.ibb.co/gPMhhgN/Whats-App-Image-2023-03-12-at-7-45-40-PM.jpg
4-422,401590300000,PISTOL COVER SET,https://alrimaya.com/image/catalog/3-4-5/-مسدس-جلوك-للفخذ-(3).png
4-425,271130WD,"CAMO GUN TAPE, 5CMX4.5M - CT545",https://alrimaya.com/image/catalog/3-4-5/-لف-البنادق-(1).png
4-426,271131WD,GUN TAPE 2.5CMX4.5M,https://alrimaya.com/image/catalog/product/305/-لف-ماسورة-البندقية-(2)-900x600-305-thumb.png
4-433,31104000000279,NEOPRENE GUN COVER FOR SHORT GUN AND RIFLES,https://alrimaya.com/image/catalog/product/1293/4-433-(2)-1293-thumb.jpg
4-435,31104000000272,HORIZONTAL LEATHER SHOLDER HLS DOUBLE MAG CARRIER,https://i.ibb.co/ykjLcpv/4-435-3-copy-Large.jpg
4-436,31104000000273,WIDE SHOULDER WITH BOUND LEATHER,https://i.ibb.co/2FQRw5Y/Whats-App-Image-2023-03-12-at-8-08-18-PM.jpg
4-437,31104000000274,HORIZONTAL LEATHER HLS FOR SHOULDER,https://alrimaya.com/image/catalog/product/1172/4-437-(2)-1172-thumb.jpg
4-438,31104000000275,MASC CARTRIDGE CARRIERS TAN,https://alrimaya.com/image/catalog/product/1403/4-438-(2)-1403-thumb.jpg
4-439,31104000000276,HORIZONTAL LEATHER SHOLDER W/ SINGLE MAG CARRIER,https://alrimaya.com/image/catalog/product-3-4-5/-مسدس-4-439--(1).png
4-440,31104000000277,HORIZONTAL LEATHER SHOLDER HLS W/O MAG CARRIER,https://alrimaya.com/image/catalog/product-3-4-5/-مسدس-4-440-(3).png
4-441,31104000000278,HORIZONTAL LEATHER SHOLDER HLS W/O MAG CARRIER,https://alrimaya.com/image/catalog/product-3-4-5/-مسدس-4-441-(1).png
4-442,31104000000280,VERTICAL LEATHER SHOULDER HOLSTER W/O MAG CARRIER,https://alrimaya.com/image/catalog/product-3-4-5/4-442-جراب-مسدس-(3).png
4-443,31104000000281,WIDE SHOULDER WITH UNBOUND LEATHER,https://alrimaya.com/image/catalog/product/1873/4-443-(5)-1873-thumb.jpg
4-444,271141,CAMO FLAGE GUN TAPE 4.8CMx10M,https://alrimaya.com/image/catalog/product-3-4-5/-لف--بنادق-4-444-(1).png
4-453,31104000000291,GUN COVER MB -5,https://alrimaya.com/image/catalog/product/1178/4-453-(2)w-1178-thumb.jpg
4-456,31104000000294,CORDURA GUN BAG SMALL,https://alrimaya.com/image/catalog/product-3-4-5/-مسدس-4-456-(4).png
4-457,31104000000295,CORDURA GUN BAG MEDIUM,https://alrimaya.com/image/catalog/product-3-4-5/4-457-حافظة-مسدس-(4).png
4-458,31104000000296,CORDURA GUN BAG LARGE,https://alrimaya.com/image/catalog/product-3-4-5/4-457-حافظة-مسدس-(2).png
4-459,31104000000297,SUEDE LEATHER GUN BAG SMALL,https://alrimaya.com/image/catalog/product-3-4-5/4-459-حافظة-مسدس-(4).png
4-460,31104000000298,SUEDE LEATHER GUN BAG MEDIUM,https://alrimaya.com/image/catalog/product-3-4-5/4-460-حافظة-مسدس-(1).png
4-463,31104000000301,REVOLVER HOLSTER,https://alrimaya.com/image/catalog/product/1237/4-463-(1)-1237-thumb.jpg
4-464,31104000000302,HOLSTER,https://alrimaya.com/image/catalog/product-3-4-5/4-464-جراب-مسدس-(2).png
4-465,31104000000303,LEATHER SHOULDER HOLSTER (GLOCK),https://alrimaya.com/image/catalog/product-3-4-5/4-465-جراب-مسدس-(4).png
4-469,31104000000307,"Gun Slip 52""      Size: 132 x 22 x 3 cm",https://alrimaya.com/image/catalog/product/1381/4-469-(3)-1381-thumb.jpg
4-470,31104000000308,SOFT GUN CASE 130CM,https://alrimaya.com/image/catalog/product/1238/4-470-(2)-1238-thumb.jpg
4-477,31104000000315,GUN COVER,https://alrimaya.com/image/catalog/product/1382/4-477-(2)-1382-thumb.jpg
4-479,31104000000317,HARD GUN CASE  GREEN 145CM,https://i.ibb.co/7gqkmb8/Whats-App-Image-2023-03-05-at-4-39-51-PM.jpg
4-481,31104000000319,VERTICAL REVOLVER CARTRIDGE CARRIER FOR SHOULDER,https://alrimaya.com/image/cache/catalog/product/2347/4-481%20(3)-2347-thumb-800x800.jpg
4-482,31104000000320,MASC DOUBLE CATTRIDGE CARRIER FOR SHOULDER,https://alrimaya.com/image/catalog/product/2346/4-482%20(3)-2346-thumb.jpg
4-483,31104000000321,VERTICAL LEATHER SHOULDER HOLSTER W/O MAG CARRIER,https://alrimaya.com/image/catalog/product-3-4-5/4-483-جراب-مسدس-(3).png
4-485,31104000000323,PISTOL GUN BAG,https://alrimaya.com/image/catalog/product-3-4-5/4-485-حافظة-مسدس-(4).png
4-489,31104000000327,SOFT GUN BAG 125CM,https://alrimaya.com/image/catalog/product/1239/4-489-(2)-1239-thumb.jpg
4-492,31104000000330,HALF HARNESS FOR SHOULDER SYS RH TAN,https://i.ibb.co/9gw2G4n/Whats-App-Image-2023-03-05-at-4-42-49-PM.jpg
4-493,31104000000331,Canvas Gun Bag 125cm,https://alrimaya.com/image/catalog/product/1240/4-493-4-494-(1)-1240-thumb.jpg
4-494,31104000000332,Canvas Gun Bag 135cm,https://alrimaya.com/image/catalog/product/1241/4-493-4-494-(1)-1241-thumb.jpg
4-495,31104000000333,Canvas Gun Bag 145cm,https://alrimaya.com/image/catalog/product-3-4-5/4-495-جراب-بندقية-(2).png
4-496,279371,BAG FOR 9MM PISTOL,https://alrimaya.com/image/catalog/product-3-4-5/4-496-حافظة-مسدس-(4).png
4-497,31104000000335,HORIZONTAL SHOULDER RIG (BLACK COLOR),https://alrimaya.com/image/catalog/16-4-2018/4-497-(5).jpg
4-498,31104000000337,PORTABLE SECURITY CASE - SMALL,https://alrimaya.com/image/catalog/product/1637/4-498-(2)-1637-thumb.jpg
4-499,31104000000338,GUN BAG CAMO FABRIC   4/499,https://alrimaya.com/image/catalog/product/1404/4-499-4-501-(2)-1404-thumb.jpg
4-501,31104000000340,Gun Bag 130 cm,https://alrimaya.com/image/catalog/product/1242/4-501-(2)-1242-thumb.jpg
4-504,31104000000342,GUN COVER 105CM,https://alrimaya.com/image/catalog/product/1405/4-504-(2)-1405-thumb.jpg
4-505,31104000000344,Pistol Holister S,https://alrimaya.com/image/catalog/product/1430/4-505%20(1)-1430-thumb.jpg
4-506,31104000000345,Pistol Holister M,https://alrimaya.com/image/catalog/product/1406/4-506-(2)-1406-thumb.jpg
4-507,31104000000346,Pistol Holister L,https://alrimaya.com/image/catalog/product/1431/4-507%20(1)-1431-thumb.jpg
4-508,31104000000347,Gun Bag 130 cm wide,https://alrimaya.com/image/catalog/product/2445/4-508-3-min-2445-thumb.jpg
4-509,31104000000348,CASE FOR A RIFLE WEAPON WITH AN OPTICAL SIGHT,https://alrimaya.com/image/catalog/product/1636/4-509-(2)-1636-thumb.jpg
4-510,31104000000349,CASE FOR A RIFLE WEAPON WITH NIGHT VISION OPTICAL,https://alrimaya.com/image/catalog/product/1634/4-510-(2)-1634-thumb.jpg
4-511,31104000000350,CASE FOR A RIFLE WEAPON WITH NIGHT VISION OPTICAL,https://alrimaya.com/image/catalog/product/1635/4-511-(2)-1635-thumb.jpg
4-512,31104000000351,CASE FOR DISASSEMBLED SMOOTHBORE WEAPON,https://i.ibb.co/rsSCWTv/4-512.jpg
4-513,31104000000352,HARD LEATHER CASE  DISASSEMBLED SMOOTHBORE WEAPON,https://i.ibb.co/h9yGhfn/4-513.jpg
4-519,MC224,"GALCO MIAMI CLASSIC SHOULDER SYSTEM RH TAN,MC224",https://alrimaya.com/image/cache/catalog/product/4541/4-519-(2)-4541-thumb-800x800.jpg
4-520,401590300000,MIAMI CLASSIC SHOULDER SYSTEM RH BLACK - MC224B,https://alrimaya.com/image/catalog/product/3560/4-520-(1)-3560-thumb.jpg
4-521,MCII224,"GALCO MIAMI CLASSIC II SHOULDER SYSTEM RH TAN,MCII",https://alrimaya.com/image/cache/catalog/product/2991/Sig_p320_SHS_MCII820-2991-thumb-800x800.jpg
4-522,401590300000,MIAMI CLASSIC II SHOULDER SYSTEM RH BLACK - MCII22,https://cdn.shopify.com/s/files/1/1334/6093/products/Sig-P365XL-SHS-870RB-front-v2_b_large.jpg?v=1642349381
4-523,420212100005,GUN COVER CAMO BLACK - 124CM,https://alrimaya.com/image/cache/catalog/product/2930/4-523%20(1)-min-2930-thumb-800x800.jpg
4-524,420212100005,GUN COVER CAMO BLACK - 118CM,https://alrimaya.com/image/cache/catalog/product/2930/4-523%20(1)-min-2930-thumb-800x800.jpg
4-525,420212100005,GUN COVER CAMO BLACK - 114CM,https://alrimaya.com/image/cache/catalog/product/2930/4-523%20(1)-min-2930-thumb-800x800.jpg
4-526,420212100001,GAMO GUN COVER BLACK & RED - 120CM / 6212367,https://alrimaya.com/image/catalog/product/3018/6212367%20(1)-3018-thumb.jpg
4-527,420212100001,GAMO GUN COVER BLACK & GREEN - 130CM / 6213146,https://alrimaya.com/image/catalog/product/3019/4-527%20(1)-min-3019-thumb.jpg
4-528,271130REL,SELF-CLINGING CAMO GUN TAPE 5CM X 4.5M,https://alrimaya.com/image/catalog/product/4037/_4-528-(2)-4037-thumb.jpg
4-529,GF-PLUIAQR,LEG PISTOL COVER ,https://alrimaya.com/image/catalog/product/4505/4-529-(1)-4505-thumb.jpg
4-530,GF-LSU1-B,UNIVERSAL SHOULDER HOLSTER,https://alrimaya.com/image/catalog/product/4445/4-530-(1)-4445-thumb.jpg
4-531,GF-NI21,PISTOL COVER,https://alrimaya.com/image/catalog/product/4476/001-4476-thumb.jpg
4-532,GB-2301,GUN COVER 127x27x5.5CM - KHAKI,https://alrimaya.com/image/catalog/product/4015/4-532 (1)-4015-thumb.jpg
4-533,23A17,GUN COVER 130CM - GREEN,https://alrimaya.com/image/catalog/product/4011/4-533-(1)-4011-thumb.jpg
4-534,27113910,SELF-CLINGING CAMO GUN TAPE 5CMx10M,https://alrimaya.com/image/catalog/product/4190/4-534-(1)-4190-thumb.jpg
5-44,31105000000027,GUN CASE BOX AG-30,https://alrimaya.com/image/catalog/product-3-4-5/--مسدس-5-44-(1).png
5-49,31105000000032,GUN CASE,https://alrimaya.com/image/catalog/product-3-4-5/-بندقية-5-49-(6).png
5-50,31105000000033,RIFILE CASE EXTERNAL DIM.(1235*265*110MM),https://alrimaya.com/image/catalog/product-3-4-5/5-50-شنطة-بندقية-(4).png
5-51,31105000000034,BLACK PLASTIC CASE,https://alrimaya.com/image/catalog/product-3-4-5/5-51-شنطة-مسدس-(5).png
5-52,31105000000035,RIFILE CASE EXTERNAL DIM.(1285*337*142MM),https://alrimaya.com/image/catalog/product-3-4-5/5-52-شنطة-بندقية-(2).png
5-53,31105000000036,RIFILE CASE EXTERNAL DIM.(85*337*142MM),https://alrimaya.com/image/catalog/product/1407/5-53-(2)-1407-thumb.jpg
5-54,31105000000037,GUN CASE 83*32*12CM,https://alrimaya.com/image/catalog/product-3-4-5/5-54-شنطة-بندقية-(3).png
5-55,31105000000038,HAND GUN CASE,https://alrimaya.com/image/catalog/product-3-4-5/5-55-شنطة-مسدس-(3).png
5-56,31105000000039,CASE 465*400*350MM,https://alrimaya.com/image/catalog/product-3-4-5/5-56-صندوق-بر-بلاستيك-(5).png
5-57,31105000000040,CASE 670*508*355MM,https://alrimaya.com/image/catalog/product-3-4-5/5-57-صندوق-بر-بلاستيك-(5).png
5-58,31105000000041,CASE 310*249*80MM,https://alrimaya.com/image/catalog/product/1432/5-58-(5)-1432-thumb.jpg
5-60,31105000000043,PLASTIC CASE BLACK EXT103*33*15CM INT98*29*12.5MM,https://alrimaya.com/image/catalog/product/1408/5-60-(2)-1408-thumb.jpg
5-61,31105000000044,PLASTIC CASE SAND EXT(103*33*15CM) INT98*29*12.5MM,https://alrimaya.com/image/catalog/000/5-61-(2).jpg
6-10,732111100001,ONE BURNER - MOONWALKER(HOSE) - KB-0211G,https://alrimaya.com/image/catalog/Kovea/Moonwalker-KOV-KB-0211G-00.jpg
6-11,31106000000011,ONE BURNER - HYDRAL(HOSE),https://alrimaya.com/image/catalog/Kovea/Hydra-KGB-1305-00.jpg
6-12,31106000000012,ONE BURNER -BOOSTER+1(HOSE),https://alrimaya.com/image/catalog/product/946/6-12-(4)-946-thumb.jpg
6-13,732111100001,TWO BURNER-SLIM TWIN STOVE - KGB-1312A,https://alrimaya.com/image/catalog/product/1165/6-13-(1)-1165-thumb.jpg
6-14,KGB-1608,CAMP 1 PLUS STOVE (KGB-1608),https://alrimaya.com/image/catalog/Kovea/Camp-1.jpg
6-15,31106000000015,HEATER -HANDY SUN,https://alrimaya.com/image/catalog/product/949/3881-min-949-thumb.jpg
6-16,KT-1209,TORCH COOK MATE KT-1209,https://alrimaya.com/image/catalog/product/950/3884-min-950-thumb.jpg
6-17,732111100001,TORCH ROCKET KT-2008-1,https://alrimaya.com/image/catalog/product/952/KT-200-(1)-min-952-thumb.jpg
6-18,820560000000,TORCH CANON KT-2408,https://alrimaya.com/image/catalog/Kovea/Canon-KT-2408-00.jpg
6-19,732111100001,TORCH FREE NECK KT-2924,https://alrimaya.com/image/catalog/product/974/3897-min-974-thumb.jpg
6-2,31106000000002,GAS CARTRIDGE 220G,https://alrimaya.com/image/catalog/product/1434/6-3-(2)-1434-thumb.jpg
6-20,732111100001,COOKWARE -HARD 10,https://alrimaya.com/image/cache/catalog/Kovea/hard-10-KSK-WH10-00-800x800.jpg
6-21,790700600000,COOKWARE -HARD 7-8,https://alrimaya.com/image/catalog/product/957/KSK-WY78-00-957-thumb.jpg
6-22,31106000000022,IGNITER,https://alrimaya.com/image/catalog/Kovea/Ignitor-KOV-KI-1007-00.jpg
6-23,31106000000023,ONE BURNER V1,https://alrimaya.com/image/catalog/Kovea/V1.jpg
6-24,732111100001,ONE BURNER DUAL FLAME KGB-1302,https://alrimaya.com/image/catalog/Kovea/Dual-Flame-KGB-1302-00.jpg
6-25,732111100001,ADAPTER COBRA - KA-0103,https://alrimaya.com/image/catalog/Kovea/Cobra-KA-0103-00.jpg
6-26,31106000000026,KETTLE -S SIZE,https://alrimaya.com/image/catalog/Kovea/KettleSmall.jpg
6-27,31106000000027,KETTLE -L SIZE,https://alrimaya.com/image/catalog/Kovea/Kettlelarge.jpg
6-28,31106000000028,STICK -WILD CORK 4000,https://alrimaya.com/image/catalog/Kovea/Wild-Cork-VKS-304-00.jpg
6-29,31106000000029,STICK -CROSS ACTION 1,https://alrimaya.com/image/catalog/Kovea/Cross-action-VKS-9606-00.jpg
6-3,31106000000003,GAS CARTRIDGE 450G,https://alrimaya.com/image/catalog/product/1433/6-2-(2)-1433-thumb.jpg
6-30,31106000000030,BBQ STOVE,https://alrimaya.com/image/catalog/Kovea/BBQ-Stove-KG-1009-00-846x846.jpg
6-31,732111100001,SOLO3 COOKWARE,https://alrimaya.com/image/catalog/Kovea/Solo3-KOV-KSK-SOLO3-00.jpg
6-33,31106000000033,CHEF MASTER UP,https://alrimaya.com/image/catalog/Kovea/ChefMasterup.jpg
6-34,31106000000034,BOOSTER+1(WITHOUT RED BOTTLE),https://alrimaya.com/image/catalog/Kovea/Booster-KOV-KB-0603-1-00.jpg
6-35,732111100001,2 WAY ADAPTOR - KA-2105,https://alrimaya.com/image/catalog/Kovea/2way-Adaptor-KOV-KA-2105-00.jpg
6-36,732111100001,TORCH PHANTOM LONG KGT-1405,https://alrimaya.com/image/catalog/Kovea/Phantomlong.jpg
6-37,31106000000037,LONG CANON,https://alrimaya.com/image/catalog/Kovea/Long-Canon-KT-2911-01.jpg
6-380,,CAMPING BURNER KOVEA - KPB-1505,https://alrimaya.com/image/catalog/product/3339/6-380-(1)-min-3339-thumb.jpg
6-39,732111100001,ADAPTER,https://alrimaya.com/image/catalog/Kovea/Adaptor-KA-N9504-00.jpg
6-4,31106000000004,TABLE RANGE-BEELTE,https://alrimaya.com/image/catalog/Kovea/Beetle-KR-2005-1-00-846x846.jpg
6-40,TKB-8901,VULCAN STOVE TKB-8901,https://alrimaya.com/image/catalog/Kovea/Vulcan-KOV-TKB-8901-002.jpg
6-41,,WINDSHIELD KW-0101,https://alrimaya.com/image/cache/catalog/product/2507/6-41%20(1)-min-2507-thumb-800x800.jpg
6-42,KB-0509,EAGLE STOVE KB-0509,https://alrimaya.com/image/catalog/product/3297/6-42-(2)-3297-thumb.jpg
6-43,732111100001,ALPINE POT WIDE - KB-0703W,https://alrimaya.com/image/catalog/product/3298/KB-0703W-00-3298-thumb.jpg
6-44,732111100001,ALPINE POT WIDE UP - KB-0703WU,https://alrimaya.com/image/catalog/product/3299/kovea-alpine-pot-wide-up-kb-0703wu-8809361211696-1-3299-thumb.jpg
6-45,KB-1112,POWER NANO STOVE KB-1112,https://alrimaya.com/image/catalog/product/3221/6-45-(4)-min-3221-thumb.jpg
6-46,732111100001,SLIM TWIN STOVE PROPANE DELUXE - P- KGB-1312PP,https://alrimaya.com/image/catalog/product/3879/6-46-(8)-min-3879-thumb.jpg
6-47,732111100001,MAXIMUM TKB-9901,https://alrimaya.com/image/catalog/product/3300/KOV-KB-9901-00-3300-thumb.jpg
6-48,TKB-N9703-L,EXPEDITION LONG HOSE STOVE (TKB-N9703-L),https://alrimaya.com/image/catalog/product/3301/6-48-(3)-min-3301-thumb.jpg
6-49,732111100001,SPIDER BURNER - KB-1109,https://alrimaya.com/image/catalog/product/3302/KOV-KB-1109-00-3302-thumb.jpg
6-5,KB-0408,HIKER STOVE KB-0408,https://alrimaya.com/image/catalog/Kovea/Hiker-KOV-KB-0408-00.jpg
6-6,31106000000006,ONE BURNER -SOLO,https://alrimaya.com/image/catalog/Kovea/Solo-KOV-KB-0409-00.jpg
6-7,KB-0410,SCORPION STOVE KB-0410,https://alrimaya.com/image/catalog/Kovea/Scorpion-KOV-KB-0410-00.jpg
6-8,KB-N1005,FLAME TORNADO STOVE KB-N1005,https://alrimaya.com/image/catalog/Kovea/FlameTornado-KB-N1005-00.jpg
6-9,TKB-8911-1,SCOUT STOVE TKB-8911-1,https://alrimaya.com/image/catalog/Kovea/Scout-KOV-TKB-8911-1-001.jpg
7-1001,31107000000780,ACCUSHARP TURBOSLIDE CAMO,https://alrimaya.com/image/catalog/product/2355/7-1001%20(1)-2355-thumb.jpg
7-1003,31107000000782,NORTHSIDE HUNTER,https://alrimaya.com/image/catalog/product/705/7-1003-knife-705-thumb.png
7-1004,31107000000783,PROGRADE NARROW FILLET 4.5,https://pics.knifecenter.com/knifecenter/kershaw/images/KS1286.jpg
7-1006,31107000000785,NONIS KNIFE CM.16 OLIVE HANDLE,https://alrimaya.com/image/catalog/product/590/7-1006-knife-590-thumb.png
7-1007,31107000000786,KITCHEN KNIFE CM.16 OLIVE/H,https://alrimaya.com/image/catalog/SKU:7/7-1007-(4).png
7-1008,31107000000787,BONE KNIFE CM.13,https://alrimaya.com/image/catalog/SKU:7/7-1008.png
7-1009,31107000000788,CHEF KNIFE CM.16,https://alrimaya.com/image/catalog/product/1482/7-1009-(1)-1482-thumb.jpg
7-1010,31107000000789,STEAK KNIFE,https://alrimaya.com/image/catalog/product/706/7-1010-knife-706-thumb.jpg
7-1011,31107000000790,KNIVES,https://alrimaya.com/image/catalog/product/1167/7-1011-knife-1167-thumb.jpg
7-1013,31107000000792,KNIVES,https://i.ibb.co/WyQBGKP/Whats-App-Image-2023-03-05-at-4-28-04-PM.jpg
7-1014,122136,OPINEL KNIFE BOITE 13VR/122136,https://alrimaya.com/image/catalog/product/1100/7-1014-knife-1100-thumb.jpg
7-1015,31107000000794,"PROGRADE CHEF'S KNIFE 8""",https://alrimaya.com/image/catalog/product/1481/7-1015-(2)-1481-thumb.jpg
7-1016,31107000000795,"CLEARWATER 2 FILLET KNIFE 7""",https://i.ebayimg.com/images/g/rr0AAOSwl~ph-ZdV/s-l1600.png
7-1017,31107000000796,MINI BINER RED,https://pics.knifecenter.com/knifecenter/kershaw/images/KS1002RD.jpg
7-1018,31107000000797,MINI BINER SILVER,https://pics.knifecenter.com/knifecenter/kershaw/images/KS1002SL.jpg
7-1022,31107000000801,CROWN 11,https://pics.knifecenter.com/knifecenter/kershaw/images/KS3150a.jpg
7-1023,31107000000802,"DWO,CLASSIC PINK",https://alrimaya.com/image/catalog/product/707/7-1023-knife-707-thumb.jpg
7-1024,31107000000803,HALF TON,https://alrimaya.com/image/catalog/product/708/7-1024-knife-708-thumb.jpg
7-1025,31107000000804,MINI BINER BLUE,https://pics.knifecenter.com/knifecenter/kershaw/images/KS1002BLa.jpg
7-1029,31122000001063,"*TW-PARADOX,GRIVORY  (DC)",https://alrimaya.com/image/catalog/product/709/7-1029-knife-709-thumb.jpg
7-1030,31122000001064,*TW-HOLD OUT LARGE PLAIN EDGE  (DC),https://alrimaya.com/image/catalog/product/710/7-1030-knife-710-thumb.jpg
7-1031,31122000001065,*TW-OUTDOORSMAN LITE (Made in TAIWAN),https://alrimaya.com/image/catalog/product/1503/7-1031-knife-1503-thumb.jpg
7-1032,31107000000808,MINI BINER BLACK,https://pics.knifecenter.com/knifecenter/kershaw/images/KS1002anw.jpg
7-1033,31107000000809,NORTHSIDE HUNTER CLAMMED,https://pics.knifecenter.com/knifecenter/kershaw/images/1090a.jpg
7-1034,31107000000810,ASSET SERR SPEEDSAFE,"https://gun.deals/cdn-cgi/image/w=1200,h=630,f=auto/sites/default/files/Screen%20Shot%202016-01-05%20at%2012.42.41%20AM.jpg"
7-1035,31107000000811,SQUAW CREEK,https://alrimaya.com/image/catalog/product/2357/7-1035%20(3)-2357-thumb.jpg
7-1036,31107000000812,"SQUAW CREEK,CARBON-FIBER INLAY",https://alrimaya.com/image/catalog/product/1243/7-1036-knife-1243-thumb.jpg
7-1037,31107000000813,"CHILL,SERR,LINER LOCK",https://www.euro-knife.com/sub/euro-noze.sk/shop/product/resized/kershaw-chill-2822.thumb_434x516.jpg?51842
7-1038,31107000000814,"NERVE,SERRATED",https://alrimaya.com/image/catalog/product/711/7-1038-knife-711-thumb.jpg
7-1039,31107000000815,"DRONE,SERR SPEEDSAFE",https://cobrashop.com.ua/files/products/Nozh_1960ST_Kershaw_Drone_Serr_Speedsafe_b3375.800x600w.jpg
7-1044,31107000000820,KITCHEN KNIFE OLIVE HANDLE,https://alrimaya.com/image/catalog/product/703/7-1044-knife-703-thumb.jpg
7-1045,31107000000821,N°118 Chef's knife/PARALLELE KITCHEN KNIVES,https://alrimaya.com/image/catalog/product/765/7-1045-765-thumb.png
7-1046,31107000000822,N°120 Carving knife/PARALLELE KITCHEN KNIVES,https://alrimaya.com/image/catalog/SKU:7/7-1046.png
7-1047,31107000000823,N°122 Meat& Poultry knife/PARALLELE KITCHEN KNIVES,https://alrimaya.com/image/catalog/product/713/7-1047-knife-713-thumb.jpg
7-1048,31107000000824,*TW--KOBUN  (Made in TAIWAN),https://alrimaya.com/image/catalog/SKU:7/7-1048-سكين-كولد-استيل-.png
7-1049,31107000000825,"*TW-SHEATH ONLY,HEAVY MACHETE",https://alrimaya.com/image/catalog/product/2509/7-1049%20(4)-min-2509-thumb.jpg
7-1050,31107000000826,*TWTANTO LITE  (Made in TAIWAN),https://alrimaya.com/image/catalog/product/714/7-1050-knife-714-thumb.png
7-1052,31107000000828,*JP-SRK(SURVIVAL RESCUE KNIFE0LEX SLTH,https://alrimaya.com/image/catalog/product/610/7-1052-knife-610-thumb.jpg
7-1053,31107000000829,VAPOR 111,https://bobwards-hyperstatic.appspot.com/w=580-h=580/www.bobwards.com/prodimages/51163-DEFAULT-l.jpg
7-1054,31107000000830,PROGRADE BAIT KNIFE 3.5,https://alrimaya.com/image/catalog/product/2510/7-1054-min-2510-thumb.jpg
7-1055,31107000000831,TWO CAN,https://www.hand-tools.com/images/brands/kershaw/ks1001.jpg
7-1058,7016AK-N,POCKET KNIFE - BLACK,https://alrimaya.com/image/catalog/product/704/7-1058-knife-704-thumb.png
7-1067,31107000000843,KERSHAW,https://alrimaya.com/image/catalog/product/715/7-1067-knife-715-thumb.png
7-1069,001577,OPINEL KNIFE N°08 OUTDOOR ORANGE/001577,https://alrimaya.com/image/cache/catalog/SKU:7/7-1069-(3)-800x800.png
7-1070,31107000000846,RAMBO KNIFE,https://alrimaya.com/image/catalog/SKU:7/7-1070%20(2).png
7-1073,31107000000849,SAN MAI LAREDO BOWIE,https://pics.knifecenter.com/knifecenter/coldsteel/images/16CCBb.jpg
7-1074,31107000000850,"KNIFE,KITCHEN CLASSIC PARING  (DC)",https://alrimaya.com/image/catalog/SKU:7/7-1074.png
7-1077,31107000000853,Professional Electric Knife Diamond Sharpener-220v,https://alrimaya.com/image/catalog/product/718/7-1077-sharbner-718-thumb.jpg
7-1079,31107000000855,KNIVES,https://alrimaya.com/image/catalog/product/2511/7-1079%20(1)-min-2511-thumb.jpg
7-1080,31107000000856,KNIVES,https://i.ibb.co/Vtt31c6/7-1080-2-Large.jpg
7-1081,31107000000857,KNIVES,https://i.ibb.co/c1V9D5W/7-1081-3-Large.jpg
7-1082,31107000000858,KNIVES,https://alrimaya.com/image/catalog/product/2512/7-1082%20(1)-min-2512-thumb.jpg
7-1083,31107000000859,KNIVES,https://alrimaya.com/image/catalog/000/7-1083-(5).jpg
7-1087,31107000000863,KNIVES,https://i.ibb.co/zGXWtgG/7-1087-Large.jpg
7-1089,31107000000865,KNIVES WITH NYLON SHEATH,https://i.ibb.co/0nmhKrk/7-1089-3-Large.jpg
7-1095,31107000000871,KNIVES WITH SHEATH,https://alrimaya.com/image/catalog/product/2513/7-1095%20(1)-min-2513-thumb.jpg
7-1096,31107000000872,KNIVES WITH NYLON SHEATH,https://alrimaya.com/image/catalog/product/719/7-1096-knife-719-thumb.png
7-1097,31107000000873,KNIVES WITH NYLON SHEATH,https://alrimaya.com/image/catalog/SKU:7/7-1097.png
7-1098,31107000000874,KNIVES WITH NYLON SHEATH,https://alrimaya.com/image/catalog/7-1098/7-1098-(4).jpg
7-1100,31107000000876,"4.5"" LOCK BACK, SATIN FINISHED BLADE, ZEBRANO",https://alrimaya.com/image/catalog/product/722/7-1100-knife-722-thumb.jpg
7-1102,31107000000878,SLINNING KNIVE,https://i.ibb.co/Th3djbQ/7-1102-1-Large.jpg
7-1104,31107000000880,"3.25"" OVERALL 4.75"",  KNIFE, ZINK ALLOY HANDLE",https://alrimaya.com/image/catalog/SKU:7/7-1104.png
7-1106,31107000000882,"4.5"" MULTI FUNCTION KNIFE 9PCS  SCREW HEADS",https://alrimaya.com/image/catalog/product/724/7-1106-knife-724-thumb.png
7-1107,31107000000883,"4"" MULTI FUNCTION TOOL,CONVENIENCE-OPEN ALU HANDLE",https://i.ibb.co/CJPH72v/7-1107-1-Large.jpg
7-1108,31107000000884,"4"" LINER LOCK, SATIN FINISHED BLADE,WOOD HANDLE",https://alrimaya.com/image/catalog/product/725/7-1108-knife-725-thumb.jpg
7-1111,31107000000887,KNIFE GRB,https://i.ibb.co/9VMjQgF/7-1111-4-Large.jpg
7-1112,31107000000888,KNIFE GRB,https://alrimaya.com/image/catalog/product/2514/7-1112%20(1)-min-2514-thumb.jpg
7-1113,31107000000889,KNIFE GRB,https://i.ibb.co/pJZmCtq/7-1113-3-Large.jpg
7-1115,31107000000891,KNIFE CLD STL,https://i.ibb.co/wSpgpQZ/7-1115-3-Large.jpg
7-1116,732119000000,STAINLESS STEEL DOUBLE HOOK,https://alrimaya.com/image/catalog/product/1054/Untitled-1%20(1)-1054-thumb.jpg
7-1117,31107000000893,HOOK,https://alrimaya.com/image/catalog/product/726/7-1117%20(2)N-726-thumb.png
7-1121,31107000000897,HEAVY KITCHEN KNIFE,https://alrimaya.com/image/catalog/product/1494/7-1121-(10)-1494-thumb.jpg
7-1122,31122000001326,KNIFE (BUTCHER CHOPPER),https://alrimaya.com/image/catalog/product/1244/7-1122AXE-1244-thumb.jpg
7-1123,31107000000898,3 IN 1 SHARPNER,https://alrimaya.com/image/catalog/product/2359/7-1123%20(2)-2359-thumb.jpg
7-1124,31107000000899,"RECON  SCOUT,SK5 (Made in TAIWAN)",https://alrimaya.com/image/catalog/product/611/7-1124-knife-611-thumb.jpg
7-1125,821410900000,MASERIN MACHETE WOODEN HANDLE,https://alrimaya.com/image/catalog/product/690/7-1125-690-thumb.jpg
7-1126,31107000000901,STEAK KNIFE POM HANDLE,https://alrimaya.com/image/catalog/product/1495/7-1126-1495-thumb.jpg
7-1127,31107000000902,KITCHEN KNIFE POME HANDLE,https://alrimaya.com/image/catalog/product/1483/7-1127-1483-thumb.jpg
7-1128,31107000000903,MASERIN FOLDABLE POCKET KNIFE,https://alrimaya.com/image/catalog/product/1202/7-1128-(1)-1202-thumb.jpg
7-1129,31107000000904,PROFESSIONAL KNIVES  3pcs / SET,https://alrimaya.com/image/catalog/product/754/7-1129-knife-754-thumb.jpg
7-1131,31107000000906,"3.5"" PARING KNIFE",https://alrimaya.com/image/catalog/product/1294/7-1131-knife-1294-thumb.jpg
7-1133,31107000000908,BUTTERFLY KNIFE,https://alrimaya.com/image/catalog/000/7-1133-(4).jpg
7-1134,31107000000909,HUNTING KNIFE WITH NYLON SHEAT,https://alrimaya.com/image/catalog/product/2515/7-1134%20(3)-min-2515-thumb.jpg
7-1135,31107000000910,HUNTING KNIFE WITH NYLON SHEAT,https://i.ibb.co/1nSTTVr/7-1135-1-Large.jpg
7-1140,31107000000915,HUNTING KNIFE WITH NYLON SHEAT,https://alrimaya.com/image/catalog/product/1223/7-1140-(2)-1223-thumb.jpg
7-1141,31107000000916,YELLOW SHARPENER,https://i.ibb.co/L1xm6JV/7-1141-3-Large.jpg
7-1147,31107000000922,FIXED BLADE KNIFE WITH KNIFE SHEATH,https://i.ibb.co/rZNBk4D/7-1147-5-Large.jpg
7-1148,31107000000923,TANTO BLADE 403MM (KNIFE),https://i.ibb.co/MZwjyYr/7-1148-4-Large.jpg
7-1149,31107000000924,TANTO BALDE 300MM (KNIFE),https://alrimaya.com/image/catalog/product/851/7-1149-knife-851-thumb.png
7-1150,31107000000925,MACHETE 427MM (KNIFE),https://alrimaya.com/image/catalog/product/728/7-1150-knife-728-thumb.jpg
7-1151,31107000000926,CERAMIC KNIFE,https://i.ibb.co/rv57YPm/7-1151-1-Large.jpg
7-1153,121040,OPINEL KNIFE N°04 SS/121040,https://alrimaya.com/image/catalog/product/1119/7-1153-knife-1119-thumb.jpg
7-1154,31107000000929,6VRI OLIVIER /6,https://alrimaya.com/image/catalog/product/730/7-1154-knife-730-thumb.png
7-1155,31107000000930,8VRI OLIVIER/6,https://alrimaya.com/image/catalog/product/732/7-1155-knife-732-thumb.png
7-1156,31107000000931,TRADITION 08 CHAPERON,https://alrimaya.com/image/catalog/product/735/7-1156-knife-735-thumb.png
7-1157,31107000000932,COFFRET TABLE ESPRIT SUD (4PCS SET),https://alrimaya.com/image/catalog/ABC-KNIVES/7-1157.jpg
7-1158,31107000000933,CAMP 10,https://alrimaya.com/image/catalog/product/591/7-1158-knife-591-thumb.jpg
7-1159,31107000000934,FIXED BLADE DISKIN HUNTER,https://pics.knifecenter.com/knifecenter/kershaw/images/KS1085_LS1R.jpg
7-1161,31107000000936,COUTEAU A DECOUPER PARALLELE N 120,https://alrimaya.com/image/catalog/7-1161/7-1161-(2).jpg
7-1162,31107000000937,COFFRET TABLE ESPRIT POP,https://i.ibb.co/sFNJ9tg/7-1162-5-Large.jpg
7-1164,31107000000939,HUNTING KNIVES,https://alrimaya.com/image/catalog/product/1159/7-1166-(2)-1159-thumb.jpg
7-1165,31107000000940,HUNTING KNIVES,https://i.ibb.co/XSxR5zV/7-1165-1-Large.jpg
7-1166,31107000000941,HUNTING KNIVES,https://alrimaya.com/image/catalog/000/7-1166-(2).jpg
7-1169,31107000000944,POCKET KNIFE,https://alrimaya.com/image/catalog/SKU:7/7-1169-(1).png
7-1172,31107000000947,POCKET KNIFE,https://alrimaya.com/image/catalog/product/2516/7-1172%20(4)-min-2516-thumb.jpg
7-1173,31107000000948,POCKET KNIFE,https://alrimaya.com/image/catalog/SKU:7/7-1173.png
7-1175,31107000000950,POCKET KNIFE,https://alrimaya.com/image/catalog/product/2517/7-1175%20(8)-min-2517-thumb.jpg
7-1177,31107000000952,KNIFE,https://alrimaya.com/image/catalog/product/740/7-1177-knife-740-thumb.png
7-1178,31107000000953,KNIFE,https://alrimaya.com/image/catalog/product/745/7-1178-knife-745-thumb.png
7-1179,31107000000954,ELECTRIC DIAMOND KNIFE SHAPENER,https://alrimaya.com/image/catalog/SKU:7/7-1179-(2).png
7-1180,31107000000955,KNIFE WITH WOOD CUTTING PAD,https://alrimaya.com/image/catalog/product/852/7-1180-knife-852-thumb.png
7-1181,31107000000956,KNIFE WITH HANDLE,https://i.ibb.co/P4JG8f9/7-1181-2.jpg
7-1186,31107000000961,CAMP 14 - CHINA,https://alrimaya.com/image/catalog/product/612/7-1186-knife-612-thumb.jpg
7-1187,31107000000962,DIMENSION - CHINA,https://m.media-amazon.com/images/I/414cduw3a7L._AC_.jpg
7-1188,31107000000963,INJECTION 3.0 - CHINA,https://www.knivesplus.com/media/KE-3820.jpg
7-1189,31107000000964,INJECTION 3.5 - CHINA,https://www.knivesplus.com/media/KE-3830.jpg
7-1190,31107000000965,EMERSON CQC-3K- CHINA,https://www.knivesplus.com/media/KE-6014TBLK.jpg
7-1191,31107000000966,EMERSON CQC-2K - CHINA,https://www.knivesplus.com/media/KE-6024BLK.jpg
7-1192,31107000000967,7VRI BOUT ROUND NATUREL EN DISPLAY / 6,https://alrimaya.com/image/catalog/SKU:7/7-1192-(3).jpg
7-1193,31107000000968,PRESENT BAROUD ACID + NATUREL,https://alrimaya.com/image/catalog/SKU:7/7-1193-سكين-اوبينال-ملون.png
7-1194,31107000000969,COFFRET COLLECT 10 CTX INOX N2 A N12,https://alrimaya.com/image/catalog/product/1044/7-1194-knife-1044-thumb.jpg
7-1195,001838,OPINEL KNFIE COFFRET TRIO PARALLELE/001838,https://alrimaya.com/image/catalog/product/734/7-1195-knife-734-thumb.jpg
7-1196,001792,OPINEL KNIFE N°09 BRICOLAGE GRIS/001792,https://alrimaya.com/image/catalog/product/737/7-1196-knife-737-thumb.jpg
7-1197,31107000000972,X-KNIFE  8' CHEF KNIFE,https://i.ibb.co/r2wCgcJ/7-1197-1-Large.jpg
7-1200,31107000000975,KNIFE,https://i.ibb.co/87K251W/7-1200-2-Large.jpg
7-1201,31107000000976,KNIFE,https://alrimaya.com/image/catalog/product/854/7-1201-knife-854-thumb.jpg
7-1203,31107000000978,VICTORY WIDE BONING KNIVES,https://alrimaya.com/image/catalog/product/613/7-1203-(2)-613-thumb.jpg
7-1204,31107000000979,VICTORY CURVED BONING KNIVES,https://alrimaya.com/image/catalog/ABC-KNIVES/7-1204.jpg
7-1205,31107000000980,VICTORY TUNA KNIVES,https://alrimaya.com/image/catalog/SKU:7/-فكتوري-7-1205.png
7-1206,31107000000981,VICTORY NARROW CURVED BONER,https://alrimaya.com/image/catalog/SKU:7/7-1206-(20).png
7-1208,31107000000983,CHEF PARALLELE N118,https://alrimaya.com/image/catalog/product/1454/7-1208-kinfe-1454-thumb.jpg
7-1209,31107000000984,COUTEAU VIANDE VOLAILLE PARALLELE N°122,https://alrimaya.com/image/catalog/product/742/7-1209-knife-742-thumb.jpg
7-1210,31107000000985,ROACH BELLY BLISTER PACK,https://alrimaya.com/image/catalog/product/1201/7-1210-(5)-1201-thumb.jpg
7-1211,31107000000986,LTHERNECK TANTO D2,https://alrimaya.com/image/catalog/product/743/7-1211-knife-743-thumb.jpg
7-1212,31107000000987,"PARING KNIFE, NEW HANDLE FINISH",https://alrimaya.com/image/catalog/product/844/7-1212-(1)-844-thumb.jpg
7-1213,31107000000988,"RAJAH II, BD1",https://alrimaya.com/image/catalog/16-4-2018/7-1213-(2).jpg
7-1214,31107000000989,"POCKET BUSHMAN, CLAM PACKED",https://alrimaya.com/image/catalog/product/2360/7-1214%20(2)-2360-thumb.jpg
7-1216,31107000000991,Black butterfly knife with color box,https://i.ibb.co/gDNLN4Y/7-1216-3-Large.jpg
7-1217,31107000000992,Butterfly knife with color box,https://alrimaya.com/image/catalog/product/1245/7-1217-knife-1245-thumb.jpg
7-1218,31107000000993,Black butterfly knife with color box,https://alrimaya.com/image/catalog/product/1246/7-1218-knife-1246-thumb.jpg
7-1222,31107000000997,Hunting knife with fire starter with Kydex sheath,https://i.ibb.co/YptTTvZ/7-1222-2-Large.jpg
7-1223,31107000000998,"knife w/camo G10handle 420blade,24cm w.pouch",https://i.ibb.co/f8DdHXy/7-1223-4-Large.jpg
7-1224,31107000000999,"Folding knife w/ orrange G10 handle 440 blade,",https://alrimaya.com/image/catalog/product/1248/7-1224-knife-1248-thumb.jpg
7-1225,31107000001000,"Folding knife black G10 handle 420 blade,w/pouch",https://i.ibb.co/fCxjvw4/7-1225-3-Large.jpg
7-1226,31107000001001,"knife w/redG10 handle , Stone blade 19cm W. pouch",https://i.ibb.co/09qjHg5/7-1226-3-Large.jpg
7-1228,31107000001003,cleaver,https://alrimaya.com/image/catalog/product/845/7-1228-845-thumb.jpg
7-1229,31107000001004,British bayonet w. plastic  and nylone sheath 28cm,https://alrimaya.com/image/catalog/product/1161/7-1229-knife-1161-thumb.jpg
7-1231,31107000001006,VICTORY SHEEPSKINNING KNIVES,https://alrimaya.com/image/catalog/SKU:7/7-1231-(20).png
7-1233,31107000001008,FISHING KNIFE SET,https://alrimaya.com/image/catalog/product/755/7-1233-knife-755-thumb.jpg
7-1234,31107000001009,KITCHEN KNIFE COLTELLO DISOSSO CM. 13,https://alrimaya.com/image/catalog/product/756/7-1234-knife-756-thumb.jpg
7-1235,31107000001010,KITCHEN KNIFE ARROSTO CM. 16,https://alrimaya.com/image/catalog/product/757/7-1235-knife-757-thumb.jpg
7-1236,31107000001011,KITCHEN KNIFE CUCINA CM.18,https://alrimaya.com/image/catalog/product/758/7-1236-knife-758-thumb.jpg
7-1237,001744,OPINEL KITCHEN KNIFE+FINGER GUARD/001744,https://alrimaya.com/image/catalog/SKU:7/7-1237p2سكين-اوبينال.png
7-1238,31107000001013,SHARPENING STONES 10CM,https://alrimaya.com/image/catalog/product/2518/7-1238%20(3)-min-2518-thumb.jpg
7-1239,001974,OPINEL KNIFE N°12 EXPLORE KHAKI+ORANGE/001974,https://alrimaya.com/image/catalog/SKU:7/7-1239-سكين-اوبينال.png
7-1240,31107000001015,STIFF BONING KNIFE-BLISTER - TAIWAN,https://alrimaya.com/image/catalog/product/748/7-1240-knife-748-thumb.jpg
7-1241,31107000001016,FLEXIBLE CURVED BONING-BLISTER- TAIWAN,https://alrimaya.com/image/catalog/product/749/7-1241-knife-749-thumb.jpg
7-1242,31107000001017,CLEAVER-BLISTER- TAIWAN,https://alrimaya.com/image/catalog/product/751/7-1242-751-thumb.jpg
7-1243,31107000001018,PARING KNIFE BLISTER- TAIWAN,https://alrimaya.com/image/catalog/product/752/7-1243-knife-752-thumb.jpg
7-1244,31107000001019,WESTERN HUNTER W/SHEATH- TAIWAN,https://alrimaya.com/image/catalog/product/753/7-1244-knife-753-thumb.jpg
7-1246,31107000001021,SHEATH XL BLUE /2,https://m.media-amazon.com/images/I/91gxrrMvQDL._AC_SL1500_.jpg
7-1247,31107000001022,TUFF LITE LARGE PLAIN EDGE-TAIWAN,https://alrimaya.com/image/catalog/1new_product/7-1247-(12).jpg
7-1248,31107000001023,SWIFT I-TAIWAN,https://alrimaya.com/image/catalog/1new_product/7-1248-(6).jpg
7-1249,31107000001024,TI-LITE ZY-EX HANDLE CLAM PACK-TAIWAN,https://alrimaya.com/image/catalog/1new_product/7-1249-(3).jpg
7-1250,31107000001025,MICRO RECON 1 SPEAR POINT / 27TDS,https://alrimaya.com/image/catalog/1new_product/7-1250-(4).jpg
7-1251,CS-29AC,COLD STEEL/LARGE VOYAGER CLIP POINT PLAIN EDGE/29A,https://alrimaya.com/image/catalog/1new_product/7-1251-(4).jpg
7-1252,31107000001027,"NATCHEZ BOWIE, 0-1, MICARTA HANDLE-TAIWAN",https://alrimaya.com/image/catalog/1new_product/7-1252-(7).jpg
7-1253,31107000001028,"SURVIVAL EDGE (BLACK), BLISTER PACK-TAIWAN",https://alrimaya.com/image/catalog/1new_product/7-1253-(13).jpg
7-1254,31107000001029,TRUE FLIGHT THROWER/W SHEATH CLAMPACK-CHINA,https://alrimaya.com/image/catalog/1new_product/7-1254-(5).jpg
7-1255,31107000001030,AXE GANG HATCHET-TAIWAN,https://alrimaya.com/image/catalog/1new_product/7-1255-(1).jpg
7-1256,31107000001031,TRAIL BOSS-CHINA,https://alrimaya.com/image/catalog/1new_product/7-1256-(7).jpg
7-1257,31107000001032,SPECIAL FORCES SHOVEL-TAIWAN,https://alrimaya.com/image/catalog/1new_product/7-1257-(4).jpg
7-1258,31107000001033,BLACK BEAR BROWIE / 97SMBWZ,https://alrimaya.com/image/catalog/1new_product/7-1258-(6).jpg
7-1259,732119000000,STAINLESS STEEL HOOK ROUND,https://alrimaya.com/image/catalog/0001/7-1259-(2).jpg
7-1260,31107000001035,"POCKET KNIFE,JUNIPER WOOD,ART NOUVEAU",https://www.deejo.com/medias/produits/2513928149/21177_452-deejo-37g-juniper-wood-art-nouveau.jpg
7-1261,31107000001036,"POCKET KNIFE,JUNIPER WOOD,FISH",https://www.deejo.com/medias/produits/215887471/21184_452-deejo-37g-juniper-wood-fish.jpg
7-1262,31107000001037,"POCKET KNIFE,ROSEWOOD,WING",https://pics.knifecenter.com/knifecenter/deejo/images/DEE1CB016tb.jpg
7-1263,31107000001038,"POCKET KNIFE,ROSEWOOD,CHERRY BLOSSOM",https://pics.knifecenter.com/knifecenter/deejo/images/DEE1CB017tb.jpg
7-1264,31107000001039,"POCKET KNIFE,GRENADILLA WOOD, BIKER",https://brusnekameny.cz/4462-thickbox_default/1cb018-deejo-tattoo-biker-37g-grenadilla.jpg
7-1265,31107000001040,"POCKET KNIFE,JUNIPER WOOD, TRIBAL",https://alrimaya.com/image/catalog/product/1192/7-1265-knife-1192-thumb.jpg
7-1266,31107000001041,POCKET KNIFE GRENADILLA WOOD LATINO SKULL,https://brusnekameny.cz/4470-thickbox_default/1cb021-deejo-tattoo-latino-skull-37g-granadilla.jpg
7-1267,31107000001042,"POCKET KNIFE, ROSEWOOD,TREE",https://pics.knifecenter.com/knifecenter/deejo/images/DEE1CB022ta.jpg
7-1268,31107000001043,"KNIFE ,CLIMBING",https://brusnekameny.cz/3491-thickbox_default/1cb031-deejo-tattoo-climbing-37g-juniper.jpg
7-1269,31107000001044,"POCKET KNIFE, JUNIPER WOOD, WATCHMAKER",https://alrimaya.com/image/catalog/product/1196/7-1269-(3)-1196-thumb.jpg
7-1270,31107000001045,"POCKET KNIFE, JUNIPER WOOD, PHEASANT",https://brusnekameny.cz/3497-thickbox_default/1cb038-deejo-tattoo-pheasant-37g-juniper.jpg
7-1271,31107000001046,"KNIFE , TOPOGRAPHY",https://pics.knifecenter.com/knifecenter/deejo/images/DEE1CN010_3.jpg
7-1272,31107000001047,"POCKET KNIFE, ROSEWOOD, WOLF",https://brusnekameny.cz/4509-thickbox_default/1gb100-deejo-tattoo-wolf-37g-rosewood.jpg
7-1273,31107000001048,"KNIFE, FEATHER",https://brusnekameny.cz/4525-thickbox_default/1gb102-deejo-tattoo-feather-37g-rosewood.jpg
7-1274,31107000001049,"KNIFE,1920",https://alrimaya.com/image/catalog/product/1185/7-1274-(1)-1185-thumb.jpg
7-1275,31107000001050,"KNIFE, ART, DECO",https://alrimaya.com/image/catalog/product/1200/7-1275-(1)-1200-thumb.jpg
7-1277,31107000001052,"KNIFE ,JAPANESE DRAGON",https://brusnekameny.cz/4540-thickbox_default/1gb107-deejo-tattoo-japanese-dragon-37g-granadilla.jpg
7-1278,31107000001053,"KNIFE, EAGLE",https://brusnekameny.cz/4543-thickbox_default/1gb108-deejo-tattoo-eagle-37g-juniper.jpg
7-1279,31107000001054,"KNIFE,WAVE",https://alrimaya.com/image/catalog/product/1183/7-1274-(6)-1183-thumb.jpg
7-1280,31107000001055,"KNIFE, GALLEON",https://alrimaya.com/image/catalog/product/1197/7-1280-(1)-1197-thumb.jpg
7-1281,31107000001056,"POCKET KNIFE, ROSEWOOD, THE FLIGHT",https://alrimaya.com/image/catalog/product/1186/7-1281-knife-1186-thumb.jpg
7-1282,31107000001057,KNIFE DEER,https://brusnekameny.cz/3511-thickbox_default/1gb123-deejo-tattoo-deer-37g-grenadilla.jpg
7-1283,31107000001058,"KNIFE, CARBON FIBER, WATCHMAKER",https://brusnekameny.cz/4570-thickbox_default/1gc010-deejo-tattoo-watchmaker-37g-composite.jpg
7-1285,31107000001060,BUTCHER KNIFE 170 MM. P HEALTH ATLANTICO,https://alrimaya.com/image/catalog/product/1501/7-1285-2-min-1501-thumb.jpg
7-1286,240235,ARCOS BUTCHER KNIFE 180 MM - 240235,https://alrimaya.com/image/catalog/product/1496/7-1286-2-min-1496-thumb.jpg
7-1287,31107000001062,BONNING KNIFE YELLOW CURVED 140 MM D.SLEEVE - 2900,https://alrimaya.com/image/catalog/product/1502/7-1287-(5)-1502-thumb.jpg
7-1288,31107000001063,BUSHMAN,https://alrimaya.com/image/cache/catalog/product/2361/7-1288%20(3)-2361-thumb-800x800.jpg
7-1289,31107000001064,BOWIE BLADE BUSHMAN,https://m.media-amazon.com/images/I/71fSAzAtRJL._AC_SL1500_.jpg
7-1290,31107000001065,TANTO MACHETE,https://alrimaya.com/image/catalog/product/1504/7-1290-(7)-1504-thumb.jpg
7-1291,31107000001066,VICTORY SHEEPSKINNING KNIVES,https://alrimaya.com/image/catalog/product/1472/7-1291-(6)-1472-thumb.jpg
7-1292,31107000001067,VICTORY CURVED BONING KNIVES,https://alrimaya.com/image/catalog/product/1473/7-1292-(8)-1473-thumb.jpg
7-1293,31107000001068,MACHETE WOODEN HANDLE CM 50,https://alrimaya.com/image/catalog/product/1500/7-1293-knife-1500-thumb.jpg
7-1294,31107000001069,GYUTOU 180MM W/PLYWOOD HANDLE,https://alrimaya.com/image/catalog/product/1521/7-1294-knife-1521-thumb.jpg
7-1295,31107000001070,SANTOKU 165MM W/PLYWOOD HANDLE,https://alrimaya.com/image/catalog/product/1522/7-1295-knife-1522-thumb.jpg
7-1296,31107000001071,Petty 120mm w/Plywood handle,https://alrimaya.com/image/catalog/product/1523/7-1296-1523-thumb.jpg
7-1297,31107000001072,KITCHEN KNIVES PIONEER,https://alrimaya.com/image/catalog/product/1474/7-1297-(8)-1474-thumb.jpg
7-1298,31107000001073,KITCHEN KNIVES JUNAK,https://alrimaya.com/image/catalog/product/1475/7-1298-(7)-1475-thumb.jpg
7-1299,31107000001074,PROFESSIONAL HIGH-GRADE ELECTRIC KNIFE SHARPENER,https://alrimaya.com/image/catalog/product/1770/7-1299-(8)-1770-thumb.jpg
7-1300,31107000001075,KNIFE BAG PVC,https://alrimaya.com/image/cache/catalog/product/1513/02%20(2)-1513-thumb-800x800.jpg
7-1301,31107000001076,KITCHEN K. 155 MM. P. SHEATH - ATLANTICO,https://alrimaya.com/image/catalog/product/1493/7-1301-(4)-1493-thumb.jpg
7-1302,31107000001077,SKINNING K. YELLOW 160 MM. D. SLEEVE - 2900,https://alrimaya.com/image/catalog/product/1497/7-1302-(4)-1497-thumb.jpg
7-1303,31107000001078,COLOSSUS II,https://www.knivesplus.com/media/CS-28DWB.jpg
7-1304,31107000001079,GardenSharp - Regular,https://alrimaya.com/image/catalog/product/1509/no-code-3-(10)-1509-thumb.jpg
7-1305,040C,KNIFE AND TOOL SHARPENER/BLACK+SILVER,https://alrimaya.com/image/catalog/product/1508/no-code-2-(3)-1508-thumb.jpg
7-1306,31107000001081,AccuSharp Orange 4 in 1 Knife and Tool Sharpener,https://alrimaya.com/image/cache/catalog/product/1510/no-code-4-(1)-1510-thumb-800x800.jpg
7-1307,31107000001082,"AccuSharp 9"" Diamond Butcher Steel",https://alrimaya.com/image/catalog/product/1511/no-code-5-(1)-1511-thumb.jpg
7-1308,31107000001083,AccuSharp Pull Through Sharpener-Black/Gray,https://alrimaya.com/image/catalog/product/1507/no-code-1-(2)-1507-thumb.jpg
7-1309,31107000001084,ParaForce - MultiTool Set - 18 pc,https://alrimaya.com/image/catalog/product/1516/7-1309-tool-1516-thumb.jpg
7-1310,31107000001085,ParaForce - Lock Back Knife ,https://alrimaya.com/image/catalog/product/1515/7-1310-knife-1515-thumb.jpg
7-1311,31107000001086,BAG FOR KNIFE,https://alrimaya.com/image/cache/catalog/product/1524/7-1311%20(1)-1524-thumb-800x800.jpg
7-1312,001523,OPINEL KNIFE N°04 KEYRING/001523,https://alrimaya.com/image/catalog/product/1662/7-1312-(2)-1662-thumb.jpg
7-1313,002278,OPINEL KNIFE N°02 KEYRING/002278,https://alrimaya.com/image/catalog/product/2362/7-1313%20(1)-2362-thumb.jpg
7-1314,002279,OPINEL KNIFE N°04 KEYRING/002279,https://alrimaya.com/image/cache/catalog/product/2364/7-1314%20(5)-2364-thumb-800x800.jpg
7-1315,113110,OPINEL KNIFE N°10 PRUNING/113110,https://alrimaya.com/image/catalog/product/1606/7-1315-(2)-1606-thumb.jpg
7-1316,31107000001091,SCIE FERMANTE 18 (BLADE MADE IN SOUTH KOREA),https://m.media-amazon.com/images/I/41u-veRRRhL._AC_SL1200_.jpg
7-1317,31107000001092,MULTI FUNCTION KNIFE DISCOVERY 15IN1,https://alrimaya.com/image/catalog/product/2007/7-1317-(2)-min-2007-thumb.jpg
7-1318,31107000001093,MULTI FUNCTION KNIFE DISCOVERY 9IN1,https://alrimaya.com/image/catalog/product/2008/7-1318-(2)-min-2008-thumb.jpg
7-1320,31107000001095,Knife 7/1320,https://m.media-amazon.com/images/I/61mKdkV20+L._AC_SL1500_.jpg
7-1321,31107000001096,N°06 CHAPERON,https://aldis.matkamaailm.ee/large/13236
7-1322,31107000001097,AL RIMAYA MULTI TOOL KNIFE,https://alrimaya.com/image/catalog/product/2272/7-1322-min-2272-thumb.jpg
7-1323,001540,OPINEL SHARPENING STONE 24CM/001540,https://alrimaya.com/image/catalog/product/1607/7-1323-(3)-1607-thumb.jpg
7-1324,002172,OPINEL KNIFE N°08 BLACK OAK/002172,https://alrimaya.com/image/catalog/product/1608/7-1324-(3)-1608-thumb.jpg
7-1325,002126,OPINEL KNIFE N°119 SANTOKU/002126,https://alrimaya.com/image/catalog/product/1609/7-1325-(2)-1609-thumb.jpg
7-1326,7-1326,STAINLESS STEEL OUTDOOR KNIFE W/ COVER BLACK,https://alrimaya.com/image/catalog/product/1859/7-1326-1859-thumb.jpg
7-1327,7-1327,STAINLESS STEEL OUTDOOR KNIFE W/ COVER ORANGE,https://alrimaya.com/image/catalog/product/1860/7-1327--1860-thumb.jpg
7-1328,7-1328,STAINLESS STEEL OUTDOOR KNIFE W/ COVER GREEN,https://alrimaya.com/image/catalog/product/2009/7-1328-(6)-min-2009-thumb.jpg
7-1329,243835,ARCOS SKINNING KNIFE 160 MM - 243835,https://alrimaya.com/image/catalog/product/1718/7-1329-(2)-1718-thumb.jpg
7-1330,242235,ARCOS BONING KNIFE CURVED 140 MM - 242235,https://alrimaya.com/image/catalog/product/1719/7-1330-(2)-1719-thumb.jpg
7-1331,CS-28E,COLD STEEL/GRIK/28E,https://alrimaya.com/image/catalog/product/1794/7-1331-1794-thumb.jpg
7-1332,31107000001104,COUNTER POINT,https://alrimaya.com/image/catalog/product/1795/7-1332-1795-thumb.jpg
7-1333,CS-20NQL,COLD STEEL/MEDIUM LUZON/20NQL,https://alrimaya.com/image/catalog/product/1796/7-1333-1796-thumb.jpg
7-1334,31107000001106,MEDIUM WARCRAFT TANTO,https://alrimaya.com/image/catalog/product/1797/7-1334-1797-thumb.jpg
7-1335,31107000001107,SWIFT II,https://alrimaya.com/image/catalog/product/1798/7-1335-1798-thumb.jpg
7-1336,31107000001108,DROP FORGED HUNTER,https://alrimaya.com/image/catalog/product/1799/7-1336-1799-thumb.jpg
7-1337,31107000001109,DROP FORGED BOWIE,https://alrimaya.com/image/catalog/product/1800/7-1337-1800-thumb.jpg
7-1338,31107000001110,MINI TAC SKINNER,https://alrimaya.com/image/catalog/product/1801/7-1338-1801-thumb.jpg
7-1339,31107000001111,BROKENN SKULL V (GREY),https://alrimaya.com/image/catalog/product/1802/7-1339-1802-thumb.jpg
7-1340,31107000001112,"5 1/2"" PARADOX",https://alrimaya.com/image/catalog/product/1803/7-1340-1803-thumb.jpeg
7-1341,31107000001113,"RECON 1 CLIP POINT 50/50 EDGE, XHP W/CLAM",https://alrimaya.com/image/catalog/product/1804/7-1341-1804-thumb.jpg
7-1342,31107000001114,COLD STEEL MINI TAC TANTO,https://alrimaya.com/image/catalog/product/1805/7-1342-1805-thumb.jpg
7-1343,850980300000,COMPACT ELECTRIC KNIFE SHARPENER,https://alrimaya.com/image/catalog/product/1861/7-1343-2-1861-thumb.jpg
7-1344,850980300000,DIAMOND EDGE ELECTRIC KNIFE SHARPENER,https://alrimaya.com/image/catalog/product/1862/7-1344-2-1862-thumb.jpg
7-1345,,CHOPPER KNIFE ساطور من الرماية,https://alrimaya.com/image/catalog/product/2010/7-1345-(1)-min-2010-thumb.jpg
7-1346,820570000000,MULTI TOOL KNIFE,https://alrimaya.com/image/catalog/product/2459/7-1346 (5)-min-2459-thumb.jpg
7-1347,7-1347,MULTI TOOL KNIFE 7 x 3.1 x 1.6 CM,https://alrimaya.com/image/catalog/product/2363/7-1347%20(4)-2363-thumb.jpg
7-1348,7-1348,MULTI TOOL KNIFE,https://alrimaya.com/image/catalog/product/2124/7-1348-(2)-min-2124-thumb.jpg
7-1349,7-1349,RECON TANTO IN SK-5 سكين كولد ستيل ركون  7/1349,https://cdn11.bigcommerce.com/s-99kn4fj7jr/images/stencil/1280x1280/products/536/786/49LRT_1__41304.1607300827.jpg?c=1
7-1350,7-1350,AL RIMAYA KNIFE SET 6PCS,https://alrimaya.com/image/catalog/product/1944/01010-1944-thumb.jpg
7-1351,7-1351,SANTOKU K. GRANTON EDGE 185 MM. CASE KYOTO سكين ار,https://alrimaya.com/image/catalog/product/1951/7-1351%201000-1951-thumb.jpg
7-1352,7-1352,BUTCHER KNIFE 175 MM. CASE - UNIVERSAL,https://alrimaya.com/image/catalog/product/1952/7-1352%201000-1952-thumb.jpg
7-1353,7-1353,BUTCHER KNIFE 150 MM. CASE - UNIVERSAL,https://alrimaya.com/image/catalog/product/1953/7-1353%201000-1953-thumb.jpg
7-1354,821490100000,ARCOS CLEAVER YELLOW HOLE 220 MM - 296703,https://alrimaya.com/image/catalog/product/1955/00-1955-thumb.jpg
7-1355,241835,ARCOS SKINNING KNIFE 100 MM - 241835,https://alrimaya.com/image/catalog/product/1956/01-1956-thumb.jpg
7-1356,287703,ARCOS CLEAVER KNIFE 350 MM. WITH COVER - 287703,https://alrimaya.com/image/catalog/product/1957/0000-1957-thumb.jpg
7-1357,821410900000,NECKLACE KNIFE 10CM,https://alrimaya.com/image/catalog/product/2446/7-1357-min-2446-thumb.jpg
7-1358,002177,OPINEL KNIFE NOMAD COOKING KIT/002177,https://alrimaya.com/image/catalog/product/2365/7-1358%20(1)-2365-thumb.jpg
7-1359,001703,OPINEL KNIFE N°08 TREKKING KHAKI/001703,https://m.media-amazon.com/images/I/51UwLBcQAoL._AC_SL1024_.jpg
7-1360,002212,OPINEL KNIFE N°08 TREKKING DARK BLUE/002212 ,https://cdn.shopify.com/s/files/1/0609/8295/2109/products/No.8VRIDB_1080x_dd89bfea-b1d7-48d3-9cab-863afc1e420f_640x.webp?v=1660087665
7-1361,002211,OPINEL KNIFE N°08 TREKKING/002211,https://alrimaya.com/image/catalog/product/2460/7-1361%20(2)-min-2460-thumb.jpg
7-1362,002186,OPINEL KINFE N°08 SS ENGRAVING/002186 ,https://alrimaya.com/image/catalog/product/2461/7-1362%20(4)-min-2461-thumb.jpg
7-1363,002335,سكين اوبينال خشب منقوش بشكل كلب و طير مقاس 8 طول ا,https://alrimaya.com/image/catalog/product/2366/7-1363%20(1)-2366-thumb.jpg
7-1364,002332,OPINEL KNIFE N˚08 ANIMALIA DEER/002332,https://alrimaya.com/image/catalog/product/2367/7-1364%20(1)-2367-thumb.jpg
7-1365,002333,سكين اوبينال خشب منقوش بشكل ارنب مقاس 8 طول النصل ,https://alrimaya.com/image/catalog/product/2368/7-1365%20(1)-2368-thumb.jpg
7-1366,002336,OPINEL KNIFE N˚08 ANIMALIA CHAMOIS/002336,https://alrimaya.com/image/catalog/product/2369/7-1366%20(1)-2369-thumb.jpg
7-1367,7-1367,سكين اوبينال تور دي فرانس سب لاين 2019 مقاس 8 طول ,https://www.knifepark.com/7312-large_default/opinel-n08-tour-de-france-inox-sublime-2019.jpg
7-1370,7-1370,"ACCUSHARP 14"" BUTCHER STEEL",https://alrimaya.com/image/catalog/product/2047/7-1370-(1)-min-2047-thumb.jpg
7-1371,7-1371,"ACCUSHARP 14"" DIAMOND BUTCHER STEEL",https://alrimaya.com/image/catalog/product/2046/7-1371-(1)-min-2046-thumb.jpg
7-1372,KMTK-03-R7,DOOHICKEY® KEY CHAIN KNIFE - BLUE / KMTK-03-R7,https://www.nite-ize.eu/wol_pl_Nite-Ize-DoohicKey-Key-Chain-Knife-Blue-KMTK-03-R7-19372_3.jpg
7-1373,KMTC-08-R7,DOOHICKEY® KEY CHAIN HOOK KNIFE-OLIVE / KMTC-08-R7,https://alrimaya.com/image/catalog/product/2836/7-1373 (1)-min-2836-thumb.jpg
7-1374,KMTC-19-R7,DOOHICKEY® KEY CHAIN HOOK KNIFE-ORANGE/ KMTC-19-R7,https://m.media-amazon.com/images/I/71XmiYweNOL._SL1500_.jpg
7-1375,,Compact Pull Through-Blue 080C,https://alrimaya.com/image/catalog/product/2048/7-1375-(1)-min-2048-thumb.jpg
7-1376,728C,ACCUSHARP HUNTERS PROCESSING KIT ,https://alrimaya.com/image/catalog/product/2057/7-1376-(2)-min-2057-thumb.jpg
7-1377,7-1377,POLICE KNIFE N690-G10 BLACK HANDLE - 680/G10N,https://alrimaya.com/image/catalog/product/2148/7-1377-(4)-min-2148-thumb.jpg
7-1378,7-1378,NIMROD KNIFE CM.22-M390 STEEL CARBON - 480/CN,https://alrimaya.com/image/catalog/product/2149/7-1378-(1)-min-2149-thumb.jpg
7-1379,7-1379,NIMROD KNIFE M390 CM.22 DESERT MIC - 480/MD,https://alrimaya.com/image/catalog/product/2150/7-1379-(1)-min-2150-thumb.jpg
7-1380,7-1380,AM4 KNIFE M390 CM.22 CARB/OLIVE HD - 376/OL,https://alrimaya.com/image/catalog/product/2151/7-1380-(1)-min-2151-thumb.jpg
7-1381,7-1381,AM5 SPORT KNIFE M390 BLACK MAPLE CARB. - 375/RN,https://alrimaya.com/image/catalog/product/2152/7-1381-(4)-min-2152-thumb.jpg
7-1382,7-1382,AM5 SPORT KNIFE M390 BLUE MAPLE CARB - 375/RB,https://i.ibb.co/3R3KzMk/7-1382.jpg
7-1383,7-1383,AM5 SPORT KNIFE M390 RED MAPLE CARB - 375/RR,https://assets.katogroup.eu/i/katogroup/ME-375-RR_01_maserin?%24product-image%24=&fmt=auto
7-1384,7-1384,CONSOLI KNIFE WOODEN HANDLE CM.17 (GREEN) - 402/RV,https://alrimaya.com/image/catalog/product/2153/7-1384-(1)-min-2153-thumb.jpg
7-1385,7-1385,CONSOLI KNIFE WOODEN HANDLE CM.17 (BLACK) - 402/RN,https://z.nooncdn.com/products/tr:n-t_400/v1598366297/N39958469A_1.jpg
7-1386,7-1386,FIXED KNIFE G10 BLACK HANDLE CM.21 - 986/MC,https://alrimaya.com/image/catalog/product/2154/7-1386-(4)-min-2154-thumb.jpg
7-1387,7-1387,FIXED KNIFE - 982/LG,https://alrimaya.com/image/catalog/product/2155/7-1387-(4)-min-2155-thumb.jpg
7-1388,7-1388,FIXED KNIFE - 982/OL,https://www.target-softair.com/inc/scripts/thumb.php?bg=ffffff&w=1000&h=1000&img=http%3A%2F%2Fadmin.abc.sm%2Fupload%2F2365%2Fcatalogodinamico%2Fprodotti%2Fimg_866753_10313721850.jpg
7-1389,7-1389,MINATURE KNIFE- WOOD HANDLE - 707/LG,https://alrimaya.com/image/catalog/product/2172/7-1389-(1)-min-2172-thumb.jpg
7-1390,7-1390,MULTI TOOL 15 FUNCTIONS,https://alrimaya.com/image/catalog/product/2280/7-1390%20(4)-min-2280-thumb.jpg
7-1391,821410900000,HUNTING KNIFE 4CM,https://alrimaya.com/image/catalog/product/2296/7-1391%20(5)-min-2296-thumb.jpg
7-1392,821410900000,NECKLACE KNIFE 8CM,https://alrimaya.com/image/catalog/product/2293/7-1392%20(1)-min-2293-thumb.jpg
7-1393,821410900000,NECKLACE KNIFE 8CM,https://alrimaya.com/image/catalog/product/2294/7-1393%20(1)-min-2294-thumb.jpg
7-1394,7-1394,AK-47 S35VN - 58M,https://alrimaya.com/image/catalog/product/2171/7-1394-(1)-min-2171-thumb.jpg
7-1395,7-1395,AD-10 - 28DD,https://alrimaya.com/image/catalog/product/2170/7-1395-(1)-min-2170-thumb.jpg
7-1396,7-1396,STEVE AUSTIN'S WORKING MAN-OD GREEN - 54NVG,https://alrimaya.com/image/catalog/product/2156/7-1396-(1)-min-2156-thumb.jpg
7-1397,7-1397,BROKEN SKULL II / 54S2A ( COYOTE TAN ),https://alrimaya.com/image/catalog/product/2893/7-1397-(2)-min-2157-thumb-2893-thumb.jpg
7-1398,7-1398,BROKEN SKULL III / 54S3A ( OD GREEN),https://alrimaya.com/image/catalog/product/2157/7-1398-(2)-min-2157-thumb-2157-thumb.jpg
7-1399,7-1399,BROKEN SKULL IV (BLUE) - 54S4A,https://alrimaya.com/image/catalog/product/2894/7-1399-(2)-min-2157-thumb-2894-thumb.jpg
7-1400,7-1400,BROKEN SKULL I (ORANGE) - 54SBOR,https://alrimaya.com/image/catalog/product/2895/7-1400-(1)-min-2157-thumb-2895-thumb.jpg
7-1401,7-1401,Cold Steel Knife KHAN - 54T,https://alrimaya.com/image/catalog/product/2158/7-1401-(1)-min-2158-thumb.jpg
7-1402,7-1402,LUCKY ONE - 54VPM,https://alrimaya.com/image/catalog/product/2169/7-1402-(1)-min-2169-thumb.jpg
7-1403,7-1403,"IMMORTAL, COYOTE TAN HANDLE, S35VN - 23HVB",https://alrimaya.com/image/catalog/product/2159/7-1403-(1)-min-2159-thumb.jpg
7-1404,7-1404,"IMMORTAL, OD GREEN HANDLE-S35VN - 23HVG",https://pics.knifecenter.com/knifecenter/coldsteel/images/CS23HVGnn.jpg
7-1405,7-1405,NIGHT FORCE - 63NF,https://pics.knifecenter.com/knifecenter/coldsteel/images/CS63NFt.jpg
7-1406,7-1406,LEATHERMAN SURGE - 830167,https://alrimaya.com/image/catalog/product/2167/7-1406-(1)-2167-thumb.jpg
7-1407,7-1407,LEATHERMAN CRATER C33 - 8600140N,https://alrimaya.com/image/catalog/product/2209/7-1407-(1)-min-2209-thumb.jpg
7-1408,7-1408,LEATHERMAN SIGNAL - 832264,https://alrimaya.com/image/catalog/product/2208/7-1408-(10)-min-2208-thumb.jpg
7-1410,7-1410,LEATHERMAN SQUIRT PS4 BLACK - 831233,https://www.leatherman.com/dw/image/v2/AAMV_PRD/on/demandware.static/-/Sites-master/default/dwca36ef11/LL_large/PDP-IMAGES-1520x1520px/squirt-ps4-black-open.jpg?sw=2000&sh=2000&sm=fit&sfrm=jpg
7-1411,7-1411,LEATHERMAN SUPERTOOL 300 BLACK - 831152,https://m.media-amazon.com/images/I/71iWJn8VzCL._AC_SL1500_.jpg
7-1412,7-1412,LEATHERMAN CHARGE AL - 830697,https://alrimaya.com/image/catalog/product/2215/7-1412-(1)-min-2215-thumb.jpg
7-1413,7-1413,LEATHERMAN WAVE PLUS BLACK - 832527,https://www.aabtools.com/wp-content/uploads/Leatherman_832527_Wave-Black.jpg
7-1414,7-1414,LEATHERMAN WAVE PLUS SILVER - 832525,https://alrimaya.com/image/catalog/product/2214/7-1414-(5)-min-2214-thumb.jpg
7-1415,7-1415,LEATHERMAN WINGMAN - 832522,https://alrimaya.com/image/catalog/product/2213/7-1415-(10)-min-2213-thumb.jpg
7-1416,7-1416,LEATHERMAN BIT DRIVER EXTENDER - 931009,https://alrimaya.com/image/catalog/product/2212/7-1416-(1)-min-2212-thumb.jpg
7-1417,7-1417,LEATHERMAN BIT KIT - 931014,https://alrimaya.com/image/catalog/product/2211/7-1417-(1)-min-2211-thumb.jpg
7-1418,7-1418,LEATHERMAN FREE P2 - 832638,https://alrimaya.com/image/catalog/product/2210/7-1418-(10)-min-2210-thumb.jpg
7-1419,820190000000,OUTDOOR KNIFE 22.2MM,https://alrimaya.com/image/catalog/product/2407/7-1419%20(4)-min-2407-thumb.jpg
7-1420,820190000000,OUTDOOR KNIFE 224MM,https://alrimaya.com/image/catalog/product/2406/7-1420%20(4)-min-2406-thumb.jpg
7-1421,J3-7S,7PCS KNIFE SET,https://alrimaya.com/image/catalog/product/2414/7-1421%20(3)-min-2414-thumb.jpg
7-1422,7-1422,BUTCHER KNIFE 7 INCHES,https://alrimaya.com/image/catalog/product/2412/7-1422%20(2)-min-2412-thumb.jpg
7-1423,7-1423,SKINNING KNIFE 5.5 INCHES,https://alrimaya.com/image/catalog/product/2413/7-1423%20(2)-min-2413-thumb.jpg
7-1424,821490100000,FOLDING KNIFE 21.3CM,https://alrimaya.com/image/catalog/product/2408/7-1424%20(7)-min-2408-thumb.jpg
7-1425,821490100000,FOLDING KNIFE 20CM,https://alrimaya.com/image/catalog/product/2403/7-1425%20(7)-min-2403-thumb.jpg
7-1426,821410900000,BUTTERFLY KNIFE 20.6CM,https://alrimaya.com/image/catalog/product/2405/7-1426%20(4)-2405-thumb.jpg
7-1427,821490100000,AL RIMAYA OTF KNIFE 21.6CM,https://alrimaya.com/image/catalog/product/2404/7-1427%20(6)-2404-thumb.jpg
7-1428,821490100000,ARCOS PARING KNIFE BLACK 100MM - 188600,https://alrimaya.com/image/cache/catalog/product/2398/7-1428-(1)-2398-thumb-800x800.jpg
7-1429,188622,ARCOS PARING KNIFE RED 100MM - 188622,https://alrimaya.com/image/cache/catalog/product/2398/7-1429-(1)-2398-thumb-800x800.jpg
7-1430,821490100000,ARCOS PARING KNIFE YELLOW 100 MM - 188625,https://alrimaya.com/image/cache/catalog/product/2398/7-1430-(1)-2398-thumb-800x800.jpg
7-1431,821490100000,ARCOS PARING KNIFE GREEN 100 MM - 188621,https://alrimaya.com/image/cache/catalog/product/2398/7-1431-(1)-2398-thumb-800x800.jpg
7-1432,821490100000,ARCOS CLEAVER YELLOW HOLE 200MM - 297203,https://alrimaya.com/image/catalog/product/2399/7-1432-(1)-2399-thumb.jpg
7-1433,610000,PROFESSIONAL SHARPENER ABS GIFT BOX - 610000,https://alrimaya.com/image/catalog/product/2401/7-1433-(3)-2401-thumb.jpg
7-1434,7-1434,SHARPENING STEEL 250MM. YELLOW 278425,https://alrimaya.com/image/catalog/product/2400/7-1434-(3)-2400-thumb.jpg
7-1435,7-1435,KUDU LITE / 20KJ,https://alrimaya.com/image/catalog/product/2372/7-1435%20(4)-2372-thumb.jpg
7-1436,7-1436,TOKYO SPIKE - 53NHS,https://alrimaya.com/image/catalog/product/2373/7-1436%20(1)-2373-thumb.jpg
7-1437,7-1437,MICRO RECON 1 TANTO - 27TDT,https://alrimaya.com/image/catalog/product/2374/7-1437%20(3)-2374-thumb.jpg
7-1438,7-1438,STEVE AUSTIN'S WORKING MAN - BLAZE ORANGE - 54NVRY,https://alrimaya.com/image/catalog/product/2375/7-1438%20(3)-2375-thumb.jpg
7-1439,7-1439,CHARM - 54VPL,https://alrimaya.com/image/catalog/product/2380/7-1439%20(3)-2380-thumb.jpg
7-1440,7-1440,FRENZY III  (GREY - BLACK) S35VN - 62P3A,https://pics.knifecenter.com/knifecenter/coldsteel/images/CS62P3A_1.jpg
7-1441,7-1441,SURVIVAL EDGE - 80PHZ,https://alrimaya.com/image/catalog/product/2381/7-1441%20(3)-2381-thumb.jpg
7-1442,7-1442,BLACK OTF KNIFE WITH SHEATH,https://alrimaya.com/image/catalog/product/2685/7-1443%20(1)-min-2685-thumb.jpg
7-1443,7-1443,FLAG OTF KNIFE WITH SHEATH,https://alrimaya.com/image/catalog/product/2684/7-1442%20(1)-min-2684-thumb.jpg
7-1444,732119000000,HOOK 8MM DOUBLE,https://alrimaya.com/image/catalog/product/2582/7-1444%20(1)-min-2582-thumb.jpg
7-1445,732119000000,HOOK 10MM SINGLE,https://alrimaya.com/image/catalog/product/2583/7-1445%20(1)-min-2583-thumb.jpg
7-1446,7-1446,U-HOOK 10mm,https://alrimaya.com/image/catalog/product/2584/7-1446%20(1)-min-2584-thumb.jpg
7-1447,7-1447,PULL THROUGH SHARPENER WHITE/BLUE 036C,https://alrimaya.com/image/catalog/product/2753/7-1447-1-min-2753-thumb.jpg
7-1448,7-1448,ARCOS KNIVES SET 18-16-14CM WITH CLEAVER & SHARPNE,https://alrimaya.com/image/catalog/product/2392/1st-Set-(2)-2392-thumb.jpg
7-1449,7-1449,ARCOS KNIVES SET 18-16-10CM WITH CLEAVER AND SHARP,https://alrimaya.com/image/catalog/product/2393/2nd-Set-(2)-2393-thumb.jpg
7-1450,7-1450,Arcos Knives Set of 3 knives 18-16-10cm,https://alrimaya.com/image/catalog/product/2394/3rd-Set-(2)-2394-thumb.jpg
7-1451,7-1451,Arcos Knives Set of 3 knives 18-16-14cm,https://alrimaya.com/image/catalog/product/2395/4th-Set-(2)-2395-thumb.jpg
7-1452,7-1452,ARCOS KNIVES SET OF 2 KNIVES 18-16CM AND SHARPNER,https://alrimaya.com/image/catalog/product/2396/5th-Set-(2)-2396-thumb.jpg
7-1453,002399,سكين اوبينال مقاس 8 انيفارسري ,https://alrimaya.com/image/catalog/product/2607/7-1453-opinel-min-2607-thumb.jpg
7-1454,002388,سكين اوبينال مقاس 8 مموه بني,https://alrimaya.com/image/catalog/product/2608/7-1454-opinel-2-min-2608-thumb.jpeg
7-1455,002389,OPINEL KNIFE N°08 TRADITION BOULEAU LAMELLE GRIS/0,https://alrimaya.com/image/catalog/product/2622/7-1454-opinel-min-2622-thumb.jpeg
7-1456,002390,سكين اوبينال مقاس 8 مموه احمر,https://alrimaya.com/image/catalog/product/2623/7-1456-min-2623-thumb.jpeg
7-1457,113080,OPINEL KNIFE N°08 CS/113080,https://alrimaya.com/image/catalog/product/2624/7-1457-1-min-2624-thumb.jpg
7-1458,113060,OPINEL KNIFE N°06 CS/113060,https://alrimaya.com/image/catalog/product/2625/opinel-carbon-blade-no6-folding-knife-113060-min-2625-thumb.jpg
7-1459,113090,OPINEL KNIFE N°09 CS/113090,https://alrimaya.com/image/catalog/product/2626/7-1459-3-min-2626-thumb.jpeg
7-1460,113100,OPINEL KNIFE N°10 CS/113100,https://alrimaya.com/image/catalog/product/2627/eng_pl_Opinel-Knife-N-10-VRN-Carbon-113100-5658_1-min-2627-thumb.jpg
7-1461,111040,OPINEL KNIFE N°04 CS/111040,https://alrimaya.com/image/catalog/product/2628/8731742_max-2628-thumb.jpg
7-1462,113070,OPINEL KNIFE N°07 CS/113070,https://alrimaya.com/image/catalog/product/2631/7-1462-min-2631-thumb.jpg
7-1463,113120,OPINEL KNIFE N°12 CS/113120,https://alrimaya.com/image/catalog/product/2632/7-1462-min-2632-thumb.jpg
7-1464,7-1464,BROKEN SKULL I / 54S1A (ORANGE),https://pics.knifecenter.com/knifecenter/coldsteel/images/CS54S1A_1.jpg
7-1465,CS-80TFTC,COLD STEEL/TRUE FLIGHT THROWER/80TFTC ,https://alrimaya.com/image/catalog/product/3795/7-1465-2-resized-min-3795-thumb.jpg
7-1466,KMTK-08-R7,DOOHICKEY® KEY CHAIN KNIFE - OLIVE / KMTK-08-R7,https://alrimaya.com/image/catalog/product/2166/7-1372-7-1373-7-1374-min-2166-thumb.jpg
7-1467,KMTK-19-R7,DOOHICKEY® KEY CHAIN KNIFE - ORANGE / KMTK-19-R7,https://www.nite-ize.eu/wol_pl_Nite-Ize-DoohicKey-Key-Chain-Knife-Orange-KMTK-19-R7-19289_2.jpg
7-1468,KMTC-03-R7,DOOHICKEY® KEY CHAIN HOOK KNIFE - BLUE/ KMTC-03-R7,https://www.nite-ize.eu/wol_pl_Nite-Ize-DoohicKey-R-Key-Chain-Hook-Knife-Blue-KMTC-03-R7-19290_1.jpg
7-1469,821490100000,AL RIMAYA OTF KNIFE - SILVER ,https://thumbs2.imgbox.com/26/a9/IZTfdWlB_t.jpg
7-1470,821490100000, AL RIMAYA OTF KNIFE - BLACK ,https://alrimaya.com/image/cache/catalog/product/2970/7-1472-(2)-min-2970-thumb-800x800.jpg
7-1471,821490100000, AL RIMAYA OTF KNIFE - BROWN ,https://alrimaya.com/image/cache/catalog/product/2970/7-1471-(2)-min-2970-thumb-800x800.jpg
7-1472,821490100000,AL RIMAYA OTF KNIFE - PLAIN BLACK ,https://alrimaya.com/image/catalog/product/2971/7-1472-(5)-min-2971-thumb.jpg
7-1473,821490100000,AL RIMAYA OTF KNIFE - WOLF ,https://alrimaya.com/image/catalog/product/2972/7-1473-(5)-min-2972-thumb.jpg
7-1474,821490100000,AL RIMAYA OTF KNIFE - DRAGON ,https://alrimaya.com/image/catalog/product/2973/7-1474-(5)-min-2973-thumb.jpg
7-1475,801C,PARAFORCE LOCKBACK KNIFE-BLACK - 801C,https://accusharp.com/wp-content/uploads/2019/06/CD-801-Black.jpg
7-1476,820570000000,PARAFORCE MULTITOOL-BLACK - 800C,https://alrimaya.com/image/catalog/product/3150/7-1476-(1)-min-3150-thumb.jpg
7-1477,820590200000,ACCUSHARP GARDENER'S MULTITOOL - 084C,https://accusharp.com/wp-content/uploads/2020/08/084_Gardeners_Multi-Tool_940x600-700x447.png
7-1478,821490100000,SHARPENING STEEL 180 MM - YELLOW - 278425,https://alrimaya.com/image/catalog/product/2988/7-1478-(1)-min-2988-thumb.jpg
7-1479,821410900000,STAINLESS STEEL MEAT CLEAVER,https://alrimaya.com/image/catalog/product/2986/7-1479%20(1)-min-2986-thumb.jpg
7-1480,821410900000,SOLAR KNIFE-D2 TITANIUM HANDLE / 405,https://alrimaya.com/image/catalog/product/3566/7-1480-1-3566-thumb.jpg
7-1481,820190000000,MULTI FUNCTIONAL POCKET KNIFE - ORANGE,https://alrimaya.com/image/catalog/product/3175/1-1481%20(1)-min-3175-thumb.jpg
7-1482,820190000000,MULTI FUNCTIONAL POCKET KNIFE - RADIUM,https://alrimaya.com/image/catalog/product/3176/7-1482%20(1)-min-3176-thumb.jpg
7-1483,820190000000,MULTI FUNCTIONAL POCKET KNIFE - BLACK,https://alrimaya.com/image/catalog/product/3177/7-1483%20(1)-min-3177-thumb.jpg
7-1484,821410900000,POCKET KNIFE TITANIUM JUNIPER WOOD TRIBAL / DEE030,https://alrimaya.com/image/catalog/product/3074/7-1484-3074-thumb.jpg
7-1485,821410900000,POCKET KNIFE TITANIUM JUNIPER WOOD - DREAMCATCHER ,https://alrimaya.com/image/catalog/product/3075/1CB000043_0-min-3075-thumb.jpg
7-1486,821410900000,DEEJO SERRATED TITANIUM JUNIPER WOOD DEER / DEE030,https://alrimaya.com/image/catalog/product/3076/1CB000546_0-min-3076-thumb.jpg
7-1487,821410900000,POCKET KNIFE BLACK JUNIPER WOOD - EAGLE / DEE030,https://alrimaya.com/image/catalog/product/3077/1GB000108_0-min-3077-thumb.jpg
7-1488,821410900000,POCKET KNIFE BLACK EBONY WOOD - DEER / DEE030,https://alrimaya.com/image/catalog/product/3078/1GB000123_0-min-3078-thumb.jpg
7-1489,821410900000,POCKET KNIFE BLACK OLIVE WOOD - HOWLING / DEE030,https://alrimaya.com/image/catalog/product/3079/1GB000135_0-min-3079-thumb.jpg
7-1490,821410900000,POCKET KNIFE BLACK OLIVE WOOD -THOROUGHBRED/DEE030,https://alrimaya.com/image/catalog/product/3080/1GB000140_0-min-3080-thumb.jpg
7-1491,821410900000,POCKET KNIFE RED BEECH WOOD - LION / DEE030,https://alrimaya.com/image/catalog/product/3081/1GB000142_0-min-3081-thumb.jpg
7-1492,821410900000,DEEJO 37G BLACK DARK TURTLE - TIGER / DEE030,https://alrimaya.com/image/catalog/product/3082/1GC000100_0-min-3082-thumb.jpg
7-1493,821410900000,DEEJO 37G BLACK SKIN TURQUOISE - WAVE / DEE030,https://alrimaya.com/image/catalog/product/3083/1GC000202_0-min-3083-thumb.jpg
7-1494,821410900000,DEEJO 37G BLACK SKIN GREEN - SNAKE / DEE030,https://alrimaya.com/image/catalog/product/3084/1GC000203_0-min-3084-thumb.jpg
7-1495,821410900000,DEEJO 37G BLACK SKIN GREY - FISH / DEE030,https://alrimaya.com/image/catalog/product/3085/1GC000204_0-min-3085-thumb.jpg
7-1496,,ARCOS 2PCS KNIVES + 1PC KNIFE SHARPENER SET ,https://i.ibb.co/R3mgptX/Adha-Set4.jpg
7-1497,801C,PARAFORCE LOCKBACK KNIFE-BLUE - 801C,https://alrimaya.com/image/catalog/product/3151/7-1497-(1)-min-3151-thumb.jpg
7-1498,801C,PARAFORCE LOCKBACK KNIFE-ORANGE - 801C,https://accusharp.com/wp-content/uploads/2019/06/CD-801-Orange.jpg
7-1499,801C,PARAFORCE LOCKBACK KNIFE-CAMO - 801C,https://i.ebayimg.com/images/g/UagAAOSw6Nxgmd6o/s-l1600.jpg
7-1500,801C,PARAFORCE LOCKBACK KNIFE-GREEN - 801C,https://i0.wp.com/www.bogasteinn.is/wp-content/uploads/2021/02/paraforce_multikniv_03.jpg?fit=677%2C936&ssl=1
7-1501,820570000000,PARAFORCE MULTITOOL-BLUE - 800C,https://i.ibb.co/M9MDgcX/Whats-App-Image-2023-02-25-at-10-39-44-PM.jpg
7-1502,820570000000,PARAFORCE MULTITOOL-ORANGE - 800C,https://accusharp.com/wp-content/uploads/2019/06/CD-800-orange.jpg
7-1503,820570000000,PARAFORCE MULTITOOL-YELLOW - 800C,https://accusharp.com/wp-content/uploads/2019/06/CD-800-yellow.jpg
7-1504,,ARCOS 2 KNIVES AND SHARPENER SET AND WINCH,https://alrimaya.com/image/catalog/product/2992/ITEM%20NO%201%20(1)-min-2992-thumb.jpg
7-1505,,ARCOS 5 PIECES (10) SET AND WITH BAG,https://alrimaya.com/image/catalog/product/2993/ITEM%20NO%202-min-2993-thumb.jpg
7-1506,,ARCOS 5 PIECES (14) SET AND WITH BAG,https://alrimaya.com/image/catalog/product/2994/ITEM%20NO%202-min%20(1)-2994-thumb.jpg
7-1507,,7PCS KNIFE SET WITH GLOVES,https://alrimaya.com/image/catalog/product/2995/ITEM%20NO%204%20(1)-min-2995-thumb.jpg
7-1508,82149010000,DIDUT KNIFE ANODIZED ALL.BLACK HD - 214/N,https://alrimaya.com/image/catalog/product/3562/7-1508-3562-thumb.jpg
7-1509,82149010000,DIDUT KNIFE ANODIZED ALL.GREEN HD - 214/V,https://alrimaya.com/image/catalog/product/3564/7-1509-3564-thumb.jpg
7-1510,82149010000,SAX KNIFE 440C 85MM.G10 ORANGE HANDLE - 975/G10A,https://alrimaya.com/image/catalog/product/3565/7-1510-3565-thumb.jpg
7-1511,820570000000,MULTI TOOL HAMMER,https://alrimaya.com/image/catalog/product/3404/7-1511-(3)-min-3404-thumb.jpg
7-1512,821410900000,OTF KNIFE SMALL - BLACK,https://alrimaya.com/image/cache/catalog/product/3292/7-1512-(4)-min-3292-thumb-800x800.jpg
7-1513,821410900000,OTF KNIFE SMALL - ORANGE,https://alrimaya.com/image/cache/catalog/product/3292/7-1513-(3)-min-3292-thumb-800x800.jpg
7-1516,,"DEEJO 37G BLACK,PINK GOLD GILDED,FEATHER-1GM000025",https://www.deejo.com/medias/produits/2717894880/22029_452-deejo-37g-pink-gold-gilded-feather.jpg
7-1517,,"DEEJO 37G , MIRROR, YELLOW GOLD GILDED-1GM000010",https://assets.katogroup.eu/i/katogroup/DJ1GM000010_01_deejo?%24product-image%24=&fmt=auto
7-1519,,"DEEJO 37G BLACK, WHITE GOLD GILDED - 1GM000011",https://assets.katogroup.eu/i/katogroup/DJ1GM000011_01_deejo?%24product-image%24=&fmt=auto
7-1520,364B,FOLDING KNIFE - GREEN,https://alrimaya.com/image/cache/catalog/product/3580/7-1521-(1)-3580-thumb-800x800.jpg
7-1521,364B,FOLDING KNIFE BLACK,https://i.ibb.co/TMFKvxT/7-1521-1.jpg
7-1522,,OTF KNIFE SMALL - BLACK,https://alrimaya.com/image/cache/catalog/product/3581/7-1522-(1)-3581-thumb-800x800.jpg
7-1523,,OUTDOOR POCKET KNIFE - ORANGE,https://alrimaya.com/image/cache/catalog/product/3582/7-1523-(1)-3582-thumb-800x800.jpg
7-1524,,SET OF 2 ARCOS KNIVES AND 1 SHARPENER,https://alrimaya.com/image/catalog/product/3422/DSC_9623-Edit-min-3422-thumb.jpg
7-1525,,SET OF 3 ARCOS KNIVES 18 15 10 CM,https://alrimaya.com/image/catalog/product/3423/DSC_9651-Edit-min-3423-thumb.jpg
7-1526,,SET OF 3 ARCOS KNIVES 18 15 14 CM,https://alrimaya.com/image/catalog/product/3424/DSC_9538-Edit-min-3424-thumb.jpg
7-1527,,ARCOS SET 2 KNIVES AND SHARPENER,https://alrimaya.com/image/catalog/product/3425/DSC_9690-Edit-3425-thumb.jpg
7-1530,002454,OPINEL KNIFE N°12 EXPLORE ORANGE,https://m.media-amazon.com/images/I/318CbTgc-tL._AC_SL1131_.jpg
7-1531,,POCKET CLEAVER WITH POUCH,https://alrimaya.com/image/cache/catalog/product/3651/7-1531-(2)-3651-thumb-800x800.jpg
7-1532,,MICRO RECON 1 SPEAR POINT - CS-27DS,https://assets.katogroup.eu/i/katogroup/CS27DS_01_cold-steel?%24product-image%24=&fmt=auto
7-1533,CS-39LSAC,COLD STEEL/MINI LEATHERNECK DOUBLE EDGE/39LSAC,https://alrimaya.com/image/catalog/product/3735/7-1533-3735-thumb.jpg
7-1534,CS-39LSAB,COLD STEEL/MINI LEATHERNECK CLIP POINT/39LSAB,https://alrimaya.com/image/catalog/product/3736/7-1534-3736-thumb.jpg
7-1537,CS-23JK,COLD STEEL/SLOCK MASTER/23JK,https://alrimaya.com/image/catalog/product/3740/7-1537-3740-thumb.jpg
7-1538,CS-20KR9,COLD STEEL/RANGE BOSS/20KR9,https://alrimaya.com/image/catalog/product/3737/7-1538-3737-thumb.jpg
7-1539,CS-FL-GSTKM-J,COLD STEEL/GENTLEMAN'S STOCKMAN/CS-FL-GSTKM-J,https://alrimaya.com/image/catalog/product/3738/7-1539-3738-thumb.jpg
7-1540,,ACCUSHARP DIAMOND COMPACT SHARPENER - 050C-B,https://alrimaya.com/image/cache/catalog/product/3744/7-1540-(5)-3744-thumb-800x800.jpg
7-1541,,OTF KNIFE DRAGON - BLACK,https://alrimaya.com/image/catalog/product/3806/7-1541-(4)-min-3806-thumb.jpg
7-1542,,OTF KNIFE WOLF - BLACK,https://alrimaya.com/image/catalog/product/3807/7-1542-(5)-min-3807-thumb.jpg
7-1543,,BUTTERFLY KNIFE - BLACK,https://alrimaya.com/image/cache/catalog/product/3720/7-1543-(2)-min-3720-thumb-800x800.jpg
7-1544,,HUNTING KNIFE - SILVER + WOOD,https://alrimaya.com/image/cache/catalog/product/3721/7-1544-(3)-min-3721-thumb-800x800.jpg
7-1545,,HUNTING KNIFE - SILVER + BROWN + BLACK,https://alrimaya.com/image/cache/catalog/product/3722/7-1545-(2)-min-3722-thumb-800x800.jpg
7-1546,,FISHING KNIFE - SILVER + BLACK,https://alrimaya.com/image/cache/catalog/product/3723/7-1546-(3)-min-3723-thumb-800x800.jpg
7-1547,,KEY CHAIN FOLDING KNIFE,https://alrimaya.com/image/cache/catalog/product/3724/7-1547-(3)-min-3724-thumb-800x800.jpg
7-1548,,FOLDING KNIFE WITH ETCHED PATTERN HANDLE,https://alrimaya.com/image/cache/catalog/product/3725/7-1548-(3)-min-3725-thumb-800x800.jpg
7-1549,,BACK LOCK FOLDING KNIFE - BLACK + IVORY,https://alrimaya.com/image/cache/catalog/product/3726/7-1549-(3)-min-3726-thumb-800x800.jpg
7-1550,,POCKET FOLDING KNIFE - GRAY + WOOD,https://alrimaya.com/image/cache/catalog/product/3727/7-1550-(3)-min-3727-thumb-800x800.jpg
7-1551,,FOLDING KNIFE - WHITE,https://alrimaya.com/image/cache/catalog/product/3728/7-1551-(3)-min-3728-thumb-800x800.jpg
7-1552,,POCKET FOLDING KNIFE - REDDISH BROWN,https://alrimaya.com/image/cache/catalog/product/3729/7-1552-(3)-min-3729-thumb-800x800.jpg
7-1553,,RAMBO KNIFE,https://alrimaya.com/image/cache/catalog/product/3808/7-1553-(1)-3808-thumb-800x800.jpg
7-1554,005C,KNIFE AND TOOL SHARPNER/CAMOUFLAGE,https://alrimaya.com/image/catalog/product/4141/7-1554-(2)-min-4141-thumb.jpg
7-1555,730C,6-INCH BONE SAW,https://alrimaya.com/image/catalog/product/4142/7-1555-(3)-min-4142-thumb.jpg
7-1556,741C,RAZOR KNIFE/REPLACEABLE BLADE/ORANGE,https://alrimaya.com/image/catalog/product/4143/7-1556-(2)-min-4143-thumb.jpg
7-1557,742C,REPLACEMENT BLADES/RAZOR KNIFE/6PCS/3.5INCH,https://alrimaya.com/image/catalog/product/4144/7-1557-(2)-min-4144-thumb.jpg
7-1558,743C,RAZOR KNIFE/REPLACEABLE BLADE/BLUE,https://i.ibb.co/qrfMbGW/s-l500.png
7-1559,1020C,BIG BOBBER FLOATING COOLER,https://alrimaya.com/image/catalog/product/4145/7-1559-(1)-min-4145-thumb.jpg
7-1560,1006C,SUPER SNAPS TARP CLIP/6 PIECE PACK,https://alrimaya.com/image/catalog/product/4146/7-1560-(2)-min-4146-thumb.jpg
7-1561,1008C,SUPER SNAPS TARP CLIP/XL/6 PIECE PACK,https://alrimaya.com/image/catalog/product/4147/7-1561-(2)-min-4147-thumb.jpg
7-1562,,DEEJO POCKET KNIFE TITANIUM OLIVE WOOD - 1CB000054,https://thepotlok.com/sys/uploads/2022/05/15048_1280-deejo-37g-olive-wood-terra-incognita-755x600.jpg
7-1563,,DEEJO POCKET KNIFE TITANIUM CORAL WOOD - ICB000056,https://www.deejo.com/medias/produits/329487895/21943_452-deejo-37g-carbon-fiber-lion.jpg
7-1564,,DEEJO TITANIUM BROWN CAMO GRIZZLY - 1CM000021,https://www.deejo.com/medias/produits/3271477757/21563_452-deejo-37g-brown-camo-grizzly.jpg
7-1565,,DEEJO BLACK EBONY MOON PHASE- DEE030 - 1GB000162,https://www.deejo.com/medias/produits/3838745332/21821_452-deejo-37g-ebony-moon-phase.jpg
7-1566,,DEEJO BLACK OLIVE WOOD LEO- DEE030 - 1GB000187,https://media.s-bol.com/gWlW6kVXk17j/PNJppJA/710x1200.jpg
7-1567,,DEEJO BLACK CARBON FIBER BOLIDE-DEE030 - 1GC000105,https://op2.0ps.us/978-550-ffffff-no-upscale/opplanet-deejo-tattoo-linerlock-37g-cf-bolide-folding-knife-3-75-black-titanium-coated-z40c13-stainless-blade-carbon-fiber-handle-1gc000105-main.webp
7-1568,,DEEJO BLACK CARBON FIBER LION-DEE030 - 1GC000106,https://www.subtil-diamant.com/ori-couteau-de-poche-deejo-fibre-de-carbone-lion-37-gr-tahia-1gc000106-44246.jpg
7-1571,,HUNTING KNIFE WITH FINGER HOLE,https://alrimaya.com/image/cache/catalog/product/3979/7-1571-3979-thumb-800x800.jpg
7-1572,,BULLET KNIFE - COPPER,https://alrimaya.com/image/catalog/product/3963/7-1572-(1)-3963-thumb.jpg
7-1573,,MICRO KNIFE - GOLD,https://alrimaya.com/image/catalog/product/3964/7-1573-(1)-3964-thumb.jpg
7-1574,,GUN KNIFE - SILVER,https://alrimaya.com/image/catalog/product/3965/7-1574-(1)-3965-thumb.jpg
7-1575,,POCKET KNIFE 16.6CM - SILVER,https://alrimaya.com/image/catalog/product/3966/7-1575-(1)-3966-thumb.jpg
7-1576,,GUN KNIFE - BLACK,https://alrimaya.com/image/catalog/product/3967/7-1576-(1)-3967-thumb.jpg
7-1577,,FOLDING KNIFE SS GREEN,https://alrimaya.com/image/catalog/product/3968/7-1577-(1)-3968-thumb.jpg
7-1578,HT-8843,HUNTING KNIFE WITH SHEATH + FIRE STARTER + WHISTLE,https://alrimaya.com/image/catalog/product/4014/7-1578-(1)-4014-thumb.jpg
7-1579,YIWU-71579,NECK KNIFE WITH SHEATH & CHAIN - SILVER,https://alrimaya.com/image/cache/catalog/product/4097/7-1579-(2)-4097-thumb-800x800.jpg
7-1580,YIWU-71580,NECK KNIFE WITH SHEATH & CHAIN - BLACK,https://alrimaya.com/image/cache/catalog/product/4097/7-1580-(2)-4097-thumb-800x800.jpg
7-1581,,HUNTING KNIFE WITH SHEATH - SILVER + BROWN,https://alrimaya.com/image/catalog/product/4120/7-1581-(2)-4120-thumb.jpg
7-1582,,FOLDING KNIFE 20CM,https://alrimaya.com/image/catalog/product/4456/7-1582-(4)-4456-thumb.jpg
7-1584,,SET OF 2 ARCOS KNIVES & 1 CLEVER,https://alrimaya.com/image/catalog/product/5777/7-1584 (6)-5777-thumb.jpg
7-308,31107000000204,"JP-RECON TANTO,CONCEALEX (Made in Japan)",https://alrimaya.com/image/catalog/product/673/7-308%20(6)-673-thumb.jpg
7-325,000645,OPINEL KNIFE N°10 SLIM/000645,https://alrimaya.com/image/catalog/ABC-KNIVES/7-325-(2).gif
7-334,31107000000216,MASERIN KNIFE W/ WOODEN HANDLE AND LEATHER COVER,https://alrimaya.com/image/catalog/ABC-KNIVES/7-334-(2).png
7-337,31107000000219,AXE CM.35 WENGE HANDLE - ITALY,https://alrimaya.com/image/catalog/product/676/7-337-axe-676-thumb.jpg
7-338,001089,OPINEL KNIFE N°08 SS WITH SHEATH SET/001089,https://alrimaya.com/image/catalog/product/677/7-338-knife-677-thumb.png
7-358,243150,OPINEL KNIFE N°15 SLIM BUBINGA HANDLE/243150,https://alrimaya.com/image/catalog/product/678/7-358-knife-678-thumb.png
7-363,000065,OPINEL KNIFE N°02 KEYRING/000065,https://alrimaya.com/image/catalog/product/604/7-363-knife-604-thumb.jpg
7-429,226086,OPINEL KNIFE N°08 LUXE BUBINGA/226086,https://alrimaya.com/image/catalog/product/679/7-429-knife-679-thumb.jpg
7-435,123080,OPINEL KNIFE N°08 SS/123080,https://alrimaya.com/image/catalog/product/605/7-435-knife-605-thumb.jpg
7-436,123100,OPINEL KNIFE N°10 SS/123100,https://alrimaya.com/image/catalog/product/606/7-436-knife-606-thumb.jpg
7-523,226066,OPINEL KNIFE N°06 LUXE BUBINGA/226066,https://alrimaya.com/image/catalog/product/680/7-523-knife-680-thumb.jpg
7-594,001B-DKG,KNIVES SHARPENER/WHITE+GREEN,https://alrimaya.com/image/catalog/product/1229/7-594-(3)-1229-thumb.jpg
7-597,31107000000407,BLACK HORSE,https://alrimaya.com/image/catalog/product/681/7-597-knife-681-thumb.jpg
7-598,31107000000408,WILDCAT RIDGE - CHINA,https://pics.knifecenter.com/knifecenter/kershaw/images/KS3140.jpg
7-603,31107000000413,MODEL 3000 A,https://www.kershaw-knives.net/images/Kershaw-DWO-Classic-3000-600x500.webp
7-612,31107000000422,MODEL 4400 ST,https://www.hand-tools.com/images/brands/kershaw/Kershaw-KS4400ST.jpg
7-614,31107000000424,"TASKMASTER 2-6"" CHEF'S - JAPAN",https://alrimaya.com/image/catalog/product/682/7-614-knife-682-thumb.jpg
7-621,123060,OPINEL KNIFE N°06 SS/123060,https://alrimaya.com/image/catalog/product/729/7-621-knife-729-thumb.jpg
7-622,000693,OPINEL KNIFE N°07 SS/000693,https://alrimaya.com/image/catalog/product/731/7-622-knife-731-thumb.jpg
7-652,31107000000461,SILVER SPUR2825,https://i.ibb.co/ZKF5ykg/7-652-2-Large.jpg
7-654,31107000000463,SLIM N°12 BUBINGA,https://www.tomahawk.shop/media/catalog/product/cache/9/image/1100x/cef889f698fa5ad3f800f7cb4a50419a/b/u/bubinga12.png
7-657,001004,OPINEL KNIFE PLUMIER 8VRI OLIVER + GAINE-001004,https://alrimaya.com/image/catalog/product/1102/7-657-knife-1102-thumb.jpg
7-702,31107000000501,CORAL CREEK 3115 - CHINA,https://www.kershaw-knives.net/images/Kershaw-Corral-Creek-3115-small.gif
7-703,31107000000502,BLACK GULCH 3120,https://alrimaya.com/image/catalog/product/683/7-703-knife-683-thumb.png
7-704,31107000000503,WILDCAT RIDGE 3140,https://alrimaya.com/image/catalog/product/684/7-704-knife-684-thumb.png
7-825,31107000000573,N°8 BUBINGA WOOD (EFFILE 08CM BUBINGA/6),https://alrimaya.com/image/catalog/product/1103/7-825-knife-1103-thumb.jpg
7-827,31107000000575,N°8 STAINLESS STEEL IN OAK WOOD,https://alrimaya.com/image/catalog/product/685/7-827-knife-685-thumb.jpg
7-843,31107000000591,LEEK-BLACK-KEN ONION,https://pics.knifecenter.com/knifecenter/kershaw/images/KS1660CKT_1.jpg
7-844,31107000000592,SCALLION - CAMO - USA,https://cdn11.bigcommerce.com/s-t7tzgd0/images/stencil/756x504/products/10482/266773/1620C__57712.1671697469.jpg?c=2&imbypass=on&imbypass=on
7-846,31107000000594,VAPOR II - SLV - CHINA (DC),"https://i2.wp.com/www.suffolksports.com.au/wp-content/uploads/2018/06/Kershaw-Kai-1650-Vapor-Ii-Large-Ken-Onion.jpg?w=667&ssl=1%20667w,%20https://i2.wp.com/www.suffolksports.com.au/wp-content/uploads/2018/06/Kershaw-Kai-1650-Vapor-Ii-Large-Ken-Onion.jpg?resize=600%2C450&ssl=1%20600w,%20https://i2.wp.com/www.suffolksports.com.au/wp-content/uploads/2018/06/Kershaw-Kai-1650-Vapor-Ii-Large-Ken-Onion.jpg?resize=416%2C312&ssl=1%20416w"
7-847,31107000000595,BLACK VAPOR II,https://www.bladehq.com/webp/imgs/knives/manual-knives/kershaw-manual/kershaw-vapor/kershaw-black-vapor-ii-serr-1650blk-BHQ-37586-dl.webp
7-857,31107000000605,GRAND COUNTY,https://www.kershaw-knives.net/images/Kershaw-Grant-County-3100-350x350.gif
7-861,31107000000609,BLACK HORSE II,https://alrimaya.com/image/catalog/ABC-KNIVES/7-861-(1).png
7-864,31107000000612,D.W.O.CLASSIC,https://m.media-amazon.com/images/I/41s3iqhDU-L._AC_SL1000_.jpg
7-865,31107000000613,D.W.O.CLASSIC,https://i.ibb.co/Z1z03Vq/7-865-2-Large.jpg
7-866,31107000000614,D.W.O.CLASSIC,https://alrimaya.com/image/catalog/product/2348/7-866 (1)-2348-thumb.jpg
7-868,31107000000616,CAMO ECHO - FIXED BLADE - CHINA,https://pics.knifecenter.com/knifecenter/kershaw/images/KS1070Cb.jpg
7-869,31107000000617,CAMP AX,https://alrimaya.com/image/catalog/product/687/7-869-knife-687-thumb.jpg
7-870,31107000000618,SPORTSMAN'S BLADE TRADER,https://www.kershaw-knives.net/images/Kershaw-Sportsmans-Blade-Trader-1095SBTX-small.gif
7-871,31107000000619,NATIONAL GEOGRAPHIC TOOL,https://alrimaya.com/image/catalog/product/698/7-871-knife-698-thumb.png
7-875,31107000000623,"SCALLION BLK,KO - USA",https://m.media-amazon.com/images/I/61xbUT4+0cL._AC_SL1001_.jpg
7-933,001083,OPINEL KNIFE N°09 SS/001083,https://alrimaya.com/image/catalog/product/607/7-933-knife-607-thumb.jpg
7-934,001084,OPINEL KNIFE N°12 SS/001084,https://alrimaya.com/image/catalog/product/608/7-934-knife-608-thumb.jpg
7-945,31107000000721,HUNTING KNIFE WITH SHEATH CK161,https://alrimaya.com/image/catalog/product/699/7-945-knife-699-thumb.png
7-950,31107000000729,BOX OF KNIVES - OLIVE WOOD -(PCS),https://alrimaya.com/image/catalog/product/2508/7-950%20(1)-min-2508-thumb.jpg
7-952,31107000000731,BOX OF 6 KNIVES - WOOD WITH RESIN -(PCS),https://i.ibb.co/gDsHXKB/7-952-Large.jpg
7-953,31107000000732,7' ' Butcher KNIFE,https://alrimaya.com/image/catalog/ABC-KNIVES/7-953-(1).png
7-956,31107000000736,"5"" Flexible Curved Boning Knife",https://alrimaya.com/image/catalog/product/1498/7-956-1498-thumb.jpg
7-969,31107000000755,AL RIMAYA SS MEAT CLEAVER ,https://alrimaya.com/image/catalog/product/670/7-969-670-thumb.jpg
7-974,31107000000748,KNIFE,https://i.ibb.co/c62NZnK/7-974-3-Large.jpg
7-980,31107000000759,TASKMASTER 2 FRENCH PARING JAPAN,https://alrimaya.com/image/catalog/product/700/7-980-knife-700-thumb.jpg
7-982,31107000000761,VAPOR 111,https://bobwards-hyperstatic.appspot.com/w=580-h=580/www.bobwards.com/prodimages/51163-DEFAULT-l.jpg
7-983,31107000000762,6*FILLET,https://pics.knifecenter.com/knifecenter/kershaw/images/KS1286.jpg
7-984,31107000000763,*TW-CHEF'S KNIFE(KITCHEN) (DC),https://alrimaya.com/image/catalog/ABC-KNIVES/7-984.png
7-985,31107000000764,*TW-BONING KNIFE(KITCHEN)  (DC),https://m.media-amazon.com/images/I/51dec+M3rOL._AC_SL1200_.jpg
7-986,31107000000765,*TW-BREAD KNIFE(KITCHEN) (DC),https://m.media-amazon.com/images/I/51hL4JVPDDL._AC_SL1200_.jpg
7-987,31107000000766,*SA-HEAVY MACHETE (DC),https://alrimaya.com/image/catalog/product/701/7-987-axe-701-thumb.jpg
7-988,CS-20KK,COLD STEEL/KUDU/20KK,https://alrimaya.com/image/catalog/product/589/7-988-knife-589-thumb.png
7-996,31107000000775,"CERAMIC KNIFE 6""BLK",https://alrimaya.com/image/catalog/product/2349/7-996%20(2)-2349-thumb.jpg
7-997,31107000000776,"CERAMIC KNIFE 5""WHITE",https://i.ibb.co/tMCW5G9/Whats-App-Image-2023-02-25-at-11-18-26-PM.jpg
7-998,31107000000777,"CERAMIC KNIFE 6""WHITE",https://alrimaya.com/image/catalog/product/2350/7-998%20(1)-2350-thumb.jpg
99-1035,,WIND SCREEN 40CM,https://i.ibb.co/tDpzcnd/Whats-App-Image-2023-12-09-at-2-24-10-PM.jpg
99-1077,,ARB TASSIE TIGER KNIFE,https://cdn11.bigcommerce.com/s-46csjp/images/stencil/1500x1500/products/7132/35384/TTK-H6W-Hunting-Camp-Knife__32019.1674105348.jpg?c=2&imbypass=on
99-1082,,TEA GLASS BAG-LOCAL,https://i.ibb.co/DP1KSHsD/99-1082.jpg
99-109,31199000000110,CARPET,https://i.ibb.co/RNS43vr/Whats-App-Image-2023-03-12-at-6-59-58-PM.jpg
99-163,99-163,OPERATION PANEL - CONTROL PANEL ,https://i.ibb.co/tPjBJVp/99-163.jpg
99-164,99-164,COMPRESSOR MODULE ,https://i.ibb.co/whD7M0j/99-164.jpg
99-166,,solenoid valve Spare Parts,https://i.ibb.co/0npZ7bF/99-166.jpg
99-167,99-167,DC POWER CABLE FOR FRIDGE,https://i.ibb.co/1R9L4TW/Whats-App-Image-2023-08-02-at-6-52-15-PM.jpg
99-168,99-168,AC ADAPTOR ,https://i.ibb.co/rkq0P71/99-168.jpg
99-23,31199000000023,first aid kit,https://i.ibb.co/mzDDrrb/99-23.jpg
99-331,99-331,SCREEN FILM,https://i.ibb.co/wdMM2LC/99-331.jpg
99-332,99-332,SCREEN SUPPORT PANEL,https://i.ibb.co/M9P9H57/99-332.jpg
99-333,99-333,ANTI-COLLISION ANGLE ,https://i.ibb.co/Jq5CG99/99-333.jpg
99-334,99-334,HINGE ,https://i.ibb.co/F74gC7m/99-334.jpg
99-337,99-337,BATTERY FOR REFRIGERATOR (22-2462),https://i.ibb.co/8KTLj7j/99-337.jpg
99-338,99-338,BATTERY POWER BUTTON ,https://i.ibb.co/M89W9gw/99-338.jpg
99-341,99-341,AC POWER CABLE ,https://i.ibb.co/5xBYc5N/99-341.jpg
99-342,99-342,DOOR SUPPORT CHAIN ,https://i.ibb.co/KDrprCG/99-342.jpg
99-378,99-378,DISPLAY PANEL FILM FOR 32/42L,https://i.ibb.co/TqZ6xg4/99-378.jpg
99-379,99-379,TEMPETATURE SENCER FOR 45/65L,https://i.ibb.co/jHHvJgR/99-379.jpg
99-380,99-380,LED LIGHT FOR 45/65L,https://i.ibb.co/FBXssTs/99-380.jpg
99-381,99-381,SENCER WIRE FOR 45/65L,https://i.ibb.co/LYcbSRH/99-381.jpg
99-382,99-382,TEMPETATURE SENCER FOR 32/42L,https://i.ibb.co/KNzTPLB/99-382.jpg
99-383,99-383,LED LIGHT FOR 45/60L,https://i.ibb.co/0cMZgPV/99-383.jpg
99-384,99-384,DISPLAY PANEL KIT FOR 32/42L,https://i.ibb.co/7b6ncQD/99-384.jpg
99-385,99-385,RADIATOR FOR 45/60L,https://i.ibb.co/4g8LcYz/99-385.jpg
99-387,99-387,OPERATING PANEL FOR 45/60L,https://i.ibb.co/CVj5s8p/99-387.jpg
99-388,99-388,TEMPETATURE SENCER FOR 45/60L,https://i.ibb.co/y6vsr2C/99-388.jpg
99-389,99-389,DOOR CLIP,https://i.ibb.co/XyxLx7x/99-389.jpg
99-390,99-390,PANEL STICKER FOR 45/60/12L,https://i.ibb.co/1JC5d0L/99-390.jpg
99-403,LYY5006,TEA GLASSES - 22-2175 (1pcs),https://alrimaya.com/image/catalog/product/1313/22-2175-(7)-1313-thumb.jpg
99-546,,COOKING NET FOR 22-1420,https://alrimaya.com/image/catalog/product/3399/99-546-3399-thumb.jpg
99-593,RCSP,WIRE HOSE CLIP FOR 22-1018 - Q,https://i.ibb.co/KyZDQqW/99-593.jpg
99-594,RCSP,WIRE HOSE CLIP FOR 22-1481 - Q45-2,https://i.ibb.co/RCr9bQ9/99-594.jpg
99-595,RCSP,FUSE - 45A for 22-1018,https://i.ibb.co/ctQZg13/99-595.jpg
99-598,RCSP,PISTON FOR 22-1018 ,https://i.ibb.co/t4bnwkd/99-598.jpg
99-599,RCSP,PISTON FOR 22-1481 - Q45-2,https://i.ibb.co/mFDCRWt/99-599.jpg
99-600,RCSP,PLASTIC COVER FOR 22-1018 - 118Q,https://i.ibb.co/3kkF4m1/99-600.jpg
99-601,RCSP,PLASTIC COVER SET FOR 22-1481 - Q45-2,https://i.ibb.co/d0nJRkn/99-601.jpg
99-604,,TIE LOCK - BLUE 23CM,https://i.ibb.co/28N45fp/Picture1.png
99-675,RCSP,CONNECTOR FOR AIR HOSE - 22-1018,https://i.ibb.co/S3WK6Cy/99-675.jpg
99-72,31199000000072,BULL BAR STAND,https://i.ibb.co/Mx8f7XVt/Whats-App-Image-2025-04-26-at-14-59-10-16ba67db.jpg
99-781,,WIND SCREEN 30CM - LOCAL,https://i.ibb.co/tDpzcnd/Whats-App-Image-2023-12-09-at-2-24-10-PM.jpg
99-803,,HINGE FOR BCD15,https://i.ibb.co/FxThn6V/99-803.jpg
99-804,,PLASTIC HANDLE OF THE CFR SERIES DOOR,https://i.ibb.co/jk6pVNX/99-804.jpg
99-805,,FRIDGE INPUT SOCKET,https://i.ibb.co/yNpXrg3/99-805.jpg
99-806,,USB CHARGER PORT FOR CFR PRODUCT,https://i.ibb.co/Xk83KdM/99-806.jpg
99-807,,COMPRESSOR AND MODULE PBC1.4,https://i.ibb.co/Ny8BLq4/99-807.jpg
99-809,,CONTROL PANEL FOR CFR PRODUCTS,https://i.ibb.co/K6z7LQW/99-809.jpg
99-810,,DISPLAY FOR CFR SERIES,https://i.ibb.co/bWHtJ30/99-810.jpg
99-811,,LED PANEL FOR CFR SERIES,https://i.ibb.co/3zGQ2YG/99-811.jpg
99-812,,TEMPERATURE SENSOR FOR CFR SERIES,https://i.ibb.co/jbsVvF8/99-812.jpg
99-813,,ADAPTER FOR KOVEA STOVE 6-46,https://i.ibb.co/stfWBTp/99-813.png
99-92,31199000000093,ELECTRICA AIR COMPRESSOR (220V/50Hz w Auto-stop),https://i.ibb.co/kgq6wzv/Whats-App-Image-2023-03-11-at-5-06-25-PM.jpg
99-931,,INVERTER PANEL FOR NES 1200,https://i.ibb.co/HCdgfxG/99-931.jpg
99-932,,CONTROL PANEL FOR NES 1200,https://i.ibb.co/Xkd3gSK/99-932.jpg
99-933,,INVERTER PANEL FOR NPS600,https://i.ibb.co/85M36BM/99-933.jpg
99-934,,CONTROL PANEL FOR NPS600,https://i.ibb.co/L5QFp0f/99-934.jpg
99-935,,INVERTER PANEL FOR NPS400,https://i.ibb.co/JxKK2Mh/99-935.jpg
99-936,,CONTROL PANEL FOR NPS400,https://i.ibb.co/nDHB2MV/99-936.jpg
99-937,,AIR COMPRESSOR HOSE - YELLOW,https://i.ibb.co/qgVDbnh/99-937.jpg
99-938,,AIR COMPRESSOR VALVE PLATE ASSEMBLY,https://i.ibb.co/LSnQ1fq/99-938.jpg
99-985,,COLD AS STEEL STUBBY HOLDER - 217734,https://store.arb.com.au/cdn/shop/products/cas.png?v=1575245312
99-986,,ARB PERFORMANCE CAP - 217752,https://cdn.lrparts.net/media/catalog/product/cache/dfedee59530933ede3394071ce45f5ee/image/402151c745/217752-arb-performance-baseball-cap-include-arb-logo-comes-in-black.png
99-987,,OME PERFORMANCE CAP - 217770,https://m.media-amazon.com/images/I/61zAkrjvlCL._AC_SL1500_.jpg
99-990,,ARB ADVENTURE CAP - 217977,"https://static.wixstatic.com/media/1468af_1872072fdbef446a96db7f84b401ca4f~mv2.jpg/v1/fill/w_978,h_628,al_c,q_85/1468af_1872072fdbef446a96db7f84b401ca4f~mv2.jpg"
ACC-TS-001,,CHARCOAL CLIP AND POKER,https://alrimaya.com/image/catalog/product/5327/01-5327-thumb.jpg
ALK100,,ALKHAWY CUBE CHARCOAL 1KG,https://alrimaya.com/image/catalog/product/5405/ALK100 (1)-5405-thumb.jpg
ALK102,6285654038300,ALKHAWY HEXAGONAL CHARCOAL 10KG,https://alrimaya.com/image/catalog/product/5383/2.jpg-5383-thumb.jpeg
ALK104,COAL1010,ALKHAWY INCENSE CHARCOAL 33MM  40 PCS ,https://alrimaya.com/image/catalog/product/5432/ALK104 (1)-5432-thumb.jpg
ALK105,COAL1010,ALKHAWY INCENSE CHARCOAL 33MM  80 PCS ,https://alrimaya.com/image/catalog/product/5433/ALK105 (1)-5433-thumb.jpg
ALK106,COAL1010,ALKHAWY INCENSE CHARCOAL 45MM  80 PCS ,https://alrimaya.com/image/catalog/product/5434/ALK106 (1)-5434-thumb.jpg
ALK107,COAL1010,ALKHAWY INCENSE CHARCOAL 45MM  40 PCS ,https://alrimaya.com/image/catalog/product/5435/ALK107 (1)-5435-thumb.jpg
ALK108,COAL1010,ALKHAWY INCENSE CHARCOAL  20 PCS,https://alrimaya.com/image/catalog/product/5832/ALK108 (1)-5832-thumb.jpg
ALK109,COAL1010,ALKHAWY INCENSE CHARCOAL 50MM 15 PCS ,https://alrimaya.com/image/catalog/product/5833/ALK109 (1)-5833-thumb.jpg
ALK110,COAL1010,ALKHAWY INCENSE CHARCOAL 20MM  80 PCS ,https://alrimaya.com/image/catalog/product/5423/ALK110 (1)-5423-thumb.jpg
AR-APC10,PC1032 20CM,ALUMINUM PRESSURE COOKER 5L,https://alrimaya.com/image/catalog/product/5749/main-5749-thumb.jpg
AR-APC11,PC1032 22CM,ALUMINUM PRESSURE COOKER 7L,https://alrimaya.com/image/catalog/product/5750/mian--5750-thumb.jpg
AR-APC12,PC1032 24CM,ALUMINUM PRESSURE COOKER 9L,https://alrimaya.com/image/catalog/product/5751/mian--5751-thumb.jpg
AR-APC13,PC1032 26CM,ALUMINUM PRESSURE COOKER 11L,https://alrimaya.com/image/catalog/product/5752/main--5752-thumb.jpg
AR-APC14,PC1032 28CM,ALUMINUM PRESSURE COOKER 15L,https://alrimaya.com/image/catalog/product/5753/main-5753-thumb.jpg
AR-BAG10,,PISTOL CASE - 28x19x3 cm,https://alrimaya.com/image/catalog/product/4568/AR-BAG10-(1)-4568-thumb.jpg
AR-BAG11,VKS-K-619,TEA KETTLE COVER-CANVAS-BEIGE,https://alrimaya.com/image/catalog/product/4654/AR-BAG11-4654-thumb.jpg
AR-BAG12,VKS-K-625,CAMPING BAG-OXFORD-KHAKI-20L,https://alrimaya.com/image/catalog/product/4655/AR-BAG12-(1)-4655-thumb.jpg
AR-BAG13,VKS-K-616,CAMPING BAG-OXFORD-KHAKI-38L,https://alrimaya.com/image/catalog/product/4656/AR-BAG13-(1)-4656-thumb.jpg
AR-BAG14,VKS-ST347-1,CAMPING BAG-OXFORD-KHAKI-24L,https://alrimaya.com/image/catalog/product/4657/AR-BAG15-(1)-4657-thumb.jpg
AR-BAG15,VKS-ST347-2,CAMPING BAG-OXFORD-KHAKI-40L,https://alrimaya.com/image/cache/catalog/product/4657/AR-BAG15-(1)-4657-thumb-800x800.jpg
AR-BAG16,VKS-ST347-3,CAMPING BAG-OXFORD-KHAKI-63L,https://alrimaya.com/image/cache/catalog/product/4657/AR-BAG15-(1)-4657-thumb-800x800.jpg
AR-BAG17,VKS-ST349-1,CAMPING BAG-CANVAS-BROWN-48L,https://alrimaya.com/image/catalog/product/4658/AR-BAG18-(1)-4658-thumb.jpg
AR-BAG18,VKS-ST349-2,CAMPING BAG-CANVAS-BROWN-65L,https://alrimaya.com/image/cache/catalog/product/4658/AR-BAG18-(1)-4658-thumb-800x800.jpg
AR-BAG19,VKS-ST349-3,CAMPING BAG-CANVAS-BROWN-95L,https://alrimaya.com/image/cache/catalog/product/4658/AR-BAG18-(1)-4658-thumb-800x800.jpg
AR-BAG20,VKS-ST350,CAMPING STORAGE BOX 50L BROWN,https://alrimaya.com/image/catalog/product/4660/AR-BAG21-(2)-4660-thumb.jpg
AR-BAG21,VKS-ST350,CAMPING STORAGE BOX 50L LIGHT GRAY,https://alrimaya.com/image/cache/catalog/product/4660/AR-BAG21-(2)-4660-thumb-800x800.jpg
AR-BAG22,VKS-K-016,CAMPING BAG-CANVAS-DARK BROWN,https://alrimaya.com/image/catalog/product/4659/AR-BAG22-(1)-4659-thumb.jpg
AR-BAG23,SANTA,TEA COFFEE BAG EMBROIDERY DESIGN/33X27X26CM,https://i.ibb.co/Y7L8Qn79/AR-BAG23.jpg
AR-BAG24,SANTA,TEA COFFEE BAG EMBROIDERY DESIGN/40X30X30CM,https://i.ibb.co/XkJvCDZt/AR-BAG24.jpg
AR-BAG25,K-2514-1,GAHWA CUP BAG - 6PCS CUPS,https://alrimaya.com/image/catalog/product/4780/AR-BAG27-(1)-Cover-Photo-4780-thumb.jpg
AR-BAG26,K-2514-2,GAHWA CUP BAG - 8PCS CUPS,https://i.ibb.co/zH2YHWgk/AR-BAG25.jpg
AR-BAG27,K-2514-3,GAHWA CUP BAG - 10PCS CUPS,https://i.ibb.co/zH2YHWgk/AR-BAG25.jpg
AR-BAG28,K-2516,5PCS BAG SET PVC/KHAKI,https://alrimaya.com/image/catalog/product/4781/AR-BAG28-(1) main-4781-thumb.jpg
AR-BAG29,K-2517-1,CUPBAG SMALL 6pcs 22*19*9CM,https://i.postimg.cc/13dstp3L/AR-BAG29.jpg
AR-BAG30,K-2517-2,CUPBAG MEDIUM 8pcs,https://i.ibb.co/CsbXk8D2/AR-BAG30.jpg
AR-BAG31,K-2517-3,CUPBAG LARGE 10pcs,https://i.ibb.co/DP3gTqyJ/AR-BAG31.jpg
AR-BAG32,K-2515,CAMPING BAG - 42L,https://alrimaya.com/image/catalog/product/4783/AR-BAG32-(1) main-4783-thumb.jpg
AR-BAG33,K-2411-1*4,GLASS CUP BAG - 4PCS - BROWN,https://alrimaya.com/image/catalog/product/4784/AR-BAG33-(1)-Cover-Photo-4784-thumb.jpg
AR-BAG34,K-2411-1*4,GLASS CUP BAG - 4PCS - LIGHT BROWN,https://i.ibb.co/HDBjtvzr/AR-BAG34.png
AR-BAG35,K-2411-1*4,GLASS CUP BAG - 4PCS - DARKBROWN,https://i.ibb.co/zHm4677S/AR-BAG35.png
AR-BAG36,K-2411-1*4,GLASS CUP BAG - 4PCS - BLUE,https://i.ibb.co/237Srh1M/AR-BAG36.png
AR-BAG38,K-2411-2*3,GLASS CUP BAG - 6PCS - BROWN,https://alrimaya.com/image/catalog/product/4785/AR-BAG38-(1)-Cover-Photo-4785-thumb.jpg
AR-BAG39,K-2411-2*3,GLASS CUP BAG - 6PCS - LIGHTBROWN,https://i.ibb.co/FbSwyvJB/AR-BAG39.png
AR-BAG40,K-2411-2*3,GLASS CUP BAG - 6PCS - DARK BROWN,https://i.ibb.co/PZPPD6Vp/AR-BAG40.png
AR-BAG41,K-2411-2*3,GLASS CUP BAG - 6PCS - BLUE,https://i.ibb.co/RT5cs6dG/AR-BAG41.png
AR-BAG42,K-2411-2*3,GLASS CUP BAG - 6PCS - PURPLE,https://i.postimg.cc/BQMqWW9Q/AR-BAG42.png
AR-BAG43,K-2411-2*4,GLASS CUP BAG - 8PCS - BROWN,https://alrimaya.com/image/catalog/product/4786/AR-BAG43-(1)-Cover-Photo-4786-thumb.jpg
AR-BAG44,K-2411-2*4,GLASS CUP BAG - 8PCS - RED,https://i.ibb.co/DPZ3CmBw/AR-BAG44.png
AR-BAG45,K-2411-2*4,GLASS CUP BAG - 8PCS - BLUE,https://i.ibb.co/pry68zst/AR-BAG45.png
AR-BAG46,K-2411-2*4,GLASS CUP BAG - 8PCS - PURPLE,https://i.ibb.co/x817nPxh/AR-BAG46.png
AR-BAG47,K-628,FOLDABLE CAMPING STORAGE BOX - 40.5 X 24.5 X 22.5,https://alrimaya.com/image/catalog/product/4818/AR-BAG47-(1)-Cover-Photo-4818-thumb.jpg
AR-BAG48,VKS-K-585,CAMPING CUPBAG - 15X15X9.5 CM,https://alrimaya.com/image/catalog/product/4839/AR-BAG48-(1) main-4839-thumb.jpg
AR-BAG49,VKS-K-609,CAMPING BAG-30L-45X31X26 CM,https://alrimaya.com/image/catalog/product/4840/AR-BAG49-(1) main-4840-thumb.jpg
AR-BAG50,VKS-K-507,CAMPING BAG-41L-45X34X22 CM,https://alrimaya.com/image/catalog/product/4841/AR-BAG50-(1)-4841-thumb.jpg
AR-BAG51,K-2411,4 GLASS + 4 CERAMIC CUP WITH BAG,https://alrimaya.com/image/cache/catalog/product/4947/AR-BAG51-(1)-Cover-Photo-4947-thumb-450x450.jpg
AR-BAG52,K-2411,6 GLASS + 6 CERAMIC CUP WITH BAG,https://alrimaya.com/image/catalog/product/4948/AR-BAG52-(1)-Cover-Photo-4948-thumb.jpg
AR-BAG53,,TACTICAL BACKPACK - 55 x 45 x 22 cm 53L,https://alrimaya.com/image/catalog/product/4961/AR-BAG53 (cover)-4961-thumb.jpg
AR-BAG54,,TACTICAL BACKPACK - 20 x 40 x 20 cm - 13L,https://alrimaya.com/image/catalog/product/4962/AR-BAG54 (cover)-4962-thumb.jpg
AR-BAG55,,CAMPING BAG -  80X40X70CM,https://alrimaya.com/image/catalog/product/4969/AR-BAG55-(1)-4969-thumb.jpg
AR-BAG56,,TEA SUGAR BAG - KHAKI - GREEN,https://i.ibb.co/60F6rWks/AR-BAG56.jpg
AR-BAG57,AR-BAG57,KETTLE BAG BEIGE 33x25x10CM,https://alrimaya.com/image/catalog/product/4998/AR-BAG58 (1)-4998-thumb.jpg
AR-BAG58,AR-BAG58,KETTLE BAG GRAY 33x25x10CM,https://i.ibb.co/JwxWFxym/AR-BAG58.png
AR-BAG60,,CAMPING BAG-49X30X23CM-33 L,https://alrimaya.com/image/catalog/product/5170/AR-BAG60 (2)-5170-thumb.jpg
AR-BAG61,,CAMPING BAG-54X20X19CM-20L,https://alrimaya.com/image/catalog/product/5171/AR-BAG61 (2)-5171-thumb.jpg
AR-BAG62,,CAMPING BAG-29X19X24CM-13L,https://alrimaya.com/image/catalog/product/5172/AR-BAG62 (3)-5172-thumb.jpg
AR-BAG63,,CAMPING BAG-41.5X30.5X30.5CM-38L,https://alrimaya.com/image/catalog/product/5173/AR-BAG63 (3)-5173-thumb.jpg
AR-BAG64,,CAMPING BAG-53X37X30.5-59L,https://alrimaya.com/image/catalog/product/5174/AR-BAG64 (4)-5174-thumb.jpg
AR-BAG65,,TRAVEL BAG-60X35.5X32CM-68L,https://alrimaya.com/image/catalog/product/5175/AR-BAG66 (1)-5175-thumb.jpg
AR-BAG67,,TRAVEL BAG-75X38X39CM-110L,https://alrimaya.com/image/catalog/product/5176/AR-BAG68 (1)-5176-thumb.jpg
AR-BAG69,,GAS CYLINDER COVER-16X16X17.5CM-3L,https://alrimaya.com/image/catalog/product/5177/main-AR-BAG70-5177-thumb.jpg
AR-BAG71,,GAS CYLINDER COVER-26.5X26.5X20.5-10L,https://alrimaya.com/image/catalog/product/5178/main-AR-BAG71-5178-thumb.jpg
AR-BOX11,,CAMPING ALUMINUM STORAGE BOX- 45L-GREEN,https://alrimaya.com/image/catalog/product/4958/AR-BOX11-1 cover-4958-thumb.jpg
AR-BOX12,,CAMPING ALUMINUM STORAGE BOX-90L-GREEN,https://i.ibb.co/20nkhcwG/AR-BOX11.jpg
AR-BOX13,,CAMPING ALUMINUM STORAGE BOX-145L-GREEN,https://i.ibb.co/20nkhcwG/AR-BOX11.jpg
AR-BOX14,,CAMPING ALUMINUM STORAGE BOX-45L-BROWN,https://alrimaya.com/image/catalog/product/5253/AR-BOX14-1 cover-5253-thumb.jpg
AR-BOX15,,CAMPING ALUMINUM STORAGE BOX-90L-BROWN,https://i.ibb.co/qMdhCLzQ/AR-BOX15.jpg
AR-BOX16,,CAMPING ALUMINUM STORAGE BOX-145L-BROWN,https://i.ibb.co/qMdhCLzQ/AR-BOX15.jpg
AR-BOX17,,CAMPING ALUMINUM STORAGE BOX-45L-BLACK,https://alrimaya.com/image/catalog/product/5254/AR-BOX17-1 cover-5254-thumb.jpg
AR-BOX18,,CAMPING ALUMINUM STORAGE BOX-90L-BLACK,https://i.ibb.co/gbyn8r5m/AR-BOX17.jpg
AR-BOX19,,CAMPING ALUMINUM STORAGE BOX-145L-BLACK,https://i.ibb.co/gbyn8r5m/AR-BOX17.jpg
AR-BOX20,,CAMPING STORAGE BOX - OFF WHITE,https://alrimaya.com/image/catalog/product/5065/AR-BOX20 main-5065-thumb.jpg
AR-BSC10,WYSN-WS-2401BK,BACK SUPPORT FLOOR CHAIR BLACK,https://alrimaya.com/image/catalog/product/4628/AR-BSC10-(3)-4628-thumb.jpg
AR-BSC11,WYSN-WS-2401NY,BACK SUPPORT FLOOR CHAIR NAVY BLUE,https://alrimaya.com/image/cache/catalog/product/4628/AR-BSC11-(4)-4628-thumb-800x800.jpg
AR-BSC12,WYSN-WS-2407BR,BACK SUPPORT FLOOR CHAIR BROWN,https://alrimaya.com/image/cache/catalog/product/4629/AR-BSC12-(4)-4629-thumb-800x800.jpg
AR-BSC13,WYSN-WS-2407GY,BACK SUPPORT FLOOR CHAIR GRAY,https://alrimaya.com/image/cache/catalog/product/4629/AR-BSC13-(3)-4629-thumb-800x800.jpg
AR-BSC14,WYSN-WS-2406BR,BACK SUPPORT FLOOR CHAIR BROWN,https://alrimaya.com/image/catalog/product/4630/AR-BSC14-(3)-4630-thumb.jpg
AR-BSC15,WYSN-WS-2406GR,BACK SUPPORT FLOOR CHAIR GREEN,https://alrimaya.com/image/cache/catalog/product/4630/AR-BSC15-(3)-4630-thumb-800x800.jpg
AR-BSC16,WYSN-WS-2406NY,BACK SUPPORT FLOOR CHAIR NAVY BLUE,https://alrimaya.com/image/cache/catalog/product/4630/AR-BSC16-(3)-4630-thumb-800x800.jpg
AR-BSC17,WYSN-WS-2408BR,BACK SUPPORT FLOOR CHAIR BROWN,https://alrimaya.com/image/catalog/product/4631/AR-BSC18-(5)-4631-thumb.jpg
AR-BSC18,WYSN-WS-2408GR,BACK SUPPORT FLOOR CHAIR GREEN,https://alrimaya.com/image/cache/catalog/product/4631/AR-BSC18-(6)-4631-thumb-800x800.jpg
AR-BSC19,WYSN-WS-2408NY,BACK SUPPORT FLOOR CHAIR - NAVY BLUE,https://alrimaya.com/image/cache/catalog/product/4631/AR-BSC19-(5)-4631-thumb-800x800.jpg
AR-BSC20,YX-1083,BACK SUPPORT FLOOR CHAIR WITH SIDE HANDLE,https://alrimaya.com/image/catalog/product/4674/AR-BSC20-(3)-4674-thumb.jpg
AR-BSC23,,BACK SUPPORT FLOOR CHAIR 5-POSITION ADJUSTABLE,https://alrimaya.com/image/cache/catalog/product/4753/3.369874125511000-4753-thumb-800x800.jpg
AR-BSC24,WYSN-2412,BACK SUPPORT FLOOR CHAIR ADJUSTABLE,https://alrimaya.com/image/catalog/product/4755/AR-BSC24-(1) main-4755-thumb.jpg
AR-BSC25,WYSN-2413,BACK SUPPORT FLOOR CHAIR KHAKI,https://alrimaya.com/image/catalog/product/4756/AR-BSC25-(1) main-4756-thumb.jpg
AR-BSC26,WYSN-2414,BACK SUPPORT FLOOR CHAIR KHAKI,https://alrimaya.com/image/catalog/product/4757/AR-BSC26-(1)-4757-thumb.jpg
AR-BSC27,WYSN-2415,BACK SUPPORT FLOOR CHAIR RED BROWN,https://alrimaya.com/image/cache/catalog/product/4758/AR-BSC27-(2)-4758-thumb-600x600.jpg
AR-BSC28,10100225,BACK SUPPORT FLOOR CHAIR,https://i.ibb.co/MxCCnBCr/AR-BSC28.jpg
AR-BSC30,,BACK SUPPORT FLOOR CHAIR - 110 x 68 x 12 cm,https://alrimaya.com/image/catalog/product/4976/AR-BSC30-(1)-4976-thumb.jpg
AR-BSC31,,BACK SUPPORT FLOOR CHAIR - 92 x 62 x 9 cm,https://alrimaya.com/image/catalog/product/4977/AR-BSC31-(1)-4977-thumb.jpg
AR-BSC33,,BACK SUPPORT FLOOR CHAIR - 94 x 44 x 7.5 cm,https://alrimaya.com/image/catalog/product/4978/AR-BSC33-(1)-4978-thumb.jpg
AR-BSC34,,BACK SUPPORT FLOOR CHAIR - 90X50X2.5CM,https://alrimaya.com/image/catalog/product/5256/AR-BSC34-cover----5256-thumb.jpg
AR-BSC35,,BACK SUPPORT FLOOR CHAIR - 100X50X10CM,https://alrimaya.com/image/catalog/product/5257/AR-BSC35-cover--5257-thumb.jpg
AR-BSC36,BSC1023,DuoFlex-BACK SUPPORT CHAIR-171X106X15CM,https://alrimaya.com/image/catalog/product/5310/main AR-BSC36 -1-5310-thumb.jpg
AR-CAN10,,STAINLESS STEEL COFFEE JAR - 850 - 450 ML,https://alrimaya.com/image/catalog/product/4833/AR-CAN10-(1)-4833-thumb.jpg
AR-CAN11,,STAINLESS STEEL CONTAINER - 600 ML,https://alrimaya.com/image/catalog/product/4814/AR-CAN11-(1)-4814-thumb.jpg
AR-CAN12,,STAINLESS STEEL JAR - 700ML,https://alrimaya.com/image/catalog/product/4815/AR-CAN13-(1)-4815-thumb.jpg
AR-CAN13,,STAINLESS STEEL JAR - 950 ML,https://i.ibb.co/QFTJ71Hz/AR-CAN13.jpg
AR-CAN14,,STAINLESS STEEL CONTAINER WITH AIR TIGHT - 700ML,https://alrimaya.com/image/catalog/product/4816/AR-CAN14-(2)-4816-thumb.jpg
AR-CAN15,,TRANSPARENT CONTAINER - 330 ML,https://alrimaya.com/image/catalog/product/5322/AR-CAN15 (1)-5322-thumb.jpg
AR-CAN20,,SQUEEZE SAUCE BOTTLE 2PCS,https://alrimaya.com/image/catalog/product/5809/Main-5809-thumb.jpg
AR-CAO10,FMX-2080,BBQ GRILL WITH FOLDABLE STAND - 64x38x27cm,https://alrimaya.com/image/catalog/product/4573/AR-CAO10-(1)-4573-thumb.jpg
AR-CAO11,FMX-2112,BBQ GRILL - 50x26x33cm ,https://alrimaya.com/image/catalog/product/4574/AR-CAO11-(3)-4574-thumb.jpg
AR-CAO13,FMX-7020NH,PORTABLE GAS FIRE PIT - 50x55.3X24cm,https://alrimaya.com/image/catalog/product/4575/AR-CAO13-(1)main-4575-thumb.jpg
AR-CAO14,FMX-2058,PORTABLE GRILLER WITH WHEEL - 30x60x77cm,https://alrimaya.com/image/cache/catalog/product/4576/AR-CAO14-(10)-4576-thumb-800x800.jpg
AR-CAO15,FMX-1840S-8,BBQ WIND SCREEN-40CM,https://alrimaya.com/image/cache/catalog/product/4577/AR-CA015-(2)-4577-thumb-800x800.jpg
AR-CAO16,FMX-1850S-8,BBQ WIND SCREEN-50CM,https://alrimaya.com/image/cache/catalog/product/4577/AR-CA015-(2)-4577-thumb-800x800.jpg
AR-CAO17,FMX-1860S-8,BBQ WIND SCREEN-60CM,https://alrimaya.com/image/cache/catalog/product/4577/AR-CA015-(2)-4577-thumb-800x800.jpg
AR-CAO18,FMX-6209,OUTDOOR WOOD STOVE,https://alrimaya.com/image/catalog/product/4578/AR-CAO18-(1)-4578-thumb.jpg
AR-CFR10,GDJG-U50,METAL CAR FRIDGE - 50L,https://alrimaya.com/image/cache/catalog/product/4519/0005-4519-thumb-800x800.jpg
AR-CFR11,GDJG-U60,METAL CAR FRIDGE - 60L,https://alrimaya.com/image/cache/catalog/product/4519/0005-4519-thumb-800x800.jpg
AR-CFR12,GDJG-FCS95,CAR FRIDGE - 95L,https://alrimaya.com/image/cache/catalog/product/4521/FC95-1-4521-thumb-800x800.jpg
AR-CFR13,,CAR FRIDGE 35L,https://alrimaya.com/image/catalog/product/5066/main-5066-thumb.jpg
AR-CFR14,,CAR FRIDGE 45L,https://alrimaya.com/image/catalog/product/5067/main-5067-thumb.jpg
AR-CFR15,GDJG-U40,METAL CAR FRIDGE - 40L,https://alrimaya.com/image/cache/catalog/product/5232/Main-AR-CFR15-5232-thumb-600x600.jpg
AR-CMP12,AR-CMP12,RICE FILTER - 26CM,https://alrimaya.com/image/catalog/product/4949/AR-CMP12-(1)-4949-thumb.jpg
AR-CMP20,,STAINLESS STEEL FIRE PIT BBQ GRILL WITH CARRY BAG,https://alrimaya.com/image/catalog/product/4999/AR-CMP20 (2)-4999-thumb.jpg
AR-CMP22,,OUTDOOR SS FRY PAN WITH HANDLE,https://alrimaya.com/image/catalog/product/5266/AR-CMP22 (1)-5266-thumb.jpg
AR-CMP24,,STAINLESS STEEL SPOON - 19.5 x 6.0 CM,https://alrimaya.com/image/catalog/product/5463/AR-CMP24-5463-thumb.jpg
AR-CMP25,AR-CMP25,VACUUM MUG - 400ML-SAND+RED,https://alrimaya.com/image/catalog/product/4979/AR-CMP25-(1)-Cover-Photo-4979-thumb.jpg
AR-CMP26,AR-CMP26,VACUUM MUG - 400ML-GRAY+BLACK,https://i.ibb.co/PG7PggsJ/AR-CMP26.png
AR-CMP30,AR-CMP30,SERVING TRAY - 35X27CM,https://alrimaya.com/image/catalog/product/5267/AR-CMP30 (1)-5267-thumb.jpg
AR-CMP35,,FOLDING TABLE CAMPING SET,https://alrimaya.com/image/catalog/product/5047/AR-CMP35 (2)-5047-thumb.jpg
AR-CMP36,,BBQ CAMPING GRILL,https://alrimaya.com/image/catalog/product/5062/AR-CMP36-05-5062-thumb.jpg
AR-CMP37,,CAMPING HANDHELD GRILL,https://alrimaya.com/image/catalog/product/5063/AR-CMP37-5063-thumb.jpg
AR-CMP40,,STAINLESS STEEL BOWL CONTAINER - 0.4 L,https://i.ibb.co/N67wsztH/AR-CMP40.jpg
AR-CMP41,,STAINLESS STEEL BOWL CONTAINER - 0.7 L,https://alrimaya.com/image/catalog/product/5805/AR-CMP41 (1)-5805-thumb.jpg
AR-CMP46,AR-CMP46,MULTIPURPOSE CAMPING STAND - 47.5X20 CM - SILVER,https://alrimaya.com/image/catalog/product/5230/AR-CMP46-(5)-5230-thumb.jpg
AR-CMP47,AR-CMP47,STAINLESS STEEL CONTAINER SET - 4PCS,https://alrimaya.com/image/catalog/product/5287/AR-CMP47-(2) COVER-5287-thumb.jpg
AR-CMP48,AR-CMP48,OUTDOOR CAMPING SHOWER - 2200mAh,https://alrimaya.com/image/catalog/product/5231/AR-CMP48(3)-5231-thumb.jpg
AR-CMP51,,PORTABLE CHARCOAL GRILL-436 x 436 x 285 MM,https://alrimaya.com/image/catalog/product/5258/AR-CMP51(1)-5258-thumb.jpg
AR-CMP55,SKEWER1026,BBQ SKEWER SET 4PCS 60CM,https://alrimaya.com/image/catalog/product/5317/main-GK-CMP54-5317-thumb.jpg
AR-CMP58,,MINI FRY PAN WITH INDUCTION 14CM,https://alrimaya.com/image/catalog/product/5929/main- AR-CMP58-5929-thumb.jpg
AR-CMP66,,FRY PAN ALUMINUM 28CM,https://alrimaya.com/image/catalog/product/5916/main-AR-CMP66-5916-thumb.jpg
AR-COK10,AR-COK10,STAINLESS STEEL THERMAL VACUUM COOKING POT,https://alrimaya.com/image/catalog/product/4964/main- AR-COK10-4964-thumb.jpg
AR-COK19,,WOODEN  HANDLE SKIMMER,https://alrimaya.com/image/catalog/product/5373/AR-COK19-(1)-5373-thumb.jpg
AR-DLH10,AOG-1507,DOTTED DALLAH GOLDEN LID - 750ML,https://alrimaya.com/image/cache/catalog/product/4689/AR-DLH10-4689-thumb-800x800.jpg
AR-DLH11,AOG-1508,DOTTED DALLAH GOLDEN LID - 1000ML,https://alrimaya.com/image/cache/catalog/product/4689/AR-DLH10-4689-thumb-800x800.jpg
AR-DLH12,AOG-1509,DOTTED DALLAH GOLDEN LID - 1200ML,https://alrimaya.com/image/cache/catalog/product/4689/AR-DLH10-4689-thumb-800x800.jpg
AR-DLH13,,DALLAH STAINLESS STEEL 600 ML - SILVER,https://alrimaya.com/image/catalog/product/5233/main-5233-thumb.jpg
AR-DLH16,,DALLAH STAINLESS STEEL 600 ML - GOLD-SILVER,https://alrimaya.com/image/catalog/product/5234/main-5234-thumb.jpg
AR-FIR10,,MAGIC FLAMES FIRE-POUCH 5PCS,https://alrimaya.com/image/cache/catalog/product/4587/AR-FIR10-(4)-4587-thumb-800x800.jpg
AR-FIR11,,WOOD FIRE STARTER - 20pcs,https://alrimaya.com/image/cache/catalog/product/4588/AR-FIR11-(4)-4588-thumb-800x800.jpg
AR-FIR12,,INSTANT CHARCOAL GRILL 500g,https://alrimaya.com/image/catalog/product/4606/DSC_9232-Edit-4606-thumb.jpg
AR-FIR13,,INSTANT CHARCOAL GRILL 1100g,https://i.ibb.co/qMqTWF1g/AR-FIR13.jpg
AR-FIR14,,FIREWOOD 10KG,https://alrimaya.com/image/catalog/product/5168/AR-FIR14-5168-thumb.jpg
AR-FIR15,,FIREWOOD 10KG,https://alrimaya.com/image/catalog/product/4754/22-4367-(3)-4754-thumb.jpg
AR-FIR16,,FIREWOOD 5KG,https://i.ibb.co/SwTTyrMS/ar-fir16.jpg
AR-FIR19,,ALRIMAYA FIREWOOD 10KG,https://alrimaya.com/image/cache/catalog/product/5304/AR-FIR19-(2)-5304-thumb-600x600.jpg
AR-FIS10,,FISHING SET,https://alrimaya.com/image/catalog/product/4970/AR-FIS10-(1)-Cover-Photo-4970-thumb.jpg
AR-FIS11,,FISHING SET,https://alrimaya.com/image/catalog/product/4971/AR-FIS11-(1)-Cover-Photo-4971-thumb.jpg
AR-FUR10,420105,FOLDING CHAIR RED,https://alrimaya.com/image/cache/catalog/product/3959/22-4237-(1)-3959-thumb-800x800.jpg
AR-FUR11,420105,FOLDING CHAIR LIGHT BROWN & RED,https://alrimaya.com/image/cache/catalog/product/3959/22-4238-(1)-3959-thumb-800x800.jpg
AR-FUR12,420105,FOLDING CHAIR BLACK,https://i.ibb.co/JQY5Lvb/AR-FUR12.jpg
AR-FUR13,420020,ADJUSTABLE FOLDING CHAIR DARK BROWN,https://alrimaya.com/image/catalog/product/3958/22-4236-(1)-3958-thumb.jpg
AR-FUR14,WYSN-WSAR-2404BR,ARMREST - BROWN,https://alrimaya.com/image/catalog/product/4633/ar-fur14-4633-thumb.jpg
AR-FUR15,WYSN-WSAR-2404GR,ARMREST - GREEN,https://alrimaya.com/image/cache/catalog/product/4633/AR-FUR15-(6)-4633-thumb-800x800.jpg
AR-FUR16,WYSN-WSAR-2404NV,ARMREST - NAVY BLUE,https://alrimaya.com/image/cache/catalog/product/4633/AR-FUR16-(6)-4633-thumb-800x800.jpg
AR-FUR17,WYSN-WSAR-2404C-BR,ARMREST - BROWN ,https://alrimaya.com/image/catalog/product/4634/AR-FUR17-(1)-4634-thumb.jpg
AR-FUR18,WYSN-WSAR-2404C-GR,ARMREST - GREEN ,https://alrimaya.com/image/cache/catalog/product/4634/AR-FUR18-(1)-4634-thumb-800x800.jpg
AR-FUR19,WYSN-WSAR-2404C-NV,ARMREST - NAVY BLUE ,https://alrimaya.com/image/cache/catalog/product/4634/AR-FUR19-(1)-4634-thumb-800x800.jpg
AR-FUR20,603/7804,FOLDABLE STOOL 34x28x24cm,https://alrimaya.com/image/catalog/product/4570/AR-FUR20-4570-thumb.jpg
AR-FUR21,608/7805,FOLDABLE STOOL 36x33.5x39cm,https://alrimaya.com/image/catalog/product/4571/AR-FUR21-4571-thumb.jpg
AR-FUR22,7810,FOLDING TABLE 46.5x44.5x38CM GREEN,https://alrimaya.com/image/cache/catalog/product/4572/AR-FUR22-(4)-4572-thumb-800x800.jpg
AR-FUR22-01,TBL1002,FOLDABLE TABLE 46.5x44.5x38 CM BEIGE,https://alrimaya.com/image/catalog/product/5248/AR-FUR22-01 (4)-5248-thumb.jpg
AR-FUR24,,PORTABLE CAMPING FOLDING CHAIR KHAKI,https://alrimaya.com/image/catalog/product/4642/AR-FUR24-4642-thumb.jpg
AR-FUR25,WYSN-CH2401,CHAIR CUSHION,https://alrimaya.com/image/catalog/product/4726/AR-FUR25-4726-thumb.jpg
AR-FUR25-01,SET1004,CHAIR CUSHION,https://alrimaya.com/image/catalog/product/5226/AR-FUR25-01-(1)-5226-thumb.jpg
AR-FUR25-02,SET1004,CHAIR CUSHION,https://alrimaya.com/image/catalog/product/5227/AR-FUR25-02-(1)-5227-thumb.jpg
AR-FUR32,ONETIME-C2034,FOLDING CHAIR MULTICOLOR STRIPE,https://alrimaya.com/image/catalog/product/4738/AR-FUR32-()-4738-thumb.jpg
AR-FUR33,ONETIME-C2121,FOLDING CHAIR - MULTICOLOR STRIPE - BLACK HANDLE,https://alrimaya.com/image/catalog/product/4739/AR-FUR33-(1)main-4739-thumb.jpg
AR-FUR34,ONETIME-C2855,FOLDING CHAIR - BROWN,https://alrimaya.com/image/catalog/product/4740/AR-FUR34-(1)main-4740-thumb.jpg
AR-FUR35,ONETIME-C2161F,BACK SUPPORT FLOOR CHAIR MULTICOLOR STRIPE,https://alrimaya.com/image/catalog/product/4741/AR-FUR35-(1)main-4741-thumb.jpg
AR-FUR36,ONETIME-C2536,DIRECTOR FOLDINCHAIR WITH WOODEN DESIGN SIDE TABLE,https://alrimaya.com/image/catalog/product/4742/AR-FUR36-(3) cover-4742-thumb.jpg
AR-FUR38,,FOLDING TABLE BLACK,https://alrimaya.com/image/catalog/product/4748/NT5155-1-4748-thumb.jpg
AR-FUR39,MG-C085,FOLDING CHAIR - BLACK   ,https://alrimaya.com/image/catalog/product/4746/AR-FUR39-(3)-4746-thumb.jpg
AR-FUR42,22-3887,FOLDING TABLE WITH MESH - 90 X 60 X 66 CM,https://alrimaya.com/image/catalog/product/3453/22-3887-(4)-min-3453-thumb.jpg
AR-FUR43,,COMFORTABLE CAMPING FOLDING CHAIR,https://alrimaya.com/image/catalog/product/4823/AR-FUR43-(1)-4823-thumb.jpg
AR-FUR44,C2635C,CAMPING FOLDING CHAIR WITH SIDE POCKET BLACK,https://alrimaya.com/image/cache/catalog/product/4739/AR-FUR33-(2)-4739-thumb-600x600.jpg
AR-FUR45,,MEMORY FOAM SEAT CUSHION WITH ELASTIC STRAP BROWN,https://alrimaya.com/image/catalog/product/4832/AR-FUR45-(2) cover-4832-thumb.jpg
AR-FUR46,,GOKAMP FOLDING CHAIR,https://alrimaya.com/image/catalog/product/4853/AR-FUR46-(3) cover-4853-thumb.jpg
AR-FUR48,,OVERSIZED LAZY MOON FOLDING CHAIR,https://alrimaya.com/image/catalog/product/4855/AR-FUR48-(1) main-4855-thumb.jpg
AR-FUR51,,FOLDING CHAIR RED 58X62X91CM,https://alrimaya.com/image/catalog/product/4951/AR-FUR51-(3)-4951-thumb.jpg
AR-FUR52,,FOLDING CHAIR GREEN 58X62X91CM,https://i.ibb.co/JwQvsfmG/AR-FUR52.png
AR-FUR53,,FOLDING CHAIR BLACK 58x62x91CM,https://i.ibb.co/MxZLNDcM/AR-FUR53.png
AR-FUR57,,FOLDING CHAIR - 92X58X60,https://alrimaya.com/image/cache/catalog/product/4967/AR-FUR57%20(2)-4967-thumb-600x600.jpg
AR-FUR63,,LARGE BUCKET CHAIR - BEIGE,https://alrimaya.com/image/cache/catalog/product/4972/AR-FUR63%20(2)-4972-thumb-600x600.jpg
AR-FUR64,,LARGE BUCKET CHAIR - NAVY BLUE ,https://alrimaya.com/image/cache/catalog/product/4972/AR-FUR64%20(cover)-4972-thumb-600x600.jpg
AR-FUR65,,LARGE BUCKET CHAIR - RED,https://alrimaya.com/image/cache/catalog/product/4972/AR-FUR65%20(cover)-4972-thumb-600x600.jpg
AR-FUR66,,ADULT'S DIRECTOR CHAIR,https://alrimaya.com/image/cache/catalog/product/4973/AR-FUR66-(3)-4973-thumb-600x600.jpg
AR-FUR67,,KID'S DIRECTOR CHAIR,https://alrimaya.com/image/cache/catalog/product/4974/AR-FUR67%20(3)-4974-thumb-600x600.jpg
AR-FUR68,AR-FUR68,CAMPING FOLDING TABLE - 33X28X15.5CM,https://alrimaya.com/image/catalog/product/5090/AR-FUR68-main-5090-thumb.jpg
AR-FUR77,AR-FUR77,CHAIR CUSHION 120x53x8 CM,https://alrimaya.com/image/catalog/product/5192/AR-FUR77 (1)-5192-thumb.jpg
AR-FUR78,AR-FUR78,PADDED CHAIR COVER-119X50 CM-BEIGE,https://alrimaya.com/image/catalog/product/5238/Main-AR-FUR78-5238-thumb.jpg
AR-FUR83,CHR1001,FOLDING CHAIR - 92X58X60CM - MULTICOLOR,https://alrimaya.com/image/cache/catalog/product/5298/AR-FUR83%20(1)-5298-thumb-600x600.jpg
AR-FUR84,CHR1001,FOLDING CHAIR - 92X58X60CM - MULTICOLOR,https://alrimaya.com/image/catalog/product/5299/AR-FUR84-cov-5299-thumb.jpg
AR-FUR85,CHR1001,FOLDING CHAIR - 92X58X60CM - MULTICOLOR,https://alrimaya.com/image/catalog/product/5300/AR-FUR85-cov-5300-thumb.jpg
AR-FUR94,CHR1001,FOLDING CHAIR DUAL RED,https://i.ibb.co/r2z9chdL/AR-FUR94.png
AR-FUR96,CHR1001,FOLDING CHAIR BROWN,https://i.ibb.co/1hB2Nrz/AR-FUR96.png
AR-FUR97,,FOLDING CHAIR BLACK ,https://i.ibb.co/h3FYS4g/AR-FUR97.png
AR-FUR98,,CUSHION FOLDING CHAIR WITH PILLOW & FOOTREST GREY,https://i.ibb.co/G4Tmscrh/AR-FUR98.png
AR-GAC10,FOT-10793,GUN FIREPROOF SAFE WITH MAGNETIC HOOK,https://alrimaya.com/image/catalog/product/4566/Image_20240709122508-4566-thumb.jpg
AR-GAC11,FOT-10879,RIMFIRE STEEL DUELING TARGET TREE,https://alrimaya.com/image/catalog/product/4567/AR-GAC11-(1)-4567-thumb.jpg
AR-GAC12,SD-551212,DIGITAL GUN SAFE - 5 LONG GUNS,https://alrimaya.com/image/catalog/product/4607/AR-GAC12-(1)-4607-thumb.jpg
AR-GAC13,SD-551612,DIGITAL GUN SAFE - 8 LONG GUNS,https://alrimaya.com/image/catalog/product/4608/AR-GAC13-(1)-4608-thumb.jpg
AR-GAC14,23A17,GUN BAG - 135 X 6.5 X 18-24CM,https://alrimaya.com/image/catalog/product/4673/AR-GAC14-(1)-4673-thumb.jpg
AR-GAC15,23B65,GUN BAG 145cm BEIGE & DARK BROWN,https://alrimaya.com/image/catalog/product/4743/AR-GAC15-(5)-4743-thumb.jpg
AR-GAC16,271281,DESK PAD WITH GUN CLEANING  INSTRUCTIONS DESIGN,https://alrimaya.com/image/catalog/product/4806/AR-GAC16-(1)-4806-thumb.jpg
AR-GAC17,279445,GUN SLICKER ULTRA LIGHT FIREARM COVER,https://alrimaya.com/image/catalog/product/4807/AR-GAC17-(1)-4807-thumb.jpg
AR-GAC18,,GUN TARGET - 35 x 28 x 14 CM,https://alrimaya.com/image/catalog/product/5069/AR-GAC18-5069-thumb.jpg
AR-GAC19,,STEEL GUN TARGET TREE - 53 x 58 x 90 CM,https://alrimaya.com/image/catalog/product/5070/AR-GAC19-main-5070-thumb.jpg
AR-GAC23,,GUN COVER - 66 x 30.5 x 7 cm ,https://alrimaya.com/image/catalog/product/5097/AR-GAC23-(1)-5097-thumb.jpg
AR-GAC26,GUNSAFE1031,PISTOL LOCKER,https://alrimaya.com/image/catalog/product/5921/main-AR-GAC26-5921-thumb.jpg
AR-GAC27,GUNSAFE1031,AMMO BOX 50PCS,https://alrimaya.com/image/catalog/product/5922/main-AR-GAC27-5922-thumb.jpg
AR-GAC28,GUNSAFE1031,GUN SAFE FOR 5 GUNS - 35X30X145 CM,https://alrimaya.com/image/catalog/product/5923/main-AR-GAC28-5923-thumb.jpg
AR-GAS10,ZYZY-28-6,GAS HOSE WITH ADAPTER 1M,https://alrimaya.com/image/catalog/product/4702/AR-GAS10-(1)-4702-thumb.jpg
AR-GAS11,ZYZY-33-4,GAS HOSE EXTENSION LINE,https://alrimaya.com/image/catalog/product/4703/AR-GAS11-(1)-4703-thumb.jpg
AR-GAS12,ZYZY-28-2,GAS VALVE - Φ1.3 x 4.4 cm,https://alrimaya.com/image/catalog/product/4704/AR-GAS12-(1)-4704-thumb.jpg
AR-GAS13,ZYZY-13,LIGHTER FOR GAS STOVE,https://i.ibb.co/pjMYx9NL/AR-GAS13.png
AR-GAS14,GAS25,2  IN 1 CAMPING GAS BURNER ,https://alrimaya.com/image/catalog/product/5048/AR-GAS14-1 main-5048-thumb.jpg
AR-GAS15,GAS25,CAMPING GAS BURNER,https://alrimaya.com/image/catalog/product/5049/AR-GAS15-01-5049-thumb.jpg
AR-GAS16,GAS25,CAMPING GAS BURNER,https://alrimaya.com/image/catalog/product/5050/AR-GAS16-01-5050-thumb.jpg
AR-GAS17,GAS25,PORTABLE 5 GAS BURNERS - JETFLAME X5,https://alrimaya.com/image/catalog/product/5045/AR-GAS17-01-5045-thumb.jpg
AR-GAS18,GAS25,PORTABLE 9 GAS BURNER  - JETFLAME X9,https://alrimaya.com/image/cache/catalog/product/5051/AR-GAS18-(4)-5051-thumb-600x600.jpg
AR-GAS19,GAS25,5 BURNERS GAS STOVE,https://alrimaya.com/image/catalog/product/5052/AR-GAS19-01-5052-thumb.jpg
AR-GAS20,GAS25,CAMPING GAS BURNER,https://alrimaya.com/image/catalog/product/5053/AR-GAS20-01-5053-thumb.jpg
AR-GAS220G,AR-GAS220G,BUTANE GAS CARTRIDGES 220 GR,https://alrimaya.com/image/catalog/product/5465/AR-GAS220G (1)-5465-thumb.jpg
AR-GAS26,AR-GAS26,PORTABLE GAS STOVE,https://alrimaya.com/image/catalog/product/5830/AR-GAS26-main-5830-thumb.jpg
AR-GAS27,AR-GAS27,PORTABLE GAS STOVE,https://alrimaya.com/image/catalog/product/5831/AR-GAS27 -MAIN-5831-thumb.jpg
AR-GAS45,ZYZY-901BIG,GAS FLAME TORCH WITH VALVE,https://alrimaya.com/image/catalog/product/4838/AR-GAS45-(1)-4838-thumb.jpg
AR-GAS48,,PORTABLE GAS STOVE WITH HOSE - MIX COLOR,https://i.ibb.co/sdstPP56/AR-GAS48.jpg
AR-GAS49,ZYZY-04,CARBON CYLINDER GAS ADAPTOR,https://alrimaya.com/image/catalog/product/5268/main-5268-thumb.jpg
AR-GAS50,ZYZY-33-4,3PCS 450G GAS ADAPTOR,https://alrimaya.com/image/catalog/product/5269/main-5269-thumb.jpg
AR-GAS51,ZYZY-32,FOLDABLE GAS FLAME TORCH,https://alrimaya.com/image/catalog/product/5270/main-5270-thumb.jpg
AR-GAS53,,GAS CARTRIDGE LEATHER COVER NAVY BLUE,https://alrimaya.com/image/catalog/product/5689/main - AR-GAS53-5689-thumb.jpg
AR-GAS54,,GAS CARTRIDGE LEATHER COVER BROWN,https://alrimaya.com/image/catalog/product/5690/main -AR-GAS54-5690-thumb.jpg
AR-HAT10,Z001,BOONIE HAT - OLIVE GREEN,https://alrimaya.com/image/cache/catalog/product/4627/AR-HAT10-(4)-4627-thumb-800x800.jpg
AR-HAT11,Z002,BOONIE HAT - KHAKI,https://alrimaya.com/image/cache/catalog/product/4627/AR-HAT11-(4)-4627-thumb-800x800.jpg
AR-HAT12,Z003,BOONIE HAT - NAVY BLUE,https://alrimaya.com/image/cache/catalog/product/4627/AR-HAT12-(4)-4627-thumb-800x800.jpg
AR-HAT13,,BEANIE HAT BLACK,https://alrimaya.com/image/cache/catalog/product/4802/AR-HAT13-(1)-4802-thumb-800x800.jpg
AR-HAT14,,BANDANA 25x50CM CAMO,https://alrimaya.com/image/catalog/product/4809/AR-HAT14 (2)-4809-thumb.jpg
AR-HAT15,,FLEECE BALACLAVA 39x29CM CAMO,https://alrimaya.com/image/catalog/product/4810/AR-HAT15 (1)-4810-thumb.jpg
AR-HAT16,,NECK GAITER 26x24CM BLACK,https://alrimaya.com/image/cache/catalog/product/4811/AR-HAT16(02)-4811-thumb-600x600.jpg
AR-HAT18,RJ-250601,KNITTED HAT - BLACK,https://alrimaya.com/image/catalog/product/5016/Cover-5016-thumb.jpg
AR-HAT19,,OUTDOOR HAT - 50-60CM - ARMYGREEN,https://alrimaya.com/image/catalog/product/5115/AR-HAT19-(1)-5115-thumb.jpg
AR-KNF10,1109P,ALRIMAYA PARING KNIFE - 4 inches,https://alrimaya.com/image/catalog/product/4586/AR-KNF10-(1)-4586-thumb.jpg
AR-KNF11,,KNIFE WITH SHARPENING PROTECTIVE SHEATH - BLUE,https://alrimaya.com/image/catalog/product/4837/AR-KNF11-(2)-4837-thumb.jpg
AR-KNF12,,KNIFE WITH SHARPENING PROTECTIVE SHEATH - BLACK,https://i.ibb.co/JW34xM7V/AR-KNF12.jpg
AR-KNF13,,POCKET KNIFE WITH KEY CHAIN,https://alrimaya.com/image/catalog/product/4824/AR-KNF13-(1)-4824-thumb.jpg
AR-KNF14,,5 IN 1 POCKET KNIFE,https://alrimaya.com/image/catalog/product/4825/AR-KNF14-(1)-4825-thumb.jpg
AR-KNF15,,ORNATE KNIFE - 11.5CM,https://alrimaya.com/image/catalog/product/4827/AR-KNF15 (Cover)-4827-thumb.jpg
AR-KNF16,,ORNATE KNIFE - 16.2CM,https://alrimaya.com/image/catalog/product/4828/AR-KNF16 (2)-4828-thumb.jpg
AR-KNF17,,ORNATE KNIFE - 19.3 CM,https://alrimaya.com/image/catalog/product/4829/AR-KNF17 (Cover)-4829-thumb.jpg
AR-KNF18,7016K-N,POCKET KNIFE - WOODED HANDLE COLOR,https://alrimaya.com/image/catalog/product/4975/AR-KNF18 (4)-4975-thumb.jpg
AR-KNF19,AR-KNF19,WALKING STICK STEEL WITH KNIFE,https://alrimaya.com/image/catalog/product/5320/Cover-5320-thumb.jpg
AR-KNF20,AR-KNF20,WALKING STICK STEEL WITH KNIFE,https://alrimaya.com/image/catalog/product/5321/Cover-5321-thumb.jpg
AR-KNF21,,STAINLESS STEEL KNIFE - 25CM,https://alrimaya.com/image/catalog/product/5072/AR-KNF21-(2)-5072-thumb.jpg
AR-KNF22,,FOLDING KNIFE - 10.2CM,https://alrimaya.com/image/catalog/product/5073/AR-KNF22-(6)-5073-thumb.jpg
AR-KNF25,KNIFE1017,OUTDOOR FOLDING KNIFE (BLACK / ORANGE),https://alrimaya.com/image/catalog/product/5810/AR-KNF25-main-5810-thumb.jpg
AR-KNF26,KNIFE1017,OUTDOOR FOLDING KNIFE WITH CHAIN,https://alrimaya.com/image/catalog/product/5811/AR-KNF26-main-5811-thumb.jpg
AR-KNF28,KNIFE1017,OUTDOOR FOLDING KNIFE,https://alrimaya.com/image/catalog/product/5812/AR-KNF28-main-5812-thumb.jpg
AR-KNF29,KNIFE1017,OUTDOOR FOLDING KNIFE WITH KEY RING,https://alrimaya.com/image/catalog/product/5813/AR-KNF29-main.-5813-thumb.jpg
AR-KNFSET-01,KNIFE1017,ALRIMAYA KNIFE SET 7 PCS - BLUE,https://alrimaya.com/image/catalog/product/5311/AR-KNFSET-01 (5)-5-5311-thumb.jpg
AR-LIT10,W5202-1,FLASHLIGHT 5500LUMENS,https://alrimaya.com/image/catalog/product/4555/AR-LIT10-(15)-4555-thumb.jpg
AR-LIT11,11827,CAMPING LANTERN - 2000mAh,https://alrimaya.com/image/catalog/product/4539/741-4539-thumb.jpg
AR-LIT12,,OUTDOOR STRING LIGHT WITH SOLAR POWER 8M/10BULB,https://alrimaya.com/image/catalog/product/4564/AR-LIT12-(2)-4564-thumb-800x800-4564-thumb.jpg
AR-LIT13,,ALUMINUM LED FLASHLIGHT - 8 LED BEADS,https://alrimaya.com/image/catalog/product/4677/AR-LIT13-(1)-4677-thumb.jpg
AR-LIT14,HL-CL0754,OUTDOOR CAMPING LAMP,https://alrimaya.com/image/catalog/product/4716/AR-LIT14-(3)-4716-thumb.jpg
AR-LIT15,HL-WF0547,MINI FLASHLIGHT 1000LM,https://alrimaya.com/image/catalog/product/4717/AR-LIT15-(1)-4717-thumb.jpg
AR-LIT16,HL-H0683,RECHARGEABLE HEADLAMP WITH SENSOR ,https://alrimaya.com/image/catalog/product/4718/AR-LIT16-(3)-4718-thumb.jpg
AR-LIT17,HL-MF1048,PORTABLE FAN WITH LIGHT,https://alrimaya.com/image/catalog/product/4729/AR-LIT17-(1)-4729-thumb.jpg
AR-LIT18,HL-WL2251,RECHARGEABLE WORK LIGHT,https://alrimaya.com/image/catalog/product/4730/AR-LIT18-(5)-4730-thumb.jpg
AR-LIT19,HL-WF0560,RECHARGEABLE ZOOM FLASHLIGHT 1000LM,https://alrimaya.com/image/catalog/product/4719/AR-LIT19-(1)-4719-thumb.jpg
AR-LIT21,W892-3,MULTI-PURPOSE WORK LIGHT,https://alrimaya.com/image/cache/catalog/product/4731/AR-LIT21-(7)-4731-thumb-800x800.jpg
AR-LIT25,,ALUMINUM LONG RANGE FLASHLIGHT,https://alrimaya.com/image/catalog/product/4737/AR-LIT25-(1)-4737-thumb.jpg
AR-LIT26,,ZOOMABLE FLASHLIGHT - 1600 - 3000 LM,https://alrimaya.com/image/catalog/product/4834/AR-LIT26-(6)-4834-thumb.jpg
AR-LIT27,AR-LIT27,CAMPING HANGING LIGHT,https://alrimaya.com/image/catalog/product/4950/PICTURE-4950-thumb.jpg
AR-LIT35,AR-LIT35,LED MULTIFUNCTIONAL WORK LIGHT - 3200 LM,https://alrimaya.com/image/catalog/product/4981/AR-LIT35-(1)-4981-thumb.jpg
AR-LIT42,AR-LIT42, ALUMINUM CAMPING LIGHT,https://alrimaya.com/image/catalog/product/5022/AR-LIT42-(1)-5022-thumb.jpg
AR-LIT43,AR-LIT43,RECHARGEABLE CAMPING LANTERN,https://alrimaya.com/image/catalog/product/5006/main  AR-LIT43(1)-5006-thumb.jpg
AR-LIT46,,SPOT LIGHT 5400 mAh - 500 LM,https://alrimaya.com/image/catalog/product/5046/AR-LIT46-(1)-5046-thumb.jpg
AR-LIT49,,SOLAR RETRO LANTERN BLACK,https://alrimaya.com/image/catalog/product/5387/main  AR-LIT49(1)-5387-thumb.jpg
AR-LIT54,LIGHT1011,SOLAR WORK LIGHT - COB 1000 LUMENS - LIGHT BEADS 7,https://alrimaya.com/image/catalog/product/5284/AR-LIT54-(2) COVER-5284-thumb.jpg
AR-MAT10,WYSN-WSPM-2409BR,PICNIC MAT - BROWN,https://alrimaya.com/image/catalog/product/4635/AR-MAT10-4635-thumb.jpg
AR-MAT11,WYSN-WSPM-2409GR,PICNIC MAT - GREEN,https://alrimaya.com/image/cache/catalog/product/4635/AR-MAT11-(4)-4635-thumb-800x800.jpg
AR-MAT12,WYSN-WSPM-2409NY,PICNIC MAT - NAVY BLUE,https://alrimaya.com/image/cache/catalog/product/4635/AR-MAT12-(4)-4635-thumb-800x800.jpg
AR-MAT13,WYSN-WSPM-2410BE,PICNIC MAT - BEIGE,https://alrimaya.com/image/catalog/product/4636/AR-MAT13-4636-thumb.jpg
AR-MAT14,WYSN-WSPM-2410BR,PICNIC MAT - BROWN ,https://alrimaya.com/image/cache/catalog/product/4636/AR-MAT14-(3)-4636-thumb-800x800.jpg
AR-MAT15,WYSN-WDSC-2401N,FOLDING WIND SCREEN & WHEEL COVER,https://i.ibb.co/wFdyc1Hb/AR-MAT15.png
AR-MAT16,WYSN-224359,PICNIC MAT 140x200CM - MULTI-COLOR,https://alrimaya.com/image/catalog/product/4638/AR-MAT16-4638-thumb.jpg
AR-MAT17,,PICNIC MAT 2*3M - BLACK,https://alrimaya.com/image/catalog/product/4676/1111AR-MAT18-(1)-4676-thumb.jpg
AR-MAT18,,PICNIC MAT 2*3M - YELLOW/ORANGE,https://i.ibb.co/NnSzfXzs/AR-MAT18.jpg
AR-MAT19,,PICNIC MAT 2*3M - PURPLE/BLUE,https://i.ibb.co/Q7zfVMbK/AR-MAT19.jpg
AR-MAT20,EKS059-8,PRAYER MAT 80x120 cm,https://alrimaya.com/image/catalog/product/4800/AR-MAT20-(2) cover-4800-thumb.jpg
AR-MAT21,EKS059-9,PRAYER MAT 80x120 cm,https://alrimaya.com/image/catalog/product/4801/AR-MAT21-(2) cover-4801-thumb.jpg
AR-MAT24,,FLOOR MAT 180X55 ARM REST,https://alrimaya.com/image/catalog/product/4968/AR-MAT24-(5)-4968-thumb.jpg
AR-MAT26,MAT1007,PICNIC MAT - 145 x 200 CM,https://alrimaya.com/image/catalog/product/5281/AR-MAT26 (1)-5281-thumb.jpg
AR-MAT27,MAT1007,PICNIC MAT - 145 x 200 CM,https://alrimaya.com/image/catalog/product/5282/AR-MAT27 (2)-5282-thumb.jpg
AR-MAT28,MAT1007,PICNIC MAT - 145 x 200 CM,https://alrimaya.com/image/catalog/product/5283/AR-MAT28 (2)-5283-thumb.jpg
AR-MAT29,MAT1007,PICNIC MAT - 150X200CM - MULTICOLOR,https://alrimaya.com/image/catalog/product/5301/AR-MAT29 main-5301-thumb.jpg
AR-MAT30,MAT1007,PICNIC MAT - 150X200CM - MULTICOLOR,https://alrimaya.com/image/catalog/product/5302/AR-MAT30 main-5302-thumb.jpg
AR-MAT31,MAT1007,PICNIC MAT - 150X200CM - MULTICOLOR,https://alrimaya.com/image/catalog/product/5303/AR-MAT31 main -5303-thumb.jpg
AR-MAT33,MAT1007,PICNIC BLANKET WITH FIRE PIT CUT-OUT-290X300CM-RED,https://alrimaya.com/image/catalog/product/5323/AR-MAT33-main-5323-thumb.jpg
AR-OCP10,DRA-AROCP10,STAINLESS STEEL DOTTED TEA KETTLE - 1LITER,https://alrimaya.com/image/catalog/product/4663/AR-OCP10-(1)-4663-thumb.jpg
AR-OCP11,DRA-AROCP11,STAINLESS STEEL DOTTED TEA KETTLE - 1.5LITER,https://alrimaya.com/image/cache/catalog/product/4663/AR-OCP10-(1)-4663-thumb-800x800.jpg
AR-OCP12,DRA-AROCP10,STAINLESS STEEL DOTTED TEA KETTLE - 1.9LITER,https://alrimaya.com/image/cache/catalog/product/4663/AR-OCP10-(1)-4663-thumb-800x800.jpg
AR-OCP13,DRA-AROCP13,STAINLESS STEEL TEA KETTLE - 800ml,https://alrimaya.com/image/catalog/product/4666/AR-OCP13-4666-thumb.jpg
AR-OCP14,AR-OCP14,STAINLESS STEEL JUG - 1200 ML,https://alrimaya.com/image/catalog/product/4712/AR-OCP14-AR-OCP15-AR-OCP16-(1)-4712-thumb.jpg
AR-OCP15,AR-OCP15,STAINLESS STEEL JUG - 1600 ML,https://i.ibb.co/wFg1rPJs/AR-OCP15.png
AR-OCP16,AR-OCP16,STAINLESS STEEL JUG - 2000 ML,https://i.ibb.co/wFg1rPJs/AR-OCP15.png
AR-OCP17,DRA-AROCP17,STAINLESS STEEL DOTTED JAR - 400ML,https://alrimaya.com/image/catalog/product/4678/AR-OCP17-AR-OCP18-AR-OCP19-AR-OCP20-(2)(1)-4678-thumb.jpg
AR-OCP18,DRA-AROCP18,STAINLESS STEEL DOTTED JAR - 500ML,https://alrimaya.com/image/cache/catalog/product/4678/AR-OCP17-2-4678-thumb-800x800.jpg
AR-OCP19,DRA-AROCP19,STAINLESS STEEL DOTTED JAR 700ML,https://alrimaya.com/image/cache/catalog/product/4678/AR-OCP17-2-4678-thumb-800x800.jpg
AR-OCP20,DRA-AROCP20,STAINLESS STEEL DOTTED JAR 1000ML,https://alrimaya.com/image/cache/catalog/product/4678/AR-OCP17-2-4678-thumb-800x800.jpg
AR-OCP21,DRA-AROCP21,STAINLESS STEEL DOTTED JAR - 1500ML,https://alrimaya.com/image/cache/catalog/product/4678/AR-OCP17-2-4678-thumb-800x800.jpg
AR-OCP22,DRA-AROCP22,STAINLESS STEEL DOTTED JAR - 1700ML,https://alrimaya.com/image/cache/catalog/product/4678/AR-OCP17-2-4678-thumb-800x800.jpg
AR-OCP23,DRA-AROCP23,STAINLESS STEEL DOTTED JAR - 2000ML,https://alrimaya.com/image/cache/catalog/product/4678/AR-OCP17-2-4678-thumb-800x800.jpg
AR-OCP24,DRA-AROCP24,STAINLESS STEEL 3PCS CANISTER SET,https://alrimaya.com/image/catalog/product/4670/AR-OCP24-(2)(1)-4670-thumb.jpg
AR-OCP25,DRA-22-3621,STAINLESS STEEL 3PCS CANISTER SET,https://alrimaya.com/image/catalog/product/4679/AR-OCP25-(1)-4679-thumb.jpg
AR-OCP26,DRA-AROCP26,STAINLESS STEEL CANISTER WITH SPOON,https://alrimaya.com/image/catalog/product/4671/AR-OCP26-(2)-4671-thumb.jpg
AR-OCP27,AR-OCP27,STAINLESS STEEL SPOON,https://alrimaya.com/image/catalog/product/4720/AR-OCP26-(5)-4720-thumb.jpg
AR-OCP28,AR-OCP28,STAINLESS STEEL DOTTED MUG 300ML,https://alrimaya.com/image/catalog/product/4672/22-3931-(1)-min-3611-thumb-800x800-4672-thumb.jpg
AR-OCP29,AR-OCP29,STAINLESS STEEL DOTTED MUG - 600ML,https://i.postimg.cc/QMWsWHBh/AR-OCP29.png
AR-OCP30,XC2019B,TEA GLASS 2PCS,https://alrimaya.com/image/catalog/product/4610/AR-OCP30 (1) (1)-4610-thumb.jpg
AR-OCP31,XC2019B,TEA GLASS 4PCS,https://alrimaya.com/image/cache/catalog/product/4610/AR-OCP30%20(2)%20(1)-4610-thumb-800x800.jpg
AR-OCP32,XC2019B,TEA GLASS 6PCS,https://alrimaya.com/image/cache/catalog/product/4610/AR-OCP30%20(16)-4610-thumb-800x800.jpg
AR-OCP33,TSSL-0023,STAINLESS STEEL TEA INFUSER MEDIUM,https://alrimaya.com/image/catalog/product/4661/AR-OCP33-(1)-4661-thumb.jpg
AR-OCP34,TSSL-0022,STAINLESS STEEL TEA INFUSER SMALL,https://alrimaya.com/image/cache/catalog/product/4661/AR-OCP33-(1)-4661-thumb-800x800.jpg
AR-OCP35,,STAINLESS STEEL CONTAINER - 680ML,https://alrimaya.com/image/catalog/product/4761/AR-OCP35-(1)-4761-thumb.jpg
AR-OCP36,,STAINLESS STEEL BOWL - 230ML,https://alrimaya.com/image/catalog/product/5064/AR-OCP36-(1)-5064-thumb.jpg
AR-OTC10,,FRUIT & VEGETABLE WASHING STRAINER,https://alrimaya.com/image/catalog/product/4558/AR-OTC10-4558-thumb.jpg
AR-OTC11,,FRUIT & VEGETABLE WASHING STRAINER,https://alrimaya.com/image/catalog/product/4559/AR-OTC11-4559-thumb.jpg
AR-OTD10,AR-OTD10,OCTAGONAL HAMMER,https://alrimaya.com/image/catalog/product/4750/AR-OTD10-(1)-4750-thumb.jpg
AR-OTD14,,SAND SLIDER COFFEE,https://alrimaya.com/image/catalog/product/5001/AR-OTD14-(1)-main-5001-thumb.jpg
AR-OTD17,AR-OTD17,SAND SLIDER WITH HANDLE - 41 x 13.5 x 62.5 CM,https://alrimaya.com/image/catalog/product/4980/AR-OTD17 (2)-4980-thumb.jpg
AR-OTD21,,CARBON STEEL SHOVEL - 82CM,https://alrimaya.com/image/catalog/product/5808/AR-OTD21-(1)-5808-thumb.jpg
AR-PWR12,,1800mAh 18650 BATTERY,https://alrimaya.com/image/catalog/product/5110/AR-PWR12-(1)-5110-thumb.jpg
AR-SLB13,24-240,NEOM-SLEEPING BAG-220x120cm ,https://alrimaya.com/image/catalog/product/4643/AR-SLB13-(3)-4643-thumb.jpg
AR-SLB15,24-242,KHUZAMA-SLEEPING BAG-210x105cm,https://alrimaya.com/image/catalog/product/4644/AR-SLB15-4644-thumb.jpg
AR-SLB16,24-243,DAHNAA-SLEEPING BAG-220x110cm ,https://alrimaya.com/image/catalog/product/4645/AR-SLB16-(2)-4645-thumb.jpg
AR-SLB17,24-244,SUMMAN-SLEEPING BAG-215x110cm,https://alrimaya.com/image/catalog/product/4646/AR-SLB17-(2)-4646-thumb.jpg
AR-SLB19,24-246,SLEEPING BAG - KHAKI 210x100cm,https://alrimaya.com/image/cache/catalog/product/4623/AR-SLB19-(7)-4623-thumb-800x800.jpg
AR-SLB20,24-247,SLEEPING BAG-GREEN (190+30)×75cm,https://alrimaya.com/image/cache/catalog/product/4625/AR-SLB20-(6)-4625-thumb-800x800.jpg
AR-SLB21,24-248,SLEEPING BAG-DARK BLUE (190+30)×75cm,https://alrimaya.com/image/cache/catalog/product/4626/AR-SLB21-(6)-4626-thumb-800x800.jpg
AR-SLB28,AR-SLB28,SLEEPING BAG 200x110CM,https://alrimaya.com/image/cache/catalog/product/5010/AR-SLB28-(3)-5010-thumb-600x600.jpg
AR-SLB29,AR-SLB29,SLEEPING BAG 210x110CM,https://alrimaya.com/image/cache/catalog/product/5011/AR-SLB29%20-%20main-5011-thumb-600x600.jpg
AR-SLB30,AR-SLB30,SLEEPING BAG 190+30x90CM,https://alrimaya.com/image/cache/catalog/product/5012/AR-SLB30%20-%20main-5012-thumb-600x600.jpg
AR-SLB31,AR-SLB31,SLEEPING BAG 190+30x90CM,https://alrimaya.com/image/cache/catalog/product/5013/AR-SLB31%20-%20main-5013-thumb-600x600.jpg
AR-SLB33,,AIR MATTRESS WITH BUILT-IN ELECTRIC PUMP 200X76X10,https://i.postimg.cc/Rh6WtpCn/AR-SLB33.png
AR-SLB34,SLB1013,SLEEPING BAG WITH AIR MATTRESS AND BUILT-IN ELECTR,https://alrimaya.com/image/catalog/product/5297/AR-SLB34(1)-5297-thumb.jpg
AR-SPC10,CSA2405,5L STAINLESS STEEL PRESSURE COOKER,https://alrimaya.com/image/catalog/product/4593/AR-SPC10-(1)-4593-thumb.jpg
AR-SPC11,CSA2407,7L STAINLESS STEEL PRESSURE COOKER,https://i.ibb.co/svCFGHWn/AR-SPC11.jpg
AR-SPC12,CSA2609,9L STAINLESS STEEL PRESSURE COOKER,https://i.ibb.co/svCFGHWn/AR-SPC11.jpg
AR-SPC13,CSA2811,11L STAINLESS STEEL PRESSURE COOKER,https://i.ibb.co/svCFGHWn/AR-SPC11.jpg
AR-TEA11,,GLASS POT WITH FILTER AND 4CUPS - 900ML,https://alrimaya.com/image/catalog/product/4892/AR-TEA11-(1)-4892-thumb.jpg
AR-TEA12,,GLASS COFFEE POT -  600 ML,https://alrimaya.com/image/catalog/product/4893/AR-TEA12-(1)-4893-thumb.jpg
AR-TEA13,AOG-TEA13,MILK BOILER - 1500 ML,https://alrimaya.com/image/catalog/product/5040/AR-TEA13-(1)-5040-thumb.jpg
AR-TEA14,AOG-TEA14,MILK JUG WITH SPOUT - 1000 ML,https://alrimaya.com/image/catalog/product/5041/AR-TEA14-(1)-5041-thumb.jpg
AR-TEA15,AOG-TEA15,MILK JUG WITH SPOUT  - 1500 ML,https://i.ibb.co/zVwpbVvs/AR-TEA15.jpg
AR-TEA16,AR-TEA16,ALUMINUM KETTLE 1600 ML,https://alrimaya.com/image/cache/catalog/product/5075/Cover-5075-thumb-600x600.jpg
AR-TEA17,AR-TEA17,ALUMINUM KETTLE 1100 ML,https://alrimaya.com/image/cache/catalog/product/5075/Cover-5075-thumb-600x600.jpg
AR-TEA18,AR-TEA18,ALUMINUM KETTLE 750 ML,https://alrimaya.com/image/cache/catalog/product/5075/Cover-5075-thumb-600x600.jpg
AR-TEA19,AR-TEA19,ALUMINUM KETTLE 500 ML,https://alrimaya.com/image/cache/catalog/product/5075/Cover-5075-thumb-600x600.jpg
AR-TEA20,AR-TEA20,ALUMINUM KETTLE 1900 ML,https://alrimaya.com/image/cache/catalog/product/5075/Cover-5075-thumb-600x600.jpg
AR-TEA21,AR-TEA21,ALUMINUM KETTLE 1000 ML,https://alrimaya.com/image/cache/catalog/product/5075/Cover-5075-thumb-600x600.jpg
AR-TEA22,AR-TEA22,ALUMINUM MILK POT 1500 ML,https://alrimaya.com/image/cache/catalog/product/5081/AR-TEA22-(2)-5081-thumb-600x600.jpg
AR-TEA23,AR-TEA23,ALUMINUM MILK POT 900 ML,https://alrimaya.com/image/cache/catalog/product/5081/AR-TEA22-(2)-5081-thumb-600x600.jpg
AR-TEA24,AR-TEA24,ALUMINUM MILK POT 1500 ML,https://alrimaya.com/image/cache/catalog/product/5081/AR-TEA22-(2)-5081-thumb-600x600.jpg
AR-TEA25,AR-TEA25,ALUMINUM MILK POT 900 ML,https://alrimaya.com/image/cache/catalog/product/5081/AR-TEA22-(2)-5081-thumb-600x600.jpg
AR-TEA26,,TEA GLASS 1PCS,https://i.ibb.co/YFnxB8mh/AR-TEA26.jpg
AR-TMS10,TSC-UQ06SP,THERMOS STAINLESS STEEL 0.6L BLACK/PRINTED,https://alrimaya.com/image/catalog/product/4662/AR-TMS10-(1)-4662-thumb.jpg
AR-TMS11,TSC-UQ10SP,THERMOS STAINLESS STEEL 1L BLACK/PRINTED,https://alrimaya.com/image/cache/catalog/product/4662/AR-TMS11-(1)-4662-thumb-800x800.jpg
AR-TMS12,TSC-UQ15SP,THERMOS STAINLESS STEEL 1.5L BLACK/PRINTED,https://alrimaya.com/image/cache/catalog/product/4662/AR-TMS11-(1)-4662-thumb-800x800.jpg
AR-TMS13,,MUG WITH FILTER - 480ML,https://alrimaya.com/image/catalog/product/4812/AR-TMS13-(1)-4812-thumb.jpg
AR-TMS14,,MUG WITH FILTER - 600ML,https://i.ibb.co/V0QbXXFS/AR-TMS13.jpg
AR-TMS15,750ML,THERMOS WITH CASE AND 2PCS CUP - 750ML,https://alrimaya.com/image/catalog/product/4908/AR-TMS15-main-4908-thumb.jpg
AR-TMS16,,THERMOS WITH CASE AND 2PCS CUP - 950ML,https://alrimaya.com/image/catalog/product/4909/AR-TMS16-main-4909-thumb.jpg
AR-TMS17,,THERMOS - WITH HERITAGE PATTERN 0.6 LITER,https://alrimaya.com/image/catalog/product/5071/AR-TMS18-(1)-5071-thumb-5071-thumb.jpg
AR-TMS22,,THERMAL INSULATED DOUBLE LAYER SS DALLAH 750ML,https://alrimaya.com/image/catalog/product/5931/main-AR-TMS22 -5931-thumb.jpg
AR-TMS24,,THERMAL INSULATED DOUBLE LAYER SS DALLAH SET,https://alrimaya.com/image/catalog/product/5932/AR-TMS24-1-5932-thumb-5932-thumb.jpg
AR-TNT10,22-4118,FOLDING WIND SCREEN TENT- BEIGE - 480x120cm,https://alrimaya.com/image/cache/catalog/product/4561/AR-TNT10-(3)-4561-thumb-600x600.jpg
AR-TNT13,WYSN-MT2402,MOSQUITO TENT 310x270x195CM,https://alrimaya.com/image/catalog/product/4727/AR-TNT13-(2)-4727-thumb.jpg
AR-TNT16,AR-TNT16,FOLDING WIND SCREEN TENT 145x560CM KHAKI,https://alrimaya.com/image/catalog/product/5017/AR-TNT16-5017-thumb.jpg
AR-TNT17,AR-TNT17,FOLDING WIND SCREEN TENT 145x720CM KHAKI,https://alrimaya.com/image/catalog/product/5018/AR-TNT17-5018-thumb.jpg
AR-TNT18,AR-TNT18,FOLDING WIND SCREEN TENT 145x840CM KHAKI,https://alrimaya.com/image/catalog/product/5019/AR-TNT18-5019-thumb.jpg
AR-TNT19,AR-TNT19,INSTANT CAMPING TENT 150x250x110CM BROWN,https://alrimaya.com/image/catalog/product/5020/IMG_0141-5020-thumb.jpg
AR-TNT20,AR-TNT20,MESH CAMPING TENT 250x140x110CM BROWN,https://alrimaya.com/image/catalog/product/5021/IMG_0155-5021-thumb.jpg
AR-TNT24,TENT1012,INSTANT CAMPING TENT - 280x240x155 CM - BEIGE,https://alrimaya.com/image/catalog/product/5191/AR-TNT24-(5)-5191-thumb.jpg
AR-TNT25,TENT1012,ALRIMAYA AIR TENT 3*3*2.6M,https://alrimaya.com/image/catalog/product/5318/AR-TNT25 (1)-5318-thumb.jpg
AR-TNT29,TENT1012,MESH TENT-250X200X140CM-BROWN,https://alrimaya.com/image/catalog/product/5316/AR-TNT29-(1)-5316-thumb.jpg
AR-TNT38,TENT1012,CAMPING TENT 4*4M,https://alrimaya.com/image/catalog/product/5915/AR-TNT38 -main-5915-thumb.jpg
AR-TOL10,,OUD CUTTER,https://alrimaya.com/image/catalog/product/4613/AR-TOL10-4613-thumb.jpg
AR-TOL11,MR6508,"PORTABLE CHAIN SAW - 8""",https://alrimaya.com/image/catalog/product/4664/AR-TOL11-(6)-4664-thumb.jpg
AR-TOL12,,HUNTING HAMMER,https://alrimaya.com/image/catalog/product/4744/AR-TOL12-(1)-4744-thumb.jpg
AR-TOL13,BM-S238CP,38PCS REPAIR TOOL KIT - MADE IN TAIWAN,https://alrimaya.com/image/catalog/product/4803/AR-TOL13-(5)-4803-thumb.jpg
AR-TOL14,MR6503,BRUSHLESS CHAIN SAW-6inch,https://alrimaya.com/image/catalog/product/4813/AR-TOL14-(1)-main-4813-thumb.jpg
AR-TOL15,261233,BACK PACKING TROWEL CAMPING SHOVEL,https://alrimaya.com/image/catalog/product/4808/AR-TOL15-(1)-4808-thumb.jpg
AR-TOL16,,ALRIMAYA 14-IN1- POCKET TOOL,https://alrimaya.com/image/catalog/product/5307/AR-TOL16-(1)-5307-thumb.jpg
AR-TOL17,,ALRIMAYA 5-IN-1 MULTI FUNCTION NAIL CLIPER,https://alrimaya.com/image/catalog/product/5308/AR-TOL17 (9)-5308-thumb.jpg
AR-TOL18,,ALRIMAYA 6-IN-1 POCKET- TOOL,https://alrimaya.com/image/catalog/product/5309/AR-TOL18-(1)-5309-thumb.jpg
AR-TOL19,,TYRE REPAIR KIT - 16 PCS,https://alrimaya.com/image/catalog/product/5285/AR-TOL19-(3) COVER-5285-thumb.jpg
AR-TOL20,,TYRE REPAIR KIT - 30 PCS,https://alrimaya.com/image/catalog/product/5286/AR-TOL20-(3) COVER-5286-thumb.jpg
AR-TVL26,UMB303,TRAVEL UMBRELLA - BLUE,https://alrimaya.com/image/catalog/product/4675/AR-TVL26-(5)-4675-thumb.jpg
AR-TVL27,UMB303,TRAVEL UMBRELLA - BEIGE,https://i.ibb.co/qv1D0vs/AR-TVL27.png
AR-TVL31,,LIGHTWEIGHT TRAVEL UMBRELLA - BEIGE,https://alrimaya.com/image/catalog/product/4733/AR-TVL31-(5)-4733-thumb.jpg
AR-TVL32,,LIGHTWEIGHT TRAVEL UMBRELLA - DARK BLUE,https://i.ibb.co/Wvy3zQjt/AR-TVL32.png
AR-TVL33,,LIGHTWEIGHT TRAVEL UMBRELLA - TRANSPARENT,https://alrimaya.com/image/catalog/product/4734/AR-TVL33-(6)-4734-thumb.jpg
AR-TVL35,,CAMPING PILLOW - BLUE,https://alrimaya.com/image/catalog/product/4819/AR-TVL35-(1)-main-4819-thumb.jpg
AR-TVL36,,CAMPING PILLOW - OLIVE,https://i.ibb.co/KpCj3bKZ/AR-TVL36.jpg
AR-TVL40,AR-TVL40,TRAVEL WAIST AND BACK SUPPORT CUSHION,https://alrimaya.com/image/catalog/product/4957/AR-TVL40 (1)-4957-thumb.jpg
AR-TVL47,,WATER BOTTLE 950ML,https://alrimaya.com/image/catalog/product/5023/AR-TVL47 (1)-5023-thumb.jpg
AR-TVL48,,PORTABLE TRAVEL BIDET SPRAYER 3PC SET MULTICOLOR ,https://alrimaya.com/image/catalog/product/5116/466666666666-Photoroom-5116-thumb.jpg
AR-TVL51,UMB1024,UUMBRELLA WITH WOODEN HANDLE LIGHT KHAKI,https://alrimaya.com/image/catalog/product/5325/AR-TVL51 (2)-5325-thumb.jpg
AR-TVL52,UMB1024,UMBRELLA WITH WOODEN HANDLE DARK GREEN,https://alrimaya.com/image/catalog/product/5326/AR-TVL52 (1)-5326-thumb.jpg
AR-VAC10,2000A,BOOSTER CABLE 2000A 3M,https://alrimaya.com/image/catalog/product/4563/AR-VAC10-(7)-4563-thumb.jpg
AR-VAC11,22-928,BOW SHACKLE/4.7 Ton,https://alrimaya.com/image/catalog/product/4565/AR-VAC11-(1)-4565-thumb.jpg
AR-VAC12,,AIR BLOWER DUST GUN,https://i.ibb.co/twxjzcZy/AR-VAC12.jpg
AR-VAC13,03.55.020,DOUBLE CYLINDER AIR COMPRESSOR 12V SMALL,https://alrimaya.com/image/catalog/product/4745/AR-VAC13-(1)-main-4745-thumb.jpg
AR-VAC16,,CAR SUNSHADE UMBRELLA,https://alrimaya.com/image/cache/catalog/product/3647/22-3946-(1)-3647-thumb-800x800.jpg
AR-VAC17,AR-VAC17,TIE ROPE WITH BAG,https://i.ibb.co/xKCb77D0/AR-VAC17.jpg
AR-VAC18,03.60.022,DOUBLE CYLINDER AIR COMPRESSOR 12V DIGITAL,https://alrimaya.com/image/catalog/product/4804/AR-VAC18-(1)-4804-thumb.jpg
AR-VAC19,03.60.020,DOUBLE CYLINDER AIR COMPRESSOR 12V,https://alrimaya.com/image/catalog/product/4805/AR-VAC19-(5)-4805-thumb.jpg
AR-VAC20,,PORTABLE TIRE INFLATOR WITH CASE,https://alrimaya.com/image/catalog/product/4860/45454544545-4860-thumb.jpg
AR-VAC21,,OFF-ROAD RECOVERY TRACTION BOARD,https://alrimaya.com/image/catalog/product/4857/AR-VAC21-(5) cover-4857-thumb.jpg
AR-VAC23,AR-VAC23,OFFROAD AIRJACK 3.5TON,https://alrimaya.com/image/catalog/product/4963/AR-VAC23-(1)-4963-thumb.jpg
AR-VAC26,,BOOSTER CABLE 3.5M,https://alrimaya.com/image/catalog/product/5044/AR-VAC26-(1)-5044-thumb.jpg
AR-VAC28,,CAR SEAT COVER - 138X62 CM - BROWN,https://alrimaya.com/image/catalog/product/5259/main-5259-thumb.jpg
AR-VAC29,ACP1006,OFFROAD AIR COMPRESSOR - 150 PSI - SILVER,https://alrimaya.com/image/catalog/product/5279/AR-VAC29 (2)-5279-thumb.jpg
AR-VAC30,ACP1006,8M AIR COMPRESSOR HOSE WITH GAUGE,https://alrimaya.com/image/catalog/product/5280/AR-VAC30 (1)-5280-thumb.jpg
AR-VAC31,UMB1024,CAR SUNSHADE UMBRELLA,https://alrimaya.com/image/catalog/product/5945/AR-VAC31-(1)-5945-thumb.jpg
AR-VAC32,AR-VAC32,360° PHONE HOLDER FOR WINDSHIELD AND DASHBOARD,https://alrimaya.com/image/catalog/product/5313/01-5313-thumb.jpg
AR-VAC33,AR-VAC33,MAGNETIC AND SUCTION 360° ROTATING  PHONE HOLDER ,https://alrimaya.com/image/catalog/product/5314/main-AR-VAC33-5314-thumb.jpg
AR-VAC34,AR-VAC34,MUTIFUNCTIONAL CAR CUP PHONE HOLDER ,https://alrimaya.com/image/catalog/product/5315/main-AR-VAC34-5315-thumb.jpg
AR-WPD10,,WATERPROOF CHEST WADERS - 42 inches,https://alrimaya.com/image/catalog/product/4538/22-1308 (1)-min-267-thumb-800x800-4538-thumb.jpg
AR-WPD11,,WATERPROOF CHEST WADERS - 46 inches,https://i.ibb.co/6ZXJGHh/AR-WPD11.jpg
AR-WPD12,223606,RAINCOAT -  Black - Free size,https://alrimaya.com/image/catalog/product/4596/Untitled-4596-thumb.jpeg
AR-WPD13,223960,RAINCOAT - GREY - FREESIZE,https://i.ibb.co/9Z5twh6/22-3960-4.jpg
AR-WPD14,22-3667,DISPOSABLE RAINCOAT,https://alrimaya.com/image/cache/catalog/product/3231/22-3667-(2)-min-3231-thumb-800x800.jpg
AR-WPD15,,"WATERPROOF SHOE COVER - GRAY - 43""",https://alrimaya.com/image/catalog/product/4835/AR-WPD16-(1)-4835-thumb.jpg
AR-WPD16,,"WATERPROOF SHOE COVER - XL 43"" - BLACK",https://alrimaya.com/image/catalog/product/4836/AR-WPD15-(1)-4836-thumb.jpg
AR-WPD17,,"WATERPROOF SHOE COVER - GRAY - 2XL - 46""",https://i.ibb.co/WNpcqNYn/AR-WPD17.jpg
AR-WPD18,,"WATERPROOF SHOE COVER -  2XL 46"" - BLACK",https://i.ibb.co/tPzGXzgH/AR-WPD18.jpg
AR-WPD19,,RAINCOAT XXL,https://alrimaya.com/image/catalog/product/4966/AR-WPD19 (cover)-4966-thumb.jpg
AR-WPD20,,RAINCOAT - MILKY WHITE - FREE SIZE,https://alrimaya.com/image/catalog/product/5228/AR-WPD20-(1)-5228-thumb.jpg
AR-WST10,,WATER GALLON WITH FOLDABLE STAND - 20L,https://alrimaya.com/image/catalog/product/4560/AR-WST10-(5)-4560-thumb.jpg
AR-WST11,224187,WATER GALLON 5L ,https://alrimaya.com/image/catalog/product/4549/22-4187-(2)-min-3866-thumb-800x800-4549-thumb.jpg
AR-WST12,224188,WATER GALLON 7.5L,https://alrimaya.com/image/catalog/product/4649/22-4188-(1)-min-3869-thumb-800x800-4649-thumb.jpg
AR-WST13,AR-WST13,WATER GALLON 12L,https://alrimaya.com/image/cache/catalog/product/4817/AR-WST13-(1)-4817-thumb-600x600.jpg
AR-WST14,AR-WST14,WATER GALLON 22L,https://alrimaya.com/image/catalog/product/1528/22-2129-(2)-1528-thumb.jpg
AR-WST15,223909,WATER GALLON WITH SOAP DISPENSER 20L ,https://alrimaya.com/image/catalog/product/4552/22-3909-(1)-3678-thumb-800x800-4552-thumb.jpg
AR-WST16,AR-WST16,WATER GALLON WITH SOAP DISPENSER 20L,https://alrimaya.com/image/catalog/product/4590/AR-WST16-(6)-4590-thumb.jpg
AR-WST17,,PORTABLE WASH BASIN - 20L ,https://alrimaya.com/image/catalog/product/4569/AR-WST17 - main-4569-thumb.jpg
AR-WST18,514,WATER  GALLON WITH SOAP DISPENSER 10L ,https://alrimaya.com/image/catalog/product/4752/AR-WST18-(3)-4752-thumb.jpg
AR-WST19,AR-WST19,PORTABLE BIDET SPRAYER WITH 5L WATER CAN,https://alrimaya.com/image/catalog/product/4714/AR-WST19-(1)-4714-thumb.jpg
AR-WST21,5028,WATER GALLON WITH SOAP DISPENSER - 20 LITER,https://alrimaya.com/image/catalog/product/5277/AR-WST21 (cover)-5277-thumb.jpg
AR-WST22,AR-WST22,WATER GALLON WITH SOAP DISPENSER 20L ,https://alrimaya.com/image/catalog/product/5008/ddrrry-5008-thumb.jpg
AR-WST23,,TOUCH FREE ELECTRIC WATER PUMP,https://alrimaya.com/image/catalog/product/5024/AR-WST23-main-5024-thumb.jpg
BB-130105R,130105R,BUSHNELL BINOCULAR 10x25 H2O WATERFROOF DARK BLUE ,https://alrimaya.com/image/catalog/product/5292/H20_130105R_FrontL_conversion1[1]-5292-thumb.jpg
BB-150142R,150142R,BUSHNELL BINOCULAR 10x42 H2O WATERFROOF DARK BLUE ,https://alrimaya.com/image/catalog/product/5291/H20_150142R_FrontL-5291-thumb.jpg
BB-168125,168125,TASCO BINOCULAR 10X25 ROOF BLACK - 168125,https://alrimaya.com/image/catalog/product/5294/61nhEpMbs8L._AC_SL1500_-5294-thumb.jpg
BB-170150,170150,TASCO BINOCULAR 10X50 PORRO BLACK - 170150,https://alrimaya.com/image/catalog/product/5295/Generative Fill 2-5295-thumb.jpg
BB8118,31108000000084,RANGE FINDER 600YRD,https://m.media-amazon.com/images/I/415KZBVE35L._AC_.jpg
BB8242,31108000000194,130142 - 10X42 LEGEND RAINGRD,https://m.media-amazon.com/images/I/61yO9ZCK3UL._AC_SL1093_.jpg
BB8245,31108000000197,137500 - 7X50 MARINE COMPASS/RETICLE,https://static.bhphoto.com/images/multiple_images/images500x500/1661880623_IMG_1827710.jpg
BB8247,31108000000199,131232 - 12X32 POWERVIEW FRP,https://www.onlinesports.com/media/catalog/product/cache/2/image/9df78eab33525d08d6e5fb8d27136e95/b/s/bsh-13-1232.jpg
BB8248,31108000000200,230142 - 10X42 TROPHY BAK4,https://bo2.0ps.us/978-550-ffffff-no-upscale/opplanet-bushnell-binoculars-10x42-trophy-2003-wp-larger.jpg
BB8250,31108000000202,131650 - 16X50 POWERVIEW,https://static.bhphoto.com/images/multiple_images/images500x500/1566831650_IMG_1241511.jpg
BB8252,31108000000204,180832 - 8X32 INSTANT REPLAY,https://op1.0ps.us/978-550-ffffff-no-upscale/opplanet-businrepdigb.jpg
BB8254,31108000000206,122520 - 8-20X25 LEGENCY ZOOM COMPACT (168205),https://i.ebayimg.com/images/g/AzoAAOSww59gYgqQ/s-l1600.jpg
BB8257,31108000000209,8X42 H20 ROOF FULLSIZE (BINOCULAR),https://m.media-amazon.com/images/I/61N48pRfcgL._SL1000_.jpg
BB8260,31108000000212,2012BRZ - 12X50 FOCUS,https://op1.0ps.us/978-550-ffffff-no-upscale/opplanet-tasco-12x50-specialty.jpg
BB8268,31108000000220,LEGEND RAINGRD BINOCULAR- 8X42,https://www.bushnell.com/dw/image/v2/BDBJ_PRD/on/demandware.static/-/Sites-shootAccessory-master-catalog/default/dwca4c8d86/images/large/Legend_BB842W_Front.jpg?sw=800&sh=800&sm=fit
BB8272,31108000000224,782061 - TELESCOPE 20-60 X 60mm,https://static.bhphoto.com/images/images500x500/1232610183_190929.jpg
BB8273,31108000000225,230143 - 10 X 42mm CAMO,https://bo1.0ps.us/978-550-ffffff-no-upscale/opplanet-bushnell-10x42-trophy.jpg
BB8275,31108000000227,131205 - 12 X 25mm H2O,https://bo1.0ps.us/978-550-ffffff-no-upscale/opplanet-bushnell-h20-12x25-black-binocular-132105.jpg
BB8276,31108000000228,16X32 POWERVIEW FRP (BINOCULAR),https://m.media-amazon.com/images/I/61hsBDYjqPL._AC_SL1420_.jpg
BB8277,31108000000229,12X25 POWERVIEW FRP (BINOCULAR),https://www.tradeinn.com/f/1/18694/bushnell-8x21-powerview-frp-binoculars.jpg
BB8278,31108000000230,8X21 POWERVIEW FRP (BINOCULAR),https://www.tradeinn.com/f/1/18694/bushnell-8x21-powerview-frp-binoculars.jpg
BB8279,31108000000231,7-21X40 POWERVIEW ZOOM (BINOCULAR),https://alrimaya.com/image/catalog/Product-Binoculars/BB8279-(4)-دربيل-بوشنال.png
BB8280,31108000000232,781545 - TELESCOPE 15-45 X 50mm,https://m.media-amazon.com/images/I/81ic724Q2AL._AC_SL1500_.jpg
BB8282,31108000000234,"12X50 TROPHY XLT,ROOF PRISM (BINOCULAR)",https://static.bhphoto.com/images/multiple_images/images500x500/1282659683_IMG_175699.jpg
BB8323,31108000000275,"2-6X32 TROPHY M,LONG EYE RELIEF HANDGUN SCOPE",https://static.bhphoto.com/images/images500x500/1456670664_1233890.jpg
BB8327,31108000000279,10-22X50 LEGACY ZOOM WTP/FP (BINOCULAR),https://m.media-amazon.com/images/I/419BZtMfZnL._AC_.jpg
BB8328,31108000000280,8X42 LEGACY WTP/FP (BINOCULAR) (DC),https://alrimaya.com/image/catalog/product/1424/BB8328-(7)-1424-thumb.jpg
BB8353,31108000000305,137016 - 7-15X35 POWERVIEW ZOOM,https://static.bhphoto.com/images/images500x500/1232569438_145398.jpg
BB8354,31108000000306,"132480 - 8X42 POWERVIEW, ROOF PRISM",https://www.photospecialist.com/media/28fe4150-3544-426d-9aef-c9b6166851e6/bushnell-powerview-2-0-8x42-roof-1-jpg.png
BB8355,31108000000307,BIRDER 8X40 (RC2007) (BINOCULAR),https://www.tradeinn.com/f/1/18652/bushnell-birder-8x40-rc2007-binoculars.jpg
BB8368,31108000000320,8x32 PERMA FOCUS ROOF COMPACT,https://tecnicesports.com/92-large_default/8x32-perma-focus-roof-compact.jpg
BB8371,31108000000323,8-16X42 INFINITY ZOOM 6181645,https://alrimaya.com/image/catalog/Product-Binoculars/BB8371-(1)-دربيل-بوشنال.png
BB8373,31108000000325,10X50 LEGACY WTP/FP,https://alrimaya.com/image/catalog/product/1425/BB8373-(8)-1425-thumb.jpg
BB8374,31108000000326,7X50 H20 PORRO (BINOCULAR) (DC),https://www.bushnell.com/dw/image/v2/BDBJ_PRD/on/demandware.static/-/Sites-shootAccessory-master-catalog/default/dw9cb49014/images/large/H20_157050R_RearProfile.jpg?sw=800&sh=800&sm=fit
BB8375,31108000000327,"10X42 POWERVIEW 2008,ROOF PRISM,MC (BINOCULAR)",https://alrimaya.com/image/catalog/Product-Binoculars/BB8375-(4)-دربيل-بوشنال.png
BB8389,31108000000341,10-30X50MM VARI ZOOM (BINOCULAR),https://alrimaya.com/image/catalog/Product-Binoculars/BB8389-(2)-دربيل-بوشنال.png
BB8390,31108000000342,8X42 LEGEND ED&ULTRA  (BINOCULAR),https://i.postimg.cc/ZYfg8HHx/BB8390-5-Large.jpg
BB8391,31108000000343,10X42 EXCURSION EX  (BINOCULAR),https://alrimaya.com/image/catalog/Product-Binoculars/BB8391-(5)-دريبل-بوشنال.png
BB8392,31108000000344,PREMIUM OUTDOOR PACK (BINOCULAR),https://alrimaya.com/image/catalog/Product-Binoculars/BB8392-(3)-دريبل-بوشنال.png
BB8394,31108000000346,8X42 NATUREVIEW PLUS (BINOCULAR),https://alrimaya.com/image/catalog/Product-Binoculars/BB8394-(4)-دريبل-بوشنال.png
BB8415,31108000000367,10X42 NATUREVIEW PLUS (BINOCULAR) (DC),https://www.tradeinn.com/f/1/18654/bushnell-10x42-natureview-plus-binoculars.jpg
BB8416,31108000000368,8X42 BLACK PROOF (BINOCULAR),https://alrimaya.com/image/catalog/Product-Binoculars/BB8416-(2)-دريبل.png
BB8417,31108000000369,10X32 POWERVIEW FRP (BINOCULAR),https://m.media-amazon.com/images/I/61TXVUchabL._AC_SL1308_.jpg
BB8438,31108000000390,"7X50 ESSENTIALS, ZIP FOCUS",https://www.iceoptic.com/9509-large_default/tasco-10x50-essentials-porro.jpgdefault-image.jpg
BB8439,31108000000391,7X50 H20 PORRO FULL SIZE 2012,https://alrimaya.com/image/catalog/Product-Binoculars/BB8439-(5)-دريبل.png
BB8448,31108000000400,10X42 EXCURSION HD 2014 BINOCULAR,https://alrimaya.com/image/catalog/Product-Binoculars/BB8448-(2)-دريبل-بوشنال.png
BB8449,31108000000401,"10X42 NATURE VIEW TAN ROOF LEADFREE GLSS,BINOCULAR",https://alrimaya.com/image/catalog/Product-Binoculars/BB8449-(8)-دريبل-بوشنال.png
BB8451,31108000000403,8X42 NATURE VIEW TAN PORRO FMC LEAD FREE GLSS,https://www.digitalexperience.co.za/wp-content/uploads/2021/06/22-4208.jpg
BB8452,31108000000404,10-30X50 ESSENTIALS ZIP FOCUS ZOOM  BINOCULAR,https://alrimaya.com/image/catalog/Product-Binoculars/BB8452-(3)-دربيل-تاسكو.png
BB8453,31108000000405,"8X42 TROPHY XLT, ROOF PRISM  BINOCULAR",https://alrimaya.com/image/catalog/Product-Binoculars/BB8453-(1)-دربيل-بوشنال.png
BB8454,31108000000406,10X42 LEGEND ED & UW BAND COATING & RAINGUARD HD,https://alrimaya.com/image/catalog/Product-Binoculars/BB8454-(4)-دريبل-بوشنال.png
BB8478,31108000000430,8X42 H20 PORRO FULLSIZE 2012,https://alrimaya.com/image/catalog/Product-Binoculars/BB8478-(2)دريبل-بوشنال.png
BB8479,31108000000431,10X42 LEGEND L SERIES BLACK,https://m.media-amazon.com/images/I/81otDStM-kL._AC_SL1500_.jpg
BB8480,31108000000432,10X42 ELITE ED RAINGAURD/XTR & MAGNESIUM,https://www.iceoptic.com/37595-large_default/bushnell-elite-10x42-ed-rainguard-xtr-magnesium.jpgdefault-image.jpg
BB8481,31108000000433,10X36 LEGEND WIDE BAND COATING & RAINGUARD HD,https://static.bhphoto.com/images/multiple_images/images500x500/1460654019_IMG_617169.jpg
BB8503,31108000000456,"8x32 NATURE VIEW TAN ROOF, WPFP, FMC LEADFREE GLSS",https://alrimaya.com/image/catalog/product/1427/BB8503-(6)-1427-thumb.jpg
BB8504,31108000000457,SCOUT DX 1000 ARC,https://alrimaya.com/image/catalog/product/1428/BB8504-(5)-1428-thumb.jpg
BB8513,131250,POWERVIEW 12X50 MM BLACK PORRO - 131250,https://alrimaya.com/image/catalog/product/2179/BB8513-(1)-2179-thumb.jpg
BB8514,134211,H20 10X42 MM BLACK PORRO BAK-4 - 134211,https://alrimaya.com/image/catalog/product/2180/BB8514-(1)-2180-thumb.jpg
BB8515,168125,ESSENTIALS 10X25 BLACK ROOF,https://alrimaya.com/image/catalog/product/2181/BB8515-(4)-2181-thumb.jpg
BB8516,170150,ESSENTIALS 10X50 BLACK PORRO - 170150,https://alrimaya.com/image/catalog/product/2183/BB8516-(1)-2183-thumb.jpg
BB8517,BENDX1042,BUSHNELL ENGAGE X 10x42 MM - BENX1042,https://alrimaya.com/image/catalog/product/2178/BB8517-(1)-2178-thumb.jpg
BB-BP1042VTC,BP1042VTC,BUSHNELL BINOCULAR 10X42 PRIME GREEN - BP1042VTC,https://alrimaya.com/image/cache/catalog/product/5293/BU-BP1042VTC_PrimeVaultKit_Group1-5293-thumb-600x600.jpg
BB-R31042,R3-1042,BUSHNELL BINOCULAR 10x42 R3 RANGER GREEN - R3-1042,https://alrimaya.com/image/catalog/product/5290/R3-1042_Bino_withVaultLitePack_Render_EDIT_V2-5290-thumb.jpg
BRF8370,31108000000322,VLRF 600-VERTICAL (LASER RANGE FINDER)(TASCO),https://alrimaya.com/image/catalog/Product-Binoculars/BRF8370-(9)-دربيل.png
BRS8350,31108000000302,3-9X40 ELITE M (RIFLESCOPE),https://alrimaya.com/image/catalog/00001/BRS8350-(4).jpg
BRS8351,31108000000303,"3-9X40 TROPHY XLT,M,MULTI-X RETICLE (RIFLESCOPE)",https://alrimaya.com/image/catalog/Product-Binoculars/BRS8351(2).png
BRS8352,31108000000304,"3,5-10X36 BANNER,17 SUPER ADJUSTABLE OBJECTIVE",https://op2.0ps.us/978-550-ffffff-no-upscale/opplanet-bushnell-super-banner-3-5-10x36-riflescope.jpg
BRS8440,31108000000392,3.5-10X36 MA E BLACK MULTI-X BDC (R.S),https://www.bushnell.com/dw/image/v2/BDBJ_PRD/on/demandware.static/-/Sites-shootAccessory-master-catalog/default/dw351e8f6a/images/large/RP3103BS3_3.5_10x36mm_Standard2.jpg?sw=800&sh=800&sm=fit
BRS8456,31108000000408,3-10X40 ELITE M RIFLESCOPE,https://www.bushnell.com/dw/image/v2/BDBJ_PRD/on/demandware.static/-/Sites-shootAccessory-master-catalog/default/dw351e8f6a/images/large/RP3103BS3_3.5_10x36mm_Standard2.jpg?sw=800&sh=800&sm=fit
BRS8457,31108000000409,3-9X50 ELITE M  RIFLESCOPE,https://static.bhphoto.com/images/images500x500/1329916842_845114.jpg
BRS8458,31108000000410,"3-9X40 LEGEND UHD, M, MULTI-X RETICLE RIFLESCOPE",https://alrimaya.com/image/catalog/000/BRS8458-(4).jpg
BRS8459,31108000000411,"2.5-10X42MM TARGET/VEARMINT,RED ILLUMINATED MILDOT",https://static.bhphoto.com/images/images500x500/1233060525_481376.jpg
BRS8460,31108000000412,"4X32MM PRONGHORN, M, 30/30 RET RIFLESCOPE",https://media.mwstatic.com/product-images/src/Primary/568/568995.jpg?imwidth=680
BW26-51048,,Bestway Transparent Sea Life Pool 170X53Cm,https://mcprod.hnak.com/media/catalog/product/5/1/51048-2-scaled.jpg?quality=75&fit=bounds&height=560&width=700&auto=webp
BW26-51103,,Bestway Summer Set Pool 152X30Cm,https://maxy.eu/hpeciai/7ec242482388a37db64b32104e359770/eng_pl_Inflatable-rainbow-pool-152cm-Bestway-51103-15204_1.jpg
BW26-51122,,Bestway Play Pool 196X53Cm,https://www.bestwaystore.de/media/d1/82/d8/1743667199/6942138973709-main_594f5ed1f2dbc747.jpg?ts=1743803100
BW26-54370,,Bestway Sea Captain Family Pool 213 X 155M X 132Cm,https://i0.wp.com/1st.net.sa/wp-content/uploads/2023/06/a-261-2.jpg?fit=800%2C800&ssl=1
BW26-56432,,Bestway Steel Pro Uv Careful 244Cm X 51Cm,https://www.vidaxl.co.uk/dw/image/v2/BFNS_PRD/on/demandware.static/-/Sites-vidaxl-catalog-master-sku/default/dw0ec5524c/hi-res/536/729/2810/92830/image_2_92830.jpg?sw=1024
BW26-57270,,Bestway Fast Pool+Filter Pump Set 305 X 76Cm,https://i0.wp.com/1st.net.sa/wp-content/uploads/2023/06/26-57270-2-2-1.jpg?fit=800%2C800&ssl=1
BW26-62003,,Bestway Air Hammer - Inflation Pump 36Cm,https://media.hedeya.com/catalog/product/cache/f1cdd4da9872aaaed51e8dc026e80748/6/9/6942138917802_1.jpg
BW26-62086,,Bestway Air Hammer-Inflation Pump 37Cm,https://i.ebayimg.com/images/g/2DwAAOSwP0xl0Tjd/s-l1600.webp
BW26-75010,,Bestway Beanless Soccer Ball Chair 114X112X71Cm,https://m.media-amazon.com/images/I/61YhaiE817L._AC_SL1500_.jpg
BW26-75052,,Bestway Inflate-A-Chair 112X112X66Cm,https://www.bestwaystore.de/media/57/e6/bd/1743668588/6942138961553-main_778d414e31f6d3f9.jpg?ts=1743804691
BW26-75053,,Bestway Comfort Crusier Inflate-A-Chair122X94X81Cm,https://wp.jomla.ae/wp-content/uploads/2021/08/75053-1.jpg
BW26-75064,,Bestway Chaise Sport Lounger 165X84X79Cm,https://i0.wp.com/1st.net.sa/wp-content/uploads/2023/06/26-75064-1-1-1.webp?fit=800%2C800&ssl=1
BW26-75077,,Bestway Gaming Armchair 1.12M X 99Cm X 1.25M,https://i.ebayimg.com/images/g/sQUAAeSwoHdoD3vd/s-l1600.webp
BW26-75103,,Bestway Beanless Basketball Chair 114CmX112CmX66cm,https://www.dagimarket.com/1902460-large_default/bestway-beanless-basketball-kids-inflatable-chair.jpg
BW26-75116,,Bestway COZY CRITTERS AIR CHAIR,https://www.bestwaystore.de/thumbnail/91/1a/23/1743672021/6941607325995-main_1e4858c4e5d91f99_1920x1920.jpg?ts=1743808221
CFF-FSD-A-SS,,STAND PATIO HEATER STAINLESS STEEL,https://alrimaya.com/image/catalog/product/5771/CFF-FSD-A-SS-5771-thumb.jpg
ERS8538,50040,ELEMENT OPTICS HELIX 6-24 SFP APR-1C MRAD RIFLESCO,https://alrimaya.com/image/catalog/product/2980/scope-element-optics-helix-6-24x50-apr-1c-sfp-mrad%20(2)-2980-thumb.jpg
ERS8539,50044,ELEMENT OPTICS HELIX 6-24 FFP APR-2D MARD RIFLESCO,https://alrimaya.com/image/catalog/product/2981/scope-element-optics-helix-6-24x50-apr-2d-ffp-mrad%20(1)-2981-thumb.jpg
EZBA-462,EZBA1021,TEA & GAHWA BAG SET,https://alrimaya.com/image/catalog/product/5367/EZBA-462 (5)-5367-thumb-5367-thumb.jpg
EZBA-463,EZBA1021,TEA & GAHWA BAG SET,https://alrimaya.com/image/catalog/product/5368/EZBA-463 (5)-5368-thumb-5368-thumb.jpg
EZBA-464,EZBA1021,TEA & GAHWA BAG SET,https://alrimaya.com/image/catalog/product/5369/EZBA-464 (3)-5369-thumb-5369-thumb.jpg
EZBA-465,,TEA & GAHWA BAG SET,https://alrimaya.com/image/catalog/product/5370/EZBA-465 (3)-5370-thumb-5370-thumb.jpg
EZBA-466,EZBA1021,CAMPING COOKING EZBA SMALL,https://alrimaya.com/image/catalog/product/5779/EZBA-466 (3) (1)-5779-thumb-5779-thumb.jpg
EZBA-467,EZBA1021,CAMPING COOKING EZBA BIG,https://alrimaya.com/image/catalog/product/5780/EZBA-467 (4)-5780-thumb-5780-thumb.jpg
EZBA-468,EZBA1021,TEA & GAHWA BAG SET,https://alrimaya.com/image/catalog/product/5371/EZBA-468 (3)-5371-thumb-5371-thumb.jpg
EZBA-469,EZBA1021,TEA & GAHWA SET IN ALUMINUM BOX,https://alrimaya.com/image/catalog/product/5778/EZBA-469 (4)-5778-thumb-5778-thumb.jpg
FX-630306,IM4-630306-004-22,IMPACT M4 .25 EXP BLACK SNIPER,https://alrimaya.com/image/catalog/product/5687/M4SniperLeftsidemoderator-scaled-5687-thumb.jpg
FX-630312,IM4-630312-004-22,IMPACT M4 .25 EXP COPPER SNIPER,https://alrimaya.com/image/catalog/product/5688/LeftsideSniperCAscopeandmod-scaled-5688-thumb.jpg
FXSM8541,,FX POCKET CHRONOGRAPH - 30100,https://www.pyramydair.com/images/acc/PY-A-9078_FX-Radar-Pocket-Wireless_1598889742.jpg
FXSM8542,,NO LIMIT SCOPEMOUNT 30MM DOVETAIL - 30000,https://www.pyramydair.com/images/acc/PY-A-7561_FX-No-Limit-Scope_1560196188.jpg
FXSM8543,,NO LIMIT SCOPEMOUNT 30MM PICATINNY/WEAVER - 30000P,https://www.mundilar.net/2817-thickbox_default/fx-no-limit-two-piece-mount-1-weaver-picatinny-adjustable-elevation.jpg
FXSM8544,,NO LIMIT SCOPEMOUNT 1'' PICATINNY/WEAVER - 30001P,https://www.mundilar.net/2817-thickbox_default/fx-no-limit-two-piece-mount-1-weaver-picatinny-adjustable-elevation.jpg
FXSM8545,,NO LIMIT SCOPEMOUNT 1'' DOVETAIL - 30001,https://www.pyramydair.com/images/acc/PY-A-7562__1613075140.jpg
GAMO10,,GAMO DELTA FOX GT WHISPER 4.5 CAL,https://alrimaya.com/image/catalog/product/5379/GAMO10(1)-5379-thumb.jpg
GAMO11,,GAMO SWARM MAGNUM PRO IGT GEN 3I 5.5 CAL SCOPE,https://alrimaya.com/image/catalog/product/5380/GAMO11-5380-thumb.jpg
GAMO12,,GAMO SWARM DESERT STORM IGT 10X GEN2 5.5 CAL,https://alrimaya.com/image/catalog/product/5381/GAMO012-5381-thumb.jpg
GAMO13,,GAMO SWARM DESERT STORM IGT 10X GEN2 4.5 CAL,https://alrimaya.com/image/catalog/product/5382/GAMO013-5382-thumb.jpg
GB8264,31108000000216,Binocular 10x42 Waterproof,https://www.gamo.com/wp-content/uploads/2020/05/BE10X42DCF.jpg
GB8432,31108000000384,BINOCULAR 10x25 AF,https://alrimaya.com/image/catalog/Product-Binoculars/GB8432-(5)-Gamo.png
GB8433,31108000000385,BINOCULAR 8x40 AF,https://alrimaya.com/image/catalog/Product-Binoculars/GB8433-(17)-دربيل-غامو.png
GB8434,31108000000386,BINOCULAR 7-21x40,https://alrimaya.com/image/catalog/Product-Binoculars/GB8434-(1)-دربيل-جامو.png
GB8509,GB8509,GAMO BINOCULAR  DCF10×42,https://alrimaya.com/image/catalog/product/2218/GB8509-(1)-min-2218-thumb.jpg
GB8510,GB8510,GAMO BINOCULAR  DCF 10×32,https://ae01.alicdn.com/kf/U6bef5556128f4a6bb2be93b1b1938726V/10-32-DCF-SKU-be10x32dcf.jpg_Q90.jpg_.webp
GK-CMP14,GK-CMP14,BBQ CHARCOAL GRILL - 43.5X29X23.5 CM,https://alrimaya.com/image/catalog/product/5203/GK-CMP14 (2)-5203-thumb.jpg
GK-CMP15,GK-CMP15,GOKAMP - TURBO BLOWER FAN - BLACK,https://alrimaya.com/image/catalog/product/5389/main GK-CMP15(1)-5389-thumb.jpg
GK-CMP21,,GOKAMP - PORTABLE 2-IN-1 GRILL AND FIRE PIT,https://alrimaya.com/image/catalog/product/5204/GK-CMP21 (1)-main-5204-thumb.jpg
GK-CMP27,GK-CMP27,GO-KAMP BBQ CHARCOALGRILL - 50 x 30 x 30 cm,https://alrimaya.com/image/cache/catalog/product/5276/GK-CMP27%20(cover)-5276-thumb-600x600.jpg
GK-CMP32,GK-CMP32,GOKAMP - STAINLESS STEEL FRYING PAN - Φ20CM,https://alrimaya.com/image/catalog/product/5464/GK-CMP32 (1)-5464-thumb.jpg
GK-CMP33,,GOKAMP - THERMOS WITH 2 CUPS - 460 ML,https://alrimaya.com/image/catalog/product/5332/main-GK-CMP33-5332-thumb.jpg
GK-CMP34,,GOKAMP - THERMOS WITH 2 CUPS - 460ML,https://alrimaya.com/image/catalog/product/5334/Main-GK-CMP34-5334-thumb.jpg
GK-CMP38,,GOKAMP STAINLESS STEEL HIKING MUG SET,https://i.ibb.co/xqwZ07Nz/GK-CMP38.jpg
GK-CMP39,,GOKAMP SS PLATE 30CM,https://i.ibb.co/fGrtqnJp/GK-CMP39.png
GK-CMP50,,GOKAMP WIND SCREEN-38X30 CM,https://alrimaya.com/image/catalog/product/5376/GK-CMP50-(main-5376-thumb.jpg
GK-CMP53,SKEWER1026,GOKAMP BBQ SKEWER SET 4PCS 45CM,https://alrimaya.com/image/catalog/product/5946/GK-CMP53-2-5946-thumb.png
GK-CMP54,SKEWER1026,GOKAMP BBQ SKEWER SET 4PCS 55CM,https://alrimaya.com/image/catalog/product/5947/GK-CMP54-2-5947-thumb.png
GK-FUR58,,GOKAMP CAMPING SET WITH 2PCS CHAIR AND TABLE,https://alrimaya.com/image/catalog/product/5263/GK-FUR58-cov-5263-thumb.jpg
GK-FUR59,,GOKAMP FOLDING CHAIR WITH HEAD REST,https://alrimaya.com/image/cache/catalog/product/5260/GK-FUR59(02)-5260-thumb-600x600.jpg
GK-FUR70,,GOKAMP FOLDABLE CAMPING STOOL - 29 x 20 x 22 CM,https://alrimaya.com/image/catalog/product/5377/GK-FUR70 (6)-5377-thumb.jpg
GK-FUR71,,FOLDABLE CAMPING STOOL - 29 x 20 x 40 CM,https://alrimaya.com/image/catalog/product/5374/GK-FUR71 (5)-5374-thumb.jpg
GK-FUR92,CHR1001,GOKAMP FOLDING CHAIR WITH SUNSHADE,https://alrimaya.com/image/cache/catalog/product/5471/GK-FUR92%20(11)-5471-thumb-600x600.jpg
GK-FUR93,CHR1001,GOKAMP FOLDING CHAIR-50X50X90CM-GRAY,https://alrimaya.com/image/cache/catalog/product/5419/GK-FUR93%20(5)-5419-thumb-600x600.jpg
GK-KITE10,,GOKAMP KITE 160 x 79 cm + 500 cm (Tail),https://alrimaya.com/image/catalog/product/5222/GK-KITE10-5222-thumb.jpg
GK-KITE11,,GOKAMP KITE 142 x 114 cm + 147 cm (Tail),https://alrimaya.com/image/catalog/product/5223/GK-KITE11-5223-thumb.jpg
GK-KITE12,,GOKAMP KITE - 123 x 74 cm + 126 cm (Tail),https://alrimaya.com/image/catalog/product/5275/GK-KITE12(cover)-5275-thumb.jpg
GK-LIT28,,GOKAMP RECHARGEABLE LED STRING LIGHT 8M,https://alrimaya.com/image/catalog/product/5335/main-GK-LIT28-5335-thumb.jpg
GK-LIT30,,GOKAMP MINI FLASHLIGHT BLACK,https://alrimaya.com/image/catalog/product/5337/GK-LIT30 (1)-5337-thumb.jpg
GK-LIT31,,GOKAMP - MINI PORTABLE FLASHLIGHT  - GREEN,https://alrimaya.com/image/catalog/product/5336/GK-LIT31 (1)-5336-thumb.jpg
GK-LIT44,,GOKAMP - PORTABLE CAMPING LIGHT - 6000mAh,https://alrimaya.com/image/catalog/product/5357/Main-GK-LIT44-5357-thumb.jpg
GK-LIT45,,GOKAMP - PORTABLE WORK LIGHT - 7200mAh,https://alrimaya.com/image/cache/catalog/product/5355/GK-LIT45-(1)-5355-thumb-450x450.jpg
GK-LIT47,,GOKAMP KEYCHAIN LIGHT - 230mAh,https://alrimaya.com/image/catalog/product/5362/GK-LIT47-(5)-5362-thumb.jpg
GK-LIT48,,GOKAMP CAMPING LIGHT - 1500mAh,https://alrimaya.com/image/cache/catalog/product/5363/GK-LIT48-(1)-5363-thumb-600x600.jpg
GK-LIT50,,GOKAMP 2 IN 1 LET TORCH AND LANTERN,https://alrimaya.com/image/catalog/product/5338/GK-LIT50-main-5338-thumb.jpg
GK-LIT51,,GOKAMP SOLAR CAMPING LAMP 2000mAh,https://alrimaya.com/image/cache/catalog/product/5360/GK-LIT51-(1)-5360-thumb-600x600.jpg
GK-LIT52,,GOKAMP CAMPING LIGHT - 3000 mAh,https://alrimaya.com/image/cache/catalog/product/5354/GK-LIT52-(1)-5354-thumb-450x450.jpg
GK-LIT53,,GOKAMP SOLAR MULIT-FUNCTIONAL WORK LIGHT,https://alrimaya.com/image/cache/catalog/product/5352/GK-LIT53-(2)-5352-thumb-600x600.jpg
GK-OTD15,GK-OTD15,GOKAMP TOILET STOOL WITH CARRY BAG & GARBAGE BAG,https://alrimaya.com/image/catalog/product/5138/GK-OTD15-(5) cover-5138-thumb.jpg
GK-OTD18,,GOKAMP - HANDHELD SCOOP SHOVEL - 34CM,https://alrimaya.com/image/catalog/product/5350/GK-OTD18 (1)-5350-thumb.jpg
GK-OTD20,,GOKAMP STEEL SHOVEL 68CM,https://alrimaya.com/image/catalog/product/5339/GK-OTD20-(1)-5339-thumb.jpg
GK-OTD22,,GOKAMP STEEL SHOVEL - 71.5 CM,https://alrimaya.com/image/cache/catalog/product/5340/GK-OTD22-(1)-5340-thumb-600x600.jpg
GK-TVL43,,GOKAMP PORTABLE BIDET - 400ML,https://i.postimg.cc/52rb0w2p/GK-TVL43.png
GK-TVL45,,GOKAMP COFFEE MUG 380 ML,https://i.ibb.co/fd9cc63L/GK-TVL45.png
GK-TVL50,GK-TVL50,GOKAMP PORTABLE BIDET WHITE 700ML,https://alrimaya.com/image/cache/catalog/product/5392/main-5392-thumb-600x600.jpg
GK-VAC25,,GOKAMP RATCHET TIE DOWN,https://alrimaya.com/image/cache/catalog/product/5341/GK-VAC25%20(1)-5341-thumb-600x600.jpg
GK-VAC27,,GOKAMP SNATCH STRAP 3M 12TON,https://alrimaya.com/image/catalog/product/5843/GK-VAC27-(1)-5843-thumb.jpg
GM8437,31108000000389,"SCOPEMOUNT TS-250 1"" HIGH",https://www.gamo.com/wp-content/uploads/2020/05/6213182.jpg
GM8511,GM8511,"SCOPEMOUNT TS-250 1"" LOW 6213187 ",https://alrimaya.com/image/catalog/product/2543/GM8511%20(2)-min-2543-thumb.jpg
GM8512,GM8512,"SCOPEMOUNT TS-250 1"" MEDIUM 6213182",https://alrimaya.com/image/catalog/product/2544/GM8512%20(1)-min-2544-thumb.jpg
GRS8385,31108000000336,Scope 3-9x40 Compact WR,https://alrimaya.com/image/catalog/00001/GRS8385-(5).jpg
GRS8386,VE4X32WR13,GAMO RIFLESCOPE 4x32WR,https://alrimaya.com/image/catalog/00001/GRS8386-(3).jpg
GRS8387,31108000000338,Scope 4x32AO Compact WR,https://alrimaya.com/image/catalog/00001/GRS8387-(7).jpg
GRS8435,VEGE39X40WR 1PM,GAMO RIFLESCOPE 3-9x40 WR,https://www.gamo.com/wp-content/uploads/2020/05/VE39X40WRV.jpg
GRS8436,31108000000388,"SCOPE 1"" 2-5x20 WR COMPACT",https://images.tcdn.com.br/img/img_prod/682562/luneta_2_5_x_20_wr_compact_2069_2_20200129122147.jpg
GSI-TA-1101,,LED DESK LAMP GOLD,https://alrimaya.com/image/catalog/product/5101/GSI-TA-1101-(1)-5101-thumb.jpg
GSI-TH-1504,GSI-TH-1504,مصباح طاولة ليد لاسلكي,https://alrimaya.com/image/catalog/product/5102/GSI-TH-1504-(1)-5102-thumb.jpg
GSI-TH-1509,,LED DESK LAMP GOLD,https://alrimaya.com/image/catalog/product/5103/GSI-TH-1509-(1)-5103-thumb.jpg
GSI-TS-1601G,GSI-TS-1601G,مصباح طاولة ليد لاسلكي,https://alrimaya.com/image/catalog/product/5105/GSI-TS-1601G-(1)-5105-thumb.jpg
GZ-MFS-26E,,MISTING FAN 185 CM - GZ/MFS-26E,https://alrimaya.com/image/catalog/product/5772/GZ-MFS-26E-(1)-5772-thumb.jpg
INT64103,,QUEEN DURA-BEAM SERIES SINGLE HIGH AIRBED,https://alrimaya.com/image/catalog/product/5189/64103E_A04_left-2000x2500-9ccac2e__33681-5189-thumb.jpg
INT64757,,TWIN DURA-BEAM SERIES CLASSIC DOWNY AIRBED,https://alrimaya.com/image/catalog/product/5188/64757E_A04_left-2000x2500-9ccac2e__74368-5188-thumb.jpg
INT64758,,FULL DURA-BEAM SERIES CLASSIC DOWNY AIRBED,https://alrimaya.com/image/catalog/product/5187/64758E_A04_left-2000x2500-9ccac2e__30942-5187-thumb.jpg
INT66616,,QUICKFILL USB150 AIR PUMP,https://alrimaya.com/image/catalog/product/5186/61-5YOQiK4L._AC_SL1500_-5186-thumb.jpg
JH-175,JH175,GARDEN COOLER,https://alrimaya.com/image/cache/catalog/product/4943/JH175%20(2)-4943-thumb-600x600.jpg
KOB8344,900510000002,KITE FITIS 7X50 BINOCULAR/JAPAN,https://alrimaya.com/image/catalog/Product-Binoculars/KOB8344-(4)-دريبل-كايتي.png
KOB8345,31108000000297,KITE PUFFIN 10X42 BINOCULAR - JAPAN,https://alrimaya.com/image/catalog/Product-Binoculars/KOB8345-(1)-دريبل-كات.png
KOB8346,31108000000298,KITE PUFFIN 8X32 BINOCULAR,https://alrimaya.com/image/catalog/product/3209/KOB8346-2-min-3209-thumb.jpg
KOB8405,31108000000357,KITE PUFFIN 10X50 BINOCULAR,https://alrimaya.com/image/catalog/00001/KOB8405-(7).jpg
KOB8442,31108000000394,KITE LYNX HD 8X30 BINOCULAR,https://alrimaya.com/image/catalog/product/3208/KOB8442-min-3208-thumb.jpg
KOB8468,31108000000420,KITE TOUCAN 10X42 BINOCULAR,https://alrimaya.com/image/catalog/Product-Binoculars/KOB8468-(25)-دريبل-كات.png
KOB8502,31108000000453,10X40 BINOCULAR,https://www.airelibre.es/37176-large_default/kite-optics-fitis-10x40.jpg
KOB8518,900510000002,KITE URSUS 8X32,https://alrimaya.com/image/cache/catalog/product/3202/8-518%20(1)-min-3202-thumb-800x800.jpg
KOB8519,900510000002,KITE URSUS 10X42,https://alrimaya.com/image/cache/catalog/product/3203/8-519%20(1)-min-3203-thumb-800x800.jpg
KOB8520,900510000002,KITE URSUS 10X50,https://alrimaya.com/image/cache/catalog/product/3204/8-520%20(1)-min-3204-thumb-800x800.jpg
KOB8521,K280062,KITE OPTICS APC STABILIZED 18X50 ED Li-Ion/BINOCUL,https://alrimaya.com/image/catalog/product/4609/AIY_view_li-ion_03_01_nobackground-4609-thumb.jpg
KOB8522,K283834,KITE OPTICS APC STABILIZED 16X42/BINOCULAR,https://i.ibb.co/kxv8LN2/KOB8522.png
KOM8506,31108000000452,Kite SP 65 With Eyepiece 17-50x,https://cdn.shopify.com/s/files/1/0026/4483/6404/products/2resized_e06f35ee-2814-4cab-8b45-e6a48bc1ab45_1800x1800.jpg?v=1568336943
KORS8483,31108000000435,KITE OPTICS KSP HD 1-6X24 RIFLESCOPE,https://alrimaya.com/image/catalog/00001/KORS8483-(2).jpg
KOZ8486,31108000000438,BASE CZ 550 CLASSIC SLIP-ON 1-PART 30mm,https://i.ibb.co/wL9VMPy/KOZ8486-3-Large.jpg
KOZ8487,31108000000439,BASE TIKKA T3 SLIP-ON 2-PART 26mm,https://i.ibb.co/0D86CN5/KOZ8487-3-Large.jpg
KOZ8488,31108000000440,BACE CZ 550 CLASSIC SLIP-ON 2-PART 26mm,https://i.ibb.co/VtLgVnx/KOZ8488-1-Large.jpg
KOZ8489,31108000000441,BACE CZ 452 SLIP-ON 2-PART 26mm,https://alrimaya.com/image/catalog/product/1409/KOZ8489-(6)-1409-thumb.jpg
KOZ8490,31108000000442,BACE CZ 452 SLIP-ON 2-PART 30mm,https://i.ibb.co/vPTDn5M/KOZ8490-1-Large.jpg
KOZ8491,31108000000443,BASE ZKM 611 SLIP-ON 2-PART 26mm,https://i.ibb.co/Jp226CP/KOZ8491-3.jpg
LCL-KIT01,,GAS KIT (1PCS ADAPTOR + 2M HOSE + 2PCS CLIP),https://i.ibb.co/gZZYSQvf/LCL-KIT01.jpg
LCL-QF-1002,QF-1002,BBQ 57*57*28CM,https://i.ibb.co/sdPz6V96/LCL-QF-1002.png
LCL-WST26,,WATER GALLON WITH SOAP DISPENSER 30L ,https://i.postimg.cc/cLz0HQLD/LCL-WST26.jpg
LS-SCS10,WSM 620,WOOLEN WARM TREKKING SOCKS WSM 620 L,https://alrimaya.com/image/catalog/product/4436/LS-SCS10-4436-thumb.jpg
LS-SCS11,WSM 909,WOOLEN WARM TREKKING SOCKS WSM 909 L,https://alrimaya.com/image/catalog/product/4437/LS-SCS11-4437-thumb.jpg
LS-TS10,APOL 6262,SEAMLESS TSHIRT APOL 6262 S/M,https://alrimaya.com/image/catalog/product/4432/LS-TS10-min-4432-thumb.jpg
LS-TS11,APOL 6262,SEAMLESS TSHIRT APOL 6262 L/XL,https://i.ibb.co/945GvZD/LS-TS11.jpg
LS-TS12,APOL 6262,SEAMLESS TSHIRT APOL 6262 2XL/3XL,https://i.ibb.co/945GvZD/LS-TS11.jpg
LS-TS13,APOL 9090,SEAMLESS TSHIRT APOL 9090 S/M,https://alrimaya.com/image/catalog/product/4433/LS-TS13 (1)-min-4433-thumb.jpg
LS-TS14,APOL 9090,SEAMLESS TSHIRT APOL 9090 L/XL,https://i.ibb.co/k11c45s/LS-TS13.jpg
LS-TS15,APOL 9090,SEAMLESS TSHIRT APOL 9090 2XL/3XL,https://i.ibb.co/k11c45s/LS-TS13.jpg
LS-UP10,ATEO 6262,SEAMLESS UNDERPANTS ATEO 6262 S/M,https://alrimaya.com/image/catalog/product/4434/LS-UP10-min-4434-thumb.jpg
LS-UP11,ATEO 6262,SEAMLESS UNDERPANTS ATEO 6262 L/XL,https://i.ibb.co/QHgyv7h/LS-UP10.jpg
LS-UP12,ATEO 6262,SEAMLESS UNDERPANTS ATEO 6262 2XL/3XL,https://i.ibb.co/QHgyv7h/LS-UP10.jpg
LS-UP13,ATEO 9090,SEAMLESS UNDERPANTS ATEO 9090 S/M,https://alrimaya.com/image/catalog/product/4435/LS-UP13-min-4435-thumb.jpg
LS-UP14,ATEO 9090,SEAMLESS UNDERPANTS ATEO 9090 L/XL,https://i.ibb.co/zS6F4wM/LS-UP13.jpg
LS-UP15,ATEO 9090,SEAMLESS UNDERPANTS ATEO 9090 2XL/3XL,https://i.ibb.co/zS6F4wM/LS-UP13.jpg
NA-56053,,Napoleon Cast Iron Frying Pan,https://alrimaya.com/image/catalog/product/4881/NA-56053-(1)-4881-thumb.jpg
NA-56054,,Napoleon Cast Iron Dessert Cooker,https://alrimaya.com/image/catalog/product/4882/NA-56054-(1)-4882-thumb.jpg
NA-56056,,Napoleon Cast Iron Chef's Press,https://alrimaya.com/image/catalog/product/4884/NA-56056-(1)-4884-thumb.jpg
NA-61444,,Napoleon Grill Cover For Freestyle® With Folded-up,https://alrimaya.com/image/catalog/product/4888/NA-61444-(1)-4888-thumb.jpg
NA-62052,,Napoleon Industrial Stainless Steel Grill Brush,https://alrimaya.com/image/catalog/product/4895/NA-62052-(1)-4895-thumb.jpg
NA-67001,,Wood Chips - Mesquite,https://alrimaya.com/image/catalog/product/4900/NA-67001-(1)-4900-thumb.jpg
NA-67002,0,Wood Chips - Maple,https://alrimaya.com/image/catalog/product/4901/NA-67002-4901-thumb.jpg
NA-67011,,PRO Stainless Steel Smoker Pipe,https://alrimaya.com/image/catalog/product/4904/NA-67011-(2)-4904-thumb.jpg
NA-69213,,Heavy Duty Rotisserie Kit for Large Grills,https://alrimaya.com/image/catalog/product/4912/NA-69213-(1)-4912-thumb.jpg
NA-70044,,Warming Rack Baking Stone,https://alrimaya.com/image/catalog/product/4924/NA-70044-(1)-4924-thumb.jpg
NA-F365SBPGT,F365SBPGT,شواية الغاز الخارجية فري ستايل (FREESTYLE 365) من ,https://alrimaya.com/image/catalog/product/4766/NA-F365SBPGT-(2)-4766-thumb.jpg
NA-F425PGT,F425PGT,شواية غاز البروبان (Freestyle 425 SB) جرافيت من نا,https://alrimaya.com/image/catalog/product/4767/NA-F425PGT-(2)-4767-thumb.jpg
NA-F425SBPGT,F425SBPGT,نابليون فري ستايل 425 شواية غاز مع موقد جانبي,https://alrimaya.com/image/catalog/product/4764/NA-F425SBPGT-(2)-4764-thumb.jpg
NA-LD365DSIBPKSS,LD365DSIBPKSS,شواية غاز نابليون ليجند 365 مزودة بموقد جانبي بالأ,https://alrimaya.com/image/catalog/product/4768/NA-LD365DSIBPKSS-(2)-4768-thumb.jpg
NA-LD365SBPK,LD365SBPK, نابليون ليجند 365شواية غاز  مع موقد جانبي,https://alrimaya.com/image/catalog/product/4769/NA-LD365SBPK-(2)-4769-thumb.jpg
NA-LD425SBPK,LD425SBPK,من نابليون  شواية غاز البروبان ليجند 425 مع موقد ج,https://alrimaya.com/image/catalog/product/4765/NA-LD425SBPK-(3)-4765-thumb.jpg
NA-NK22K-LEG-2,NK22K-LEG-2,شواية الفحم الخارجية (NK22K) من نابليون,https://alrimaya.com/image/catalog/product/4778/NA-NK22K-LEG-2-(1)-4778-thumb.jpg
NA-PRO22K-CART-2,PRO22K-CART-2,شواية الفحم الخارجية (Pro Cart) من نابليون,https://alrimaya.com/image/catalog/product/4771/NA-PRO22K-CART-2-(3)-4771-thumb.jpg
NA-PRO22K-LEG-2,PRO22K-LEG-2,شواية الفحم الخارجية (Pro Charcoal Black) من نابلي,https://alrimaya.com/image/catalog/product/4773/NA-PRO22K-LEG-2-(1)-4773-thumb.jpg
NA-PRO285-BK,PRO285-BK,شواية الغاز (Travelq™ Pro285) من نابليون,https://alrimaya.com/image/catalog/product/4774/NA-PRO285-BK-(2)-4774-thumb.jpg
NA-PRO285-STAND,PRO285-STAND,قاعدة لشواية PRO285 من نابليون,https://alrimaya.com/image/catalog/product/4779/NA-PRO285-STAND-(1)-4779-thumb.jpg
NA-PRO285X-BK,PRO285X-BK,شواية ترافيل كيو فانتوم مع شعلتين وقاعدة قابلة للط,https://alrimaya.com/image/catalog/product/4770/NA-PRO285X-BK-(2)-4770-thumb.jpg
NA-PRO605CSS,PRO605CSS,شواية الفحم الخارجية الاحترافية مع قاعدة ( PRO605C,https://alrimaya.com/image/catalog/product/4763/NA-PRO605CSS-(2)-4763-thumb.jpg
NA-TQ2225PO,TQ2225PO,شواية الغاز المحمولة ترافيل كيو (2225) من نابليون,https://alrimaya.com/image/catalog/product/4775/NA-TQ2225PO-(1)-4775-thumb.jpg
NA-TQ240-BK,TQ240-BK,شواية ترافيل نابليون كيو 240 باللون الأسود,https://alrimaya.com/image/catalog/product/4777/NA-TQ240-BK-(1)-4777-thumb.jpg
NA-TQ285X-BK-1,TQ285X-BK-1,شواية ترافيل كيو مع شعلتين وقاعدة (PRO285X) من ناب,https://alrimaya.com/image/catalog/product/4772/NA-TQ285X-BK-1-(2)-4772-thumb.jpg
NC-AC10,AC10,NITECORE PORTABLE OUTDOOR AIR CONDITIONER,https://alrimaya.com/image/catalog/product/4705/NC-AC10-(1)-4705-thumb.jpg
NC-BBNANO,BB NANO,NITECORE VERSATILE ELECTRONIC BLOWER BB NANO,https://alrimaya.com/image/catalog/product/4707/NC-BBNANO-(2)-4707-thumb.jpg
NC-CARBO10000GEN2,,NITECORE POWER BANK CARBO10000mAh GEN2,https://alrimaya.com/image/cache/catalog/product/5235/MAIN%20-%2001-5235-thumb-600x600.jpg
NC-EDC09,EDC09,NITECORE HIGH CRI THREE COLOR FLASHLIGHT,https://alrimaya.com/image/catalog/product/5422/main-5422-thumb.jpg
NC-EDC17,EDC17,NITECORE THREE LIGHT SOURCES ULTRA SLIM FLASHLIGHT,https://alrimaya.com/image/catalog/product/5421/main-5421-thumb.jpg
NC-EDC33,EDC33,NITECORE EDC TACTICAL FLASHLIGHT 4000 LUMENS EDC33,https://www.campsaver.com/i/978-550-ffffff-no-upscale/opplanet-nitecore-edc33-usb-c-4000-lumens-rechargeable-edc-flashlight-black-6952506408085-main@2x.webp
NC-EDC37,EDC37,NITECORE ULTIMATE TACTICAL EDC FLASHLIGHT,https://alrimaya.com/image/catalog/product/5424/main-5424-thumb.jpg
NC-EX7,EX7,NITECORE HIGH PERFORMANCE FLASHLIGHT,https://alrimaya.com/image/catalog/product/5425/main-5425-thumb.jpg
NC-FSP100W,FSP100W,NITECORE 100W FOLDABLE SOLAR PANEL FSP100W,https://alrimaya.com/image/cache/catalog/product/5128/NC-FSP100W-5128-thumb-600x600.jpg
NC-HC60UHE,HC60 UHE,NITECORE HEADLAMP 1600LUMENS HC60 UHE,https://alrimaya.com/image/cache/catalog/product/5127/NC-HC60UHE-5127-thumb-600x600.jpg
NC-HC65UHE,HC65 UHE,NITECORE HEADLAMP 2000LUMENS HC65 UHE,https://alrimaya.com/image/cache/catalog/product/5126/NC-HC65UHE-5126-thumb-600x600.jpg
NC-LR70,LR70,RECHARGEABLE LANTERN FLASHLIGHT LR70				,https://nitecore-belux.com/1433-large_default/lr70-lamp-3000lm-all-in-one-lantern-torch-powerbank-signal-lamp.webp
NC-MH10V2,MH10 V2,NITECORE EDC FLASHLIGHT 1200 LUMENS MH10 V2,https://flashlight.nitecore.com/Uploads/Album/20200518/original_img/202005181417506990.png
NC-NB20000GEN3,,NITECORE POWER BANK NB20000mAh GEN3,https://alrimaya.com/image/cache/catalog/product/5236/202408091018334067-5236-thumb-600x600.jpg
NC-NBPLUS,,NITECORE POWER BANK NB PLUS 10000mAh,https://i.postimg.cc/vZKbBWZ3/NC-NBPLUS.jpg
NC-NH2400,NH2400,NITECORE USB-C RECHARGABLE BATTERY 2400MAH NH2400,https://alrimaya.com/image/catalog/product/5132/NC-NH2400-5132-thumb.jpg
NC-NH40PRO,MH40 PRO,ULTRA BRIGHT LONG RANGE HUNTING FLASH LIGHT MH40 P,https://alrimaya.com/image/catalog/product/5767/NC-NH40PRO-main-5767-thumb.jpg
NC-NL169,NL169,NITECORE 16340 LI-ION BATTERY  USB-C CHARGING PORT,https://alrimaya.com/image/catalog/product/5430/main-5430-thumb.jpg
NC-NL169R,NL169R,NITECORE 16340 LI-ION RECHARGEABLE BATTERY,https://alrimaya.com/image/catalog/product/5429/main-5429-thumb.jpg
NC-NL1836HP,NL1836HP,NITECORE RECHARGEABLE BATTERY 3600mAh,https://alrimaya.com/image/catalog/product/4798/1..-4798-thumb.jpg
NC-NLINK10,,NITECORE USB-C MAGNETIC FAST CHARGING CABLE,https://alrimaya.com/image/catalog/product/5181/1757680198_IMG_2573701-5181-thumb.jpg
NC-NPL25,NPL25,NITECORE PISTOL LIGHT,https://alrimaya.com/image/catalog/product/4706/NC-NPL25-(1)-4706-thumb.jpg
NC-NU11,NU11,NITECORE CAP LIGHT,https://alrimaya.com/image/catalog/product/4711/NC-NU11-(1)-4711-thumb.jpg
NC-NU20,NU20,NITECORE HEADLAMP CLASSIC,https://alrimaya.com/image/catalog/product/5768/NC-NU20-main-5768-thumb.jpg
NC-NU25MCT,NU25 MCT,NITECORE ULTRA LIGHTWEIGHT MULTIPLE COLOR HEADLAMP,https://alrimaya.com/image/catalog/product/5428/main-5428-thumb.jpg
NC-NU27,NU27,NITECORE  MCT OUTDOOR HEADLAMP 600 LUMENS NU27,https://alrimaya.com/image/catalog/product/5131/NC-NU27-5131-thumb.jpg
NC-P40,P40,NITECORE ULTRA LONG THROW DUAL BEAM LEP FLASHLIGHT,https://alrimaya.com/image/catalog/product/5427/main-5427-thumb.jpg
NC-SRT7I,SRT7I,NITECORE TACTICAL FLASHLIGHT 3000 LUMENS SRT7I,https://alrimaya.com/image/catalog/product/4709/NC-SRT7I-(1)-4709-thumb.jpg
NC-TINI3,TINI3,NITECORE KEYCHAIN LIGHT 600 LUMENS BLACK TINI3,https://alrimaya.com/image/catalog/product/5129/NC-TINI3-5129-thumb.jpg
NC-TINI3G,,NITECORE KEYCHAIN LIGHT 600 LUMENS GREEN TINI3,https://alrimaya.com/image/catalog/product/5288/Main-5288-thumb.jpg
NC-TIPSE,TIP SE,KEY CHAIN LIGHT TIP SE BLACK,https://www.knifecountryusa.com/store/image/products/magnified/308024_308029.jpg
NC-TM06S,TM06S,PALMTOP MONSTER TM06S				,https://osiriss.lv/image/cache/catalog/e_image/productimages/63a89103-50ab-49d6-a0a1-c73c327e222f-1000x1000.jpeg
NC-TM12K,TM12K,NITECORE TM12K RECHARGEABLE LED LIGHT			,https://i.ebayimg.com/images/g/jewAAOSwDe1jdzqN/s-l1600.webp
NC-TM9KPRO,TM9K PRO,NITECORE FLASHLIGHT 9900 LUMENS TM9K PRO,https://www.knifecountryusa.com/store/image/products/magnified/334782_334785.jpg
NC-TUP2,TUP2,NITECORE INTELLIGENT THREE COLOR KEYCHAIN LIGHT,https://alrimaya.com/image/catalog/product/5426/main-5426-thumb.jpg
NC-UAC20,,NITECORE USB-C FAST CHARGING CABLE,https://alrimaya.com/image/catalog/product/5182/Nitecore-Type-C-3A-Charging-Data-Cable-UAC20_Lightorati-India_02-1280x800h-5182-thumb.jpg
NC-UT27PRO/W,UT27 PRO WHITE,NITECORE HEADLAMP 800 LUMENS UT27 PRO WHITE,https://i.ibb.co/8m7VwTR/NC-UT27-PRO-W.jpg
NC-UT27PRO/Y,UT27 PRO YELLOW,NITECORE HEADLAMP 800 LUMENS UT27 PRO YELLOW,https://i.ibb.co/477Pz87/NC-UT27-PRO.jpg
NH-F003,,Foldable Portable Tent,https://alrimaya.com/image/catalog/product/5365/NH-F003-5365-thumb.jpg
NH-QP-150-11,,CAR COVER TENT,https://alrimaya.com/image/catalog/product/5366/NH-QP-150-11-03-5366-thumb.jpg
NI-KMTRT-11-R3,KMTRT-11-R3,DOOHICKEY RATCHET KEY TOOL KMTRT-11-R3,https://i.ibb.co/Gf45v8V5/NI-KMTRT-11-R3.jpg
NI-KMTSE-11-R3,KMTSE-11-R3,DOOHICKEY KEY TOOL KMTSE-11-R3,https://alrimaya.com/image/catalog/product/5764/NI-KMTSE-11-R3-5-5764-thumb.jpg
NI-MKC-11-R3,MKC-11-R3,MEDALION KEY CARABINER STAINLESS MKC-11-R3,https://i.ibb.co/fdjV1K1Q/NI-MKC-11-R3.jpg
NI-NCJ-25-2R3,,CAMJAM CORD TIGHTENER 2 PC W/ 8FT ROPE,https://i.ibb.co/nMcQBk36/NI-NCJ-25-2-R3.jpg
NT-NE0126,NE0126,NEXTOOL 2000 LM FLASHLIGHT,https://alrimaya.com/image/cache/catalog/product/4475/NT-NEO126-(2)-4475-thumb-800x800.jpg
NT-NE20015,NE20015,NAIL CUTTER SET,https://alrimaya.com/image/catalog/product/4501/NT-NE20015-(1)-4501-thumb.jpg
NT-NE20021,NE20021,MULTITOOL FOLDING KNIFE,https://alrimaya.com/image/cache/catalog/product/4471/NT-NE20021-4471-thumb-800x800.jpg
NT-NE20045,NE20045,SAILOR PRO MULTIFUNCTIONAL PLIERS,https://alrimaya.com/image/cache/catalog/product/4472/NT-NE20045%20-%2006-4472-thumb-800x800.jpg
NT-NE20050,NE20050,Mini Flagship Multi Tool (Green),https://www.gadgetworld2u.com/image/gadgetworld2u/image/cache/data/all_product_images/product-3876/f76wf7Na1697293546-700x600.jpg
NT-NE20101,NE20101,NIGHT WALK HEADLAMP LIGHTER - BLACK,https://i.ibb.co/wzZrFVY/NT-NE20101.jpg
NT-NE20107,NE20107,NIGHT WALK HEADLAMP LIGHTER-GREY,https://alrimaya.com/image/cache/catalog/product/4468/NT-NE20101-(1)-4468-thumb-800x800.jpg
NT-NE20122,NE20122,MINI FLAGSHIP MULTITOOL (DARK),https://alrimaya.com/image/catalog/product/4474/ccc1-4474-thumb.jpg
NT-NE20151,NE20151,BLACK KNIGHT MULTIFUNCTIONAL PLIERS,https://nextoolstore.com/cdn/shop/products/NexTool_Black_Knight-03.jpg?v=1721893933&width=600
NT-NE20153,NE20153,KNIGHT EDC MULTIFUNCTIONAL KNIFE,https://www.nextoolworld.com/wp-content/uploads/2023/02/%E4%BE%A0%E5%AE%A2%E5%A4%9A%E5%8A%9F%E8%83%BD%E5%88%8001-scaled.jpg
NT-NE20213,NE20213,GEMINI 13 IN 1 MULTITOOL,https://alrimaya.com/image/catalog/product/4503/NT-NE20213-(4)-4503-thumb.jpg
NT-NE20247,NE20247,MILKY WAY CAMPING LAMP (FAIRY LIGHTS),https://alrimaya.com/image/catalog/product/4469/NT-NE20247-(1)-4469-thumb.jpg
PGIFT-50,,Gift Voucher with Amount 50SAR,https://alrimaya.com/image/catalog/product/5420/alrimaya gift vouchers updated26-01-5420-thumb.jpg
RB8291,31108000000243,BINOCULAR 8X25,https://alrimaya.com/image/catalog/Product-Binoculars/RB8291-(2)-دربيل-الرماية.png
RB8292,31108000000244,BINOCULAR 10X25,https://alrimaya.com/image/catalog/Product-Binoculars/RB8292-(12)-دربيل-الرماية.png
RB8399,31108000000351,BINOCULAR 8X42,https://alrimaya.com/image/catalog/Product-Binoculars/RB8399-(5).png
RB8400,31108000000352,BINOCULAR 10-20*40,https://alrimaya.com/image/catalog/Product-Binoculars/RB8400-(5).png
RBS8339,31108000000285,"CBS-M2 BORE SIGHT, PLASTIC BOX",https://alrimaya.com/image/cache/catalog/product/2545/RBS8339%20(4)-min-2545-thumb-800x800.jpg
RBS8397,31108000000348,BORE SIGHTER,https://alrimaya.com/image/catalog/Product-Binoculars/RBS8397-(2).png
RM8360,731816000001,SCOPEMOUNT 25.4MM LOW,https://alrimaya.com/image/catalog/product/2085/RM8360-(2)-min-2085-thumb.jpg
RM8361,731816000001,SCOPEMOUNT 25.4MM HIGH,https://alrimaya.com/image/catalog/product/2086/RM8361-(2)-min-2086-thumb.jpg
RM8362,731816000001,DOUBLE SCOPEMOUNT 25.4MM,https://alrimaya.com/image/catalog/product/1554/RM8362-(5)-1554-thumb.jpg
RM8363,31108000000315,SCOPEMOUNT,https://alrimaya.com/image/catalog/product/2488/RM8363%20(1)-min-2488-thumb.jpg
RM8364,31108000000316,SCOPEMOUNT,https://alrimaya.com/image/catalog/product/2546/RM8364%20(2)-min-2546-thumb.jpg
RM8384,31108000000339,SCOPEMOUNT HI-8/384-WITH PVC HOLDER BOX,https://alrimaya.com/image/catalog/product/2547/RM8384%20(3)-min-2547-thumb.jpg
RM8422,731816000001,"TACTICAL TRI-RAIL SCOPEMOUNT - 1"" RING",https://alrimaya.com/image/catalog/ESPECIALLY%20SELECTED/RM8422-(1).jpg
RM8445,31108000000397,2 IN 1 SINGLE SCOPEMOUNT 25.5&30MM,https://alrimaya.com/image/catalog/Product-Binoculars/RM8445-(3).png
RM8455,31108000000407,G3-SCOPEMOUNT,https://alrimaya.com/image/catalog/Product-Binoculars/RM8455-(1).png
RM8497,731816000001,SCOPEMOUNT 30MM,https://alrimaya.com/image/catalog/product/879/RM8497-(2)-min-879-thumb.jpg
RM8498,731816000001,SCOPEMOUNT - 30MM,https://alrimaya.com/image/catalog/product/2489/RM8498%20(1)-min-2489-thumb.jpg
RM8500,31108000000454,SCOPEMOUNT LONG 25.4MM,https://alrimaya.com/image/cache/catalog/product/2128/RM8500-(5)-min-2128-thumb-800x800.jpg
RM8505,731816000001,SCOPEMOUNT 25.4MM,https://alrimaya.com/image/catalog/product/1874/RM8505-(2)-1874-thumb.jpg
RMC8366,31108000000318,MONOCULAR 6X16,https://i.ibb.co/ZJ58041/RMC8366-1-Large.jpg
RRS8295,31108000000247,RIFLESCOPE 3-9X40,https://alrimaya.com/image/catalog/product/1207/RRS8295-(2)-1207-thumb.jpg
RRS8303,31108000000255,RIFLESCOPE 2-6X28,https://alrimaya.com/image/catalog/product/1208/RRS8303-(2)-1208-thumb.jpg
RRS8378,31108000000330,RIFLESCOPE 4*32,https://alrimaya.com/image/catalog/product/1209/RRS8378-(2)-1209-thumb.jpg
RRS8395,31108000000349,SCOPE QUICK-SHOT BZ 30MM,https://alrimaya.com/image/catalog/Product-Binoculars/RRS8395-(4).png
RRS8444,31108000000396,RIFLESCOPE 4X40 WITH SINGLE MOUNT,https://alrimaya.com/image/catalog/00001/RRS8444-(6).jpg
RRS8447,31108000000399,RifleScope 4X32,https://alrimaya.com/image/catalog/Product-Binoculars/RRS8447-(2).png
RRS8462,31108000000414,RIFLESCOPE 1-4X28 WITH SCOPEMOUNT,https://alrimaya.com/image/catalog/3-4-5/RRS8462-(4).jpg
RRS8463,31108000000415,RIFLESCOPE 3-9X40 WITH SCOPEMOUNT,https://alrimaya.com/image/catalog/3-4-5/RRS8463-(4).jpg
RRS8469,31108000000421,RIFLESCOPE WITH MOUNT 1.25-5X26,https://alrimaya.com/image/catalog/Product-Binoculars/RRS8469-(5).png
RRS8470,31108000000422,RIFLESCOPE WITH MOUNT 2.5-7X28,https://alrimaya.com/image/catalog/001/RRS8470%20(2).JPG
SORS8147,31108000000108,3-9X40 RIFLESCOPE,https://alrimaya.com/image/catalog/product/1212/SORS8147-(2)-1212-thumb.jpg
SORS8381,31108000000333,1.75-4x32 RIFLESCOPE,https://alrimaya.com/image/catalog/product/1214/SORS8381-(2)-1214-thumb.jpg
SORS8476,31108000000428,4-12X40 MATTE RIFLESCOPE,https://alrimaya.com/image/catalog/product/2258/SORS8476%20(3)-min-2258-thumb.jpg
SORS8477,31108000000429,3-9X40 MATTE RIFLESCOPE,https://alrimaya.com/image/catalog/product/1211/SORS8477-(3)-1211-thumb.jpg
SPL0069,,FOLDING CHAIR - GREY,https://i.ibb.co/x7mPchv/Whats-App-Image-2023-03-05-at-3-26-12-PM.jpg
SPL0541,,ACCUSHARP GARDENER'S MULTITOOL - 084C,https://accusharp.com/wp-content/uploads/2023/08/084C-GardenersMultiTool1.png
TLR1,TLR1,قماش صيني رملي,https://cdn.salla.sa/gZQvmj/0206850c-3680-4ff1-9e5a-74f9cb0ae738-1000x1000-mjWUZ7oL0GcTbhf51HvrUMmGl1Zp4dkD6aX8aA3s.jpg
TLR10,TLR10,تشيك شاك رملي 2سم,https://media.zid.store/55706592-00a7-4c7f-a8f3-8834801bdadf/f05313b5-4ce4-45a9-8032-bf64f14459c7.jpg
TLR11,TLR11,تشيك شاك اسود2سم,https://homeutensils.com.sa/cdn/shop/files/6925417245179_c5b28447-5425-459e-a643-857bad8802fe.jpg?v=1724675936&width=1000
TLR12,TLR12,اسفنج 1سم ابيض,https://cdn.salla.sa/ODpaN/896xFBrbYlCsiw7mBUJsCnDGkKoqz7LON9fSAvwj.jpg
TLR13,TLR13,اسفنج 1ونص سم احمر,"https://m.media-amazon.com/images/I/816R1ETf36L._AC_UF894,1000_QL80_.jpg"
TLR16,TLR16,اسفنج عازل 1سم,"https://m.media-amazon.com/images/I/71g2XRAnSuL._AC_UF350,350_QL80_.jpg"
TLR2501,TLR2501,مدة سفرة 100-100سم,https://i.ibb.co/svf70S7V/TLR2501.jpg
TLR2502,TLR2502,مدة سفرة 66-66سم,https://i.ibb.co/mCVSTnP1/TLR2502.jpg
TLR2503,,كرسي سجادة شانيل ابو خط,https://i.ibb.co/VcvVG1r4/TLR2503.jpg
TLR2504,,كرسي سجادة شانيل حجاذي,https://i.ibb.co/Kc6qxPRY/TLR2504.jpg
TLR2505,,كرسي سجادة مخمل سعودي احمر,https://i.ibb.co/1Y4Qffd7/TLR2505.jpg
TLR2506,,كرسي سجادة مخمل سعودي اسود وبيج,https://i.ibb.co/gZ3JhWP5/TLR2506.jpg
TLR2507,,كرسي سجادة مخمل سعودي رصاصي,https://i.ibb.co/bgsSxJDb/TLR2507.jpg
TLR2508,TLR2508,طقم تكايا ومدة 200-80سم مخمل احمر 4 حبة,https://i.ibb.co/1kWmSNM/TLR2508.jpg
TLR2509,TLR2509,طقم تكايا ومدة 200-80سم مخمل رصاصي 4 حبة ,https://i.ibb.co/gZpV7VtR/TLR2509.jpg
TLR2510,,تكايا احمر مع ابيض 45-22-22,https://i.ibb.co/gb9snkG6/TLR2510.jpg
TLR2511,TLR2511,فرشة وطني 2-270سم ,https://i.ibb.co/k2RLv36y/TLR2511.jpg
TLR2512,TLR2512,مدة 2-1 متر داخله قطن,https://alrimaya.com/image/catalog/product/5002/TLR2512-(1)-main-5002-thumb.jpg
TLR2513,,مدة 220-100سم مع اسفنج 4سم,https://i.ibb.co/DPDtSGKg/TLR2513.jpg
TLR2514,TLR2514,مدة حجازي 220-100سم مع اسفنج 4سم,https://i.ibb.co/tPNnK77N/TLR2514.jpg
TLR2515,TLR2515,كرسي أرضي سوري ابو خط,https://i.ibb.co/Z1RWGw0R/TLR2515.jpg
TLR2516,,مدة سعودي عنابي 200-68,https://i.postimg.cc/SKzqzJnw/TLR2516.jpg
TLR2517,,زاوية سعودي 190-190-68,https://i.ibb.co/ymvtqMwn/TLR2517.jpg
TLR2518,,مدة سعودي عنابي 80-200سم مبطن 4سم,https://i.ibb.co/9HbxkT4w/TLR2518.jpg
TLR2519,,فرشة سعودي عنابي 200-160 سم مبطن 4سم,https://alrimaya.com/image/catalog/product/5788/TLR2519 (4)-5788-thumb.jpg
TLR2520,,تكايا عنابي سعودي 24-24-50,https://alrimaya.com/image/catalog/product/5786/TLR2520 (1)-5786-thumb.jpg
TLR2521,,مدة عنابي 220-100 سعودي عنابي مبطن 4 سم,https://i.ibb.co/fz857wJ2/TLR2521.jpg
TLR2522,,مدة سعودي عنابي 2مركا صغير 200-70سم,https://i.ibb.co/S7Xbk7mg/TLR2522.jpg
TLR2523,,مدة خط عربي 200-80 مبطن 4سم,https://i.postimg.cc/jjJKJLWL/TLR2523.jpg
TLR2524,,مدة خط عربي 220-100 مبطن 4سم,https://i.ibb.co/v49TV7W3/TLR2524.jpg
TLR2525,,فرشة خط عربي 200-160 مبطن 4 سم,https://alrimaya.com/image/catalog/product/5792/TLR2525 (7)-5792-thumb.jpg
TLR2528,,طقم 4 تكايا 4 مدة مع شنطة حجازي ,https://alrimaya.com/image/catalog/product/5522/TLR2528 (7)-5522-thumb.jpg
TLR2531,TLR2531,زاوية مخمل سعودي ازرق 190-190,https://alrimaya.com/image/catalog/product/5523/TLR2531-(4)-5523-thumb.jpg
TLR2532,TLR2532,مدة مخمل سعودي ازرق 200-68 سم,https://alrimaya.com/image/catalog/product/5524/TLR2532-(4)-5524-thumb.jpg
TLR2534,TLR2534,تكايا ازرق وابيص 45-22-22,https://alrimaya.com/image/catalog/product/5787/TLR2534 (1)-5787-thumb.jpg
TLR2536,TLR2536,مدة ازرق 220-100سم مبطن 4سم,https://alrimaya.com/image/catalog/product/5794/TLR2536 (7)-5794-thumb.jpg
TLR2537,TLR2537,فرشة ازرق 200-160سم مبطن 4سم,https://alrimaya.com/image/catalog/product/5799/TLR2537 (7)-5799-thumb.jpg
TLR2539,,مدة شانيل عسلي 68-200سم ,https://alrimaya.com/image/catalog/product/5525/TLR2539-(4)-5525-thumb.jpg
TLR2540,TLR2540,زاوية شانيل عسلي 190-190-68سم,https://alrimaya.com/image/catalog/product/5526/TLR2540-(4)-5526-thumb.jpg
TLR2541,,مدة عسلي 200-80سم مبطن 4سم,https://alrimaya.com/image/catalog/product/5527/TLR2541 (3)-5527-thumb.jpg
TLR2542,,مدة عسلي 220-100سم مبطن 4سم,https://alrimaya.com/image/catalog/product/5528/TLR2542 (5)-5528-thumb.jpg
TLR2543,,فرشة عسلي 200-160سم مبطن 4سم,https://alrimaya.com/image/catalog/product/5529/TLR2543 (3)-5529-thumb.jpg
TLR2544,,مدة عسلي 200-70سم مع 2 مركا,https://alrimaya.com/image/catalog/product/5530/TLR2544 (6)-5530-thumb.jpg
WAB107C02_AG,,WABOBA ORIGINAL BOLD BALL,https://alrimaya.com/image/catalog/product/5183/waboba_original_bounces_on_water_assorted_ball_unisex_3_4_years_1-5183-thumb.jpg
WAB149C02_80AG,,WABOBA SOL BALL,https://alrimaya.com/image/catalog/product/5184/0001-5184-thumb.jpg
WAB302C01_AG,,WABOBA WINGMAN FLYING DISC,https://alrimaya.com/image/catalog/product/5185/00003-5185-thumb.jpg
WD-BIC10,,NATURE VIEW LITE 10x42 BINOCULAR BLACK,https://alrimaya.com/image/catalog/product/4457/WD-BIC10-(6)-4457-thumb.jpg
WD-BIC11,,SKY VIEW PRO 10x42 BINOCULAR - ARMY GREEN,https://alrimaya.com/image/catalog/product/4459/WD-BIC11-(6)-4459-thumb.jpg
WD-BIC12,,TRAILMASTER ELITE 10X42 BINOCULAR - VINTAGE BLUE,https://alrimaya.com/image/catalog/product/4460/WD-BIC12-(6)-4460-thumb.jpg
WD-BIC13,,SUMMITVIEW PLUS - WANDER BINOCULAR 10X42,https://alrimaya.com/image/catalog/product/5345/Main-WD-BIC13-5345-thumb.jpg
WD-BIC14,P1042,TRAILBLAZER ED-M - WANDER BINOCULAR 10X42,https://alrimaya.com/image/catalog/product/5346/Main-WD-BIC14-5346-thumb.jpg
WD-BSC21,,BACK SUPPORT FLOOR CHAIR ADJUSTABLE YELLOW,https://alrimaya.com/image/cache/catalog/product/4932/WD-BSC21-(5)-4932-thumb-800x800.jpg
WD-BSC22,WD-BSC22,BACK SUPPORT FLOOR CHAIR ADJUSTABLE BLUE,https://alrimaya.com/image/catalog/product/4933/WD-BSC22-(3)-4933-thumb.jpg
WD-BSC29,WD-BSC29,WANDER - BACK SUPPORT FLOOR CHAIR - 110 x 55 x 13 ,https://alrimaya.com/image/catalog/product/5111/WD-BSC29-(1)-5111-thumb.jpg
WD-BSC32,WD-BSC32,WANDER - BACK SUPPORT FLOOR CHAIR - 176 x 50 x 11 ,https://alrimaya.com/image/catalog/product/5112/WD-BSC32-(1)-5112-thumb.jpg
WD-BSC37,BSC1023,WANDER BACK SUPORT FLOOR CHAIR,https://alrimaya.com/image/catalog/product/5391/main-5391-thumb.jpg
WD-CMP10,WD-OTD10,ذراية موقد مع جراب - 42×25×25  سم,https://alrimaya.com/image/catalog/product/4858/WD-CMP10-(3)-4858-thumb.jpg
WD-CMP11,,WIND SCREEN 42X25X25CM WITH BAG - BEIGE,https://alrimaya.com/image/cache/catalog/product/4858/WD-CMP11%20(5)-4858-thumb-600x600.jpg
WD-CMP13,WD-CMP13,WANDER - SUITCASE BBQ GRILL,https://i.postimg.cc/prdNSzcf/WD-CMP13.jpg
WD-CMP16,,WANDER FIRE PIT STAND - 54.5 x 54.5 x 37 CM,https://alrimaya.com/image/cache/catalog/product/5212/WD-CMP16-03-5212-thumb-600x600.jpg
WD-CMP17,,PORTABLE GRILLER WITH WHEELS,https://i.postimg.cc/0NCBqrwW/WD-CMP17.jpg
WD-CMP18,,WANDER PORTABLE CHARCOAL GRILL WITH TRAY TABLE,https://i.postimg.cc/xCy1KvBd/WD-CMP18.png
WD-CMP19,,WANDER - FOLDABLE BBQ GRILL - 524 x 221 x 343 mm,https://i.postimg.cc/Pxz5mW0j/WD-CMP19.jpg
WD-CMP44,WD-CMP44,WANDER CAMPING WIND SCREEN - 42X25X25 CM - GREEN,https://alrimaya.com/image/catalog/product/5417/WD-CMP44-(4)-5417-thumb.jpg
WD-CMP45,WD-CMP45,WANDER TABLE STOVE STAND - 33X15X12.5 CM - BLACK,https://alrimaya.com/image/catalog/product/5418/WD-CMP45-(1)-5418-thumb.jpg
WD-CMP49,WD-CMP49,WANDER - FOLDING SHOVEL CARBON STEEL,https://alrimaya.com/image/catalog/product/5342/WD-CMP49-(1)-5342-thumb.jpg
WD-FUR10,HF-60C20F,WANDER ROCKING FOLDING CHAIR,https://alrimaya.com/image/cache/catalog/product/4495/WD-FUR10-(2)-4495-thumb-800x800.jpg
WD-FUR11,CR0060,FOLDING BED 188x66x43CM/GRAY,https://alrimaya.com/image/catalog/product/4449/WD-FUR11-(1)-4449-thumb.jpg
WD-FUR12,,WANDER ULTRALIGHT COMPACT CAMPING FOLDING CHAIR,https://alrimaya.com/image/cache/catalog/product/4667/WD-FUR12-(1)-4667-thumb-800x800.jpg
WD-FUR13,,WANDER ULTRALIGHT COMPACT CAMPING FOLDING CHAIR,https://alrimaya.com/image/cache/catalog/product/4667/WD-FUR12-(1)-4667-thumb-800x800.jpg
WD-FUR14,,WANDER ULTRALIGHT COMPACT CAMPING FOLDING TABLE,https://alrimaya.com/image/catalog/product/4668/WD-FUR14-(1)-4668-thumb.jpg
WD-FUR15,AC5909,WANDER SOFA FOLDING CHAIR 115X23X75CM GRAY,https://alrimaya.com/image/catalog/product/4486/WD-FUR15-(2)-4486-thumb.jpg
WD-FUR16,YR0122,WANDER SOFA CHAIR WITH FOOTREST BLUE,https://alrimaya.com/image/catalog/product/4751/WD-FUR16-(1)-4751-thumb.jpg
WD-FUR17,HKC-1010M,WANDER LOVE SEAT PADDED FOLDING CHAIR ,https://alrimaya.com/image/catalog/product/4736/WD-FUR17-(1)main-4736-thumb.jpg
WD-FUR18,DWY002,WANDER ADJUSTABLE CAMPING FOLDING CHAIR BLACK,https://alrimaya.com/image/catalog/product/4651/WD-FUR18-(3)-4651-thumb.jpg
WD-FUR19,YX-8012,WANDER PADDED ZERO GRAVITY FOLDING CHAIR,https://alrimaya.com/image/catalog/product/4680/WD-FUR19-(13)-4680-thumb.jpg
WD-FUR20,YX-9113,WANDER FOLDING CHAIR DARK GREY,https://alrimaya.com/image/cache/catalog/product/4681/WD-FUR20-(4)-4681-thumb-800x800.jpg
WD-FUR23,,WANDER PORTABLE RECLINING FOLDING CHAIR BLACK,https://alrimaya.com/image/catalog/product/4787/WD-FUR23-(4)-4787-thumb.jpg
WD-FUR26,,FOLDING BED SOFA WITH REMOVABLE MATTRESS,https://alrimaya.com/image/catalog/product/5003/WD-FUR26-(1)-main-5003-thumb.jpg
WD-FUR27,,MEMORY FOAM SEAT CUSION,https://alrimaya.com/image/catalog/product/4934/WD-FUR27-4934-thumb.jpg
WD-FUR28,,WANDER SOFA FOLDING CHAIR WITH CUSHION,https://alrimaya.com/image/cache/catalog/product/4935/WD-FUR28-(10)-4935-thumb-800x800.jpg
WD-FUR29,WD-FUR29,WANDER KID'S FOLDING CHAIR BEIGE,https://alrimaya.com/image/catalog/product/4944/WD-FUR29-(3)-4944-thumb.jpg
WD-FUR30,WD-FUR30,WANDER KID'S FOLDING CHAIR BROWN,https://alrimaya.com/image/cache/catalog/product/4936/WD-FUR30-(4)-4936-thumb-800x800.jpg
WD-FUR31,WD-FUR31,WANDER KID'S FOLDING CHAIR,https://alrimaya.com/image/cache/catalog/product/4937/WD-FUR31-(3)-4937-thumb-800x800.jpg
WD-FUR37,ONETIME-C2568,DIRECTOR FOLDING CHAIR BLUE,https://alrimaya.com/image/catalog/product/5054/WD-FUR37-(1)main-5054-thumb.jpg
WD-FUR40,,WANDER FOLDING CHAIR BEIGE,https://alrimaya.com/image/catalog/product/5055/WD-FUR40-(1)main-5055-thumb.jpg
WD-FUR41,,WANDER FOLDING CHAIR NAVY BLUE,https://i.ibb.co/XxnBvkTL/WD-FUR41.jpg
WD-FUR47,,WANDER FOLDABLE CHAIR,https://alrimaya.com/image/cache/catalog/product/4854/WD-FUR47(02)-4854-thumb-600x600.jpg
WD-FUR49,,WANDER COMFORTABLE SAUCER FOLDING CHAIR,https://alrimaya.com/image/catalog/product/4856/WD-FUR49-(1) main-4856-thumb.jpg
WD-FUR50,,WANDER PADDED SUN LOUNGER,https://i.postimg.cc/bY6ftVdS/WD-FUR50.jpg
WD-FUR51,WD-FUR51,WANDER FOLDING TABLE - 68 x 46.5 x 53 CM - BROWN,https://alrimaya.com/image/catalog/product/5208/1E3A0594-5208-thumb.jpg
WD-FUR52,WD-FUR52,WANDER FOLDING TABLE 68 x 46.5 x 53CM BLACK,https://i.ibb.co/DDML4qqy/WD-FUR52.jpg
WD-FUR53,WD-FUR53,WANDER FOLDING TABLE - 68 x 46.5 x 53 CM - BEIGE,https://i.ibb.co/HL7YH4Yp/WD-FUR53.jpg
WD-FUR54,WD-FUR54,WANDER FOLDING TABLE - 40 x 34 x 32 CM - BLACK,https://alrimaya.com/image/catalog/product/5209/1E3A0518NMNMNMN-5209-thumb.jpg
WD-FUR55,WD-FUR55,WANDER FOLDING TABLE - 40 x 34 x 32 CM - BEIGE,https://i.ibb.co/23ynd9wd/WD-FUR55.jpg
WD-FUR56,,WANDER LUXURY CHAIR,https://alrimaya.com/image/cache/catalog/product/5264/WD-FUR56(02)-5264-thumb-600x600.jpg
WD-FUR60,,WANDER DIRECTOR CHAIR,https://alrimaya.com/image/cache/catalog/product/5261/WD-FUR60(02)-5261-thumb-600x600.jpg
WD-FUR61,,WANDER COMPACT BUCKET CHAIR,https://alrimaya.com/image/cache/catalog/product/5265/WD-FUR61(02)-5265-thumb-600x600.jpg
WD-FUR62,,WANDER ROLL UP CAMP TABLE - 123 x 71 x 73 CM - WOO,https://alrimaya.com/image/cache/catalog/product/5274/WD-FUR62-(4FFFDadAD)-5274-thumb-600x600.jpg
WD-FUR69,,WANDER FOLDING CHAIR - GREY-BLACK,https://i.postimg.cc/bNT83Y6Z/WD-FUR69.jpg
WD-FUR72,SET1004,WANDER SEAT CUSHION - 49 x 41 x 15 CM - Brown + Bl,https://alrimaya.com/image/cache/catalog/product/5353/WD-FUR72-(5)-5353-thumb-600x600.jpg
WD-FUR73,CHR1001,WANDER SOFA FOLDING CHAIR 115X23X75CM GREEN,https://alrimaya.com/image/catalog/product/5351/WD-FUR73 (1)-5351-thumb.jpg
WD-FUR74,CHR1001,WANDER VersaTex - ZERO GRAVITY RECLINING LOUNGE CH,https://alrimaya.com/image/catalog/product/5197/WD-FUR74-(10)-5197-thumb.jpg
WD-FUR75,CHR1001,WANDER ForceGrid - ZERO GRAVITY RECLINING LOUNGE C,https://alrimaya.com/image/catalog/product/5198/WD-FUR75-(2)-5198-thumb.jpg
WD-FUR76,CHR1001,WANDER OxCushion - ZERO GRAVITY RECLINING LOUNGE C,https://alrimaya.com/image/catalog/product/5199/WD-FUR76-(2)-5199-thumb.jpg
WD-FUR80,,WANDER FootShift - FOLDABLE RECLINING LOUNGE CHAIR,https://alrimaya.com/image/catalog/product/5200/WD-FUR80-(2)-5200-thumb.jpg
WD-FUR82,CHR1001,WANDER AluLite-COMPACT FOLDING CHAIR-61X55.9X71CM-,https://i.ibb.co/PZg19SSF/WD-FUR82.png
WD-FUR86,TBL1002,WANDER FOLDABLE CAMPING TABLE- 63X51.5X45CM-GREEN,https://alrimaya.com/image/catalog/product/5416/main-WD-FUR86-5416-thumb.jpg
WD-FUR87,TBL1002,WANDER-FOLDABLE CAMPING TABLE-63X51.5X45CM-BLACK,https://alrimaya.com/image/catalog/product/5415/main- WD-FUR87 -5415-thumb.jpg
WD-FUR88,TBL1002,WANDER FOLDING TABLE 70X70X70CM,https://alrimaya.com/image/catalog/product/5930/mian-WD-FUR88-5930-thumb.jpg
WD-FUR89,FLB1003,WANDER-NESTGO-OUTDOOR QUICK FOLDING BED-200X72X46C,https://alrimaya.com/image/catalog/product/5838/main-WD-FUR89 -5838-thumb.jpg
WD-FUR90,CHR1001,InstaCube-FOLDING CHAIR-59X41X43-85CM-BROWN,https://alrimaya.com/image/catalog/product/5470/WD-FUR90-5470-thumb.jpg
WD-FUR91,CHR1001,DuoCube-2PCS FOLDING CHAIR-59X41X43-85CM-BROWN,https://alrimaya.com/image/catalog/product/5472/WD-FUR91-5472-thumb.jpg
WD-GAS21,GAS25,PORTABLE 3 GAS BURNER WITH PREHEAT TUBE - FUSIONFL,https://alrimaya.com/image/catalog/product/5213/WD-GAS21-01-5213-thumb.jpg
WD-GAS22,GAS25,WANDERPORTABLE POCKET SIZE GAS BURNER - HYPERFOLD ,https://alrimaya.com/image/catalog/product/5214/WD-GAS22-01-5214-thumb.jpg
WD-GAS23,GAS25,WANDER PORTABLE MINI GAS STOVE - GYROFOLD,https://i.postimg.cc/QtNRycHs/WD-GAS23.png
WD-GAS24,GAS25,WANDER 5-BURNER PORTABLE GAS STOVE - BLUETORCH X5,https://i.postimg.cc/MTymVLWQ/WD-GAS24.jpg
WD-GAS25,GAS25,WANDER 4-BURNER PORTABLE GAS STOVE - MAGLID X4,https://i.postimg.cc/Df6z0cq0/WD-GAS25.png
WD-GAS47,,WANDER 3 CORE CYLINDRICAL GAS BURNER,https://i.postimg.cc/wMr8J3xM/WD-GAS47.jpg
WD-GAS52,WD-GAS52,PORTABLE GAS COOKER - Nova TwinForce,https://alrimaya.com/image/catalog/product/5928/main-WD-GAS52-5928-thumb.jpg
WD-HAT10BG,RJ23295,WANDER BUCKET HAT 58CM BEIGE,https://alrimaya.com/image/cache/catalog/product/4421/WD-HAT10BG-(2)-min-4421-thumb-800x800.jpg
WD-HAT10BK,RJ23295,WANDER BUCKET HAT 58CM BLACK,https://alrimaya.com/image/cache/catalog/product/4421/WD-HAT-10BK-(3)-min-4421-thumb-800x800.jpg
WD-HAT10GR,RJ23295,WANDER BUCKET HAT 58CM GRAY,https://alrimaya.com/image/cache/catalog/product/4421/WD-HAT10GR-(3)-min-4421-thumb-800x800.jpg
WD-HAT11GR,RJ23,WANDER HAT 58CM-GRAY,https://alrimaya.com/image/catalog/product/4422/WD-HAT11GR-(1)-4422-thumb.jpg
WD-HAT11LGR,RJ23,HAT 58CM - LIGHT GRAY,https://alrimaya.com/image/cache/catalog/product/4422/WD-HAT11LGR-(1)-4422-thumb-800x800.jpg
WD-HAT17,,WANDER HAT 58CM-NAVY BLUE,https://alrimaya.com/image/catalog/product/5109/WD-HAT17-(1)-5109-thumb.jpg
WD-LIT10,FL2303008,WANDER FLASHLIGHT 2500Lumens,https://alrimaya.com/image/catalog/product/4458/WD-LIT10-(2)-4458-thumb.jpg
WD-LIT11,LP-227023,WANDER SMART STRING LIGHT 100LED RGB 10M,https://alrimaya.com/image/catalog/product/4497/WD-LIT11-(2)-4497-thumb.jpg
WD-LIT12,W8109-1,PORTABLE WORK LIGHT WITH SOLAR POWER,https://alrimaya.com/image/catalog/product/4556/WD-LIT12-(13)-4556-thumb.jpg
WD-LIT20,W5211,LED FLASHLIGHT-3200LM,https://alrimaya.com/image/catalog/product/4938/WD-LIT20-4938-thumb.jpg
WD-LIT22,D89,WANDER MINI ZOOMABLE FLASHLIGHT ORANGE,https://alrimaya.com/image/catalog/product/4939/WD-LIT22-4939-thumb.jpg
WD-LIT23,,LONG RANGE FLASHLIGHT - 1230 LUMENS,https://alrimaya.com/image/catalog/product/4945/WD-LIT23--(4)-4945-thumb.jpg
WD-LIT24,,LONG RANGE FLASHLIGHT - 2340 LUMENS,https://alrimaya.com/image/catalog/product/4946/WD-LIT24-(4)-4946-thumb.jpg
WD-LIT29,,WANDER - RECHARGEABLE CAMPING LAMP ,https://alrimaya.com/image/catalog/product/5343/WD-LIT29 (1)-5343-thumb.jpg
WD-LIT32,WD-LIT32,WANDER CAMPING LIGHT BLUE,https://alrimaya.com/image/catalog/product/5388/WD-LIT32 main-5388-thumb.jpg
WD-LIT33,WD-LIT33,WANDER PORTABLE LIGHT WITH TRIPOD STAND,https://alrimaya.com/image/cache/catalog/product/5305/WD-LIT33-(1)-5305-thumb-600x600.jpg
WD-LIT34,WD-LIT34,WANDER HANDHELD LIGHT WITH SOLAR PANEL,https://alrimaya.com/image/cache/catalog/product/5306/WD-LIT34-(1)-5306-thumb-600x600.jpg
WD-LIT36,WD-LIT36,WANDER RECHARGEABLE WORK LIGHT 800LM,https://alrimaya.com/image/catalog/product/5361/WD-LIT36-(1)-5361-thumb.jpg
WD-LIT37,WD-LIT37,WANDER WORKING LAMP 2000LM,https://alrimaya.com/image/catalog/product/5359/WD-LIT37-(1)-5359-thumb.jpg
WD-LIT38,,WANDER CAMPING MISTING FAN WITH LED LIGHTIGHT,https://alrimaya.com/image/catalog/product/5107/WD-LIT38-(1)-5107-thumb.jpg
WD-LIT39,,WANDER MINI WORKING LAMP - 300LM,https://alrimaya.com/image/catalog/product/5358/WD-LIT39-(1)-5358-thumb.jpg
WD-LIT40,,WANDER PORTABLE MINI TRIPOD LIGHT 1000LM,https://alrimaya.com/image/catalog/product/5356/Main-WD-LIT40-5356-thumb.jpg
WD-LIT55,LIGHT1011,WANDER 4 COLOR WICK FLASHLIGHT UV 500LM,https://alrimaya.com/image/catalog/product/5403/main-5403-thumb.jpg
WD-MAT13,18825,SELF-INFLATING MATTRESS-GREEN,https://alrimaya.com/image/catalog/product/4152/WD-MAT13_-4152-thumb.jpg
WD-MAT22,,CONVERTIBLE PICNIC MAT BAG 200X150CM,https://alrimaya.com/image/catalog/product/4861/1E3A0348-4861-thumb.jpg
WD-MAT23,,CONVERTIBLE PICNIC MAT BAG 200X150CM,https://alrimaya.com/image/catalog/product/4862/1E3A0343-4862-thumb.jpg
WD-MAT25,WD-MAT25,WANDER MULTIFUNCTIONAL TRAVEL BLANKET,https://i.postimg.cc/X7ZXPCCq/WD-MAT25.jpg
WD-MAT32,MAT1007,WANDER MAT 183X203,https://alrimaya.com/image/catalog/product/5839/main-WD-MAT32-5839-thumb.jpg
WD-OTD10,MW-F1,WIND SCREEN 42x25x25CM WITH BAG - OLIVE GREEN,https://alrimaya.com/image/catalog/product/4448/WD-0TD10-(1)-4448-thumb.jpg
WD-OTD11,DWT001,WANDER PORTABLE ROADSHOWER TANK/26L,https://alrimaya.com/image/cache/catalog/product/4650/WD-OTD11%20(1)-4650-thumb-800x800.jpg
WD-OTD12,,RETRACTABLE AND PORTABLE TOILET CHAIR ,https://alrimaya.com/image/catalog/product/4956/WD-OTD12-(3)-4956-thumb.jpg
WD-OTD13,,RETRACTABLE AND PORTABLE TOILET CHAIR,https://alrimaya.com/image/catalog/product/5113/WD-OTD13-(1)-5113-thumb.jpg
WD-OTD16,WD-OTD16,WANDER WOODEN HANDLE HIKING SHOVEL STEEL,https://i.postimg.cc/28vrvFWd/WD-OTD16.png
WD-PWR10,TPS501,WANDER ADVANCE PORTABLE POWER STATION 500W,https://alrimaya.com/image/catalog/product/4652/WD-PWR10-(1)-4652-thumb.jpg
WD-PWR11,SSP20-60S,PORTABLE SOLAR PANEL 60W,https://alrimaya.com/image/catalog/product/4653/WD-PWR11-(3)-4653-thumb.jpg
WD-PWR13,WD-PWR13,WANDER ADVANCE PORTABLE POWER STATION 500W,https://alrimaya.com/image/catalog/product/5347/Main-WD-PWR13-5347-thumb.jpg
WD-PWR14,WD-PWR14,WANDER ADVANCE PORTABLE POWER STATION SET 500W,https://alrimaya.com/image/cache/catalog/product/5348/Main-WD-PWR14-5348-thumb-600x600.jpg
WD-PWR15,WD-PWR15,WANDER ADVANCE PORTABLE POWER STATION 1000W,https://alrimaya.com/image/catalog/product/5390/WD-PWR15- main-5390-thumb.jpg
WD-PWR16,WD-PWR16,WANDER PORTABLE SOLAR PANEL 120W,https://alrimaya.com/image/catalog/product/5375/WD-PWR16-(2)-5375-thumb.jpg
WD-PWR17,,"WANDER JUMP STARTER 24,000mAh",https://alrimaya.com/image/catalog/product/5393/Main-WD-PWR17-5393-thumb.jpg
WD-PZA10,,WANDER OUTDOOR ROTATING PIZZA OVEN ,https://alrimaya.com/image/catalog/product/5108/WD-PZA10-Bundle-5108-thumb.jpg
WD-SLB10,23-085,LUXE COMFORT SLEEPING BAG(200+30)×100CM-ARMY GREEN,https://alrimaya.com/image/catalog/product/4104/WD-SLB10 (9)-min-4104-thumb.jpg
WD-SLB11,23-086,SEASON ESCAPE SLEEPING BAG (200+30)×95CM - CAMO,https://alrimaya.com/image/catalog/product/4105/WD-SLB11 (3)-min-4105-thumb.jpg
WD-SLB12,23-087,LITE VENTURE|SLEEPING BAG (200+30)X90cm,https://alrimaya.com/image/catalog/product/4106/WD-SLB12 (1)-min-4106-thumb.jpg
WD-SLB14,24-241,AIRREST-SLEEPING BAG-220x100cm,https://alrimaya.com/image/catalog/product/4647/WD-SLB14-(3)-4647-thumb.jpg
WD-SLB18,24-245,WARMNEST-SLEEPING BAG-200 + 30×90cm,https://alrimaya.com/image/catalog/product/4648/WD-SLB18-(4)-4648-thumb.jpg
WD-SLB23,WD-SLB23,WANDER SLEEPING BAG 200+30x80CM,https://i.postimg.cc/nrr52ZMr/WD-SLB23.jpg
WD-SLB24,WD-SLB24,WANDER SLEEPING BAG 135-165+30x80CM,https://i.postimg.cc/Lsdpsq5C/WD-SLB24.jpg
WD-SLB25,WD-SLB25,WANDER SOLODOU CLOUD SLEEPING BAG 220x80CM,https://alrimaya.com/image/cache/catalog/product/5239/WD-SLB25__-5239-thumb-600x600.jpeg
WD-SLB26,WD-SLB26,WANDER ALL IN ONE BLANKET 220x160 CM,https://i.postimg.cc/yd4Y2Q0Y/WD-SLB26.jpg
WD-SLB27,WD-SLB27,WANDER FLEECE LINER COMFYLAYER 220x80 CM,https://i.postimg.cc/7LQS7k8b/WD-SLB27.jpg
WD-SLB32,WD-SLB32,WANDER SLEEPING BAG 200+30x100CM,https://i.postimg.cc/4xg7h3Ys/WD-SLB32.png
WD-TMS20,TMS1025,WANDER THERMOS 500ML ARMY GREEN,https://alrimaya.com/image/catalog/product/5840/WD-TMS20-(1)-5840-thumb.jpg
WD-TMS21,TMS1025,WANDER THERMOS 1000ML ARMY GREEN,https://alrimaya.com/image/catalog/product/5841/WD.TMS21-(1)-5841-thumb.jpg
WD-TNT10,HF-60115Q,WANDER CAR SIDE SHOWER TENT - 100x100x180cm,https://alrimaya.com/image/catalog/product/4496/WD-TNT10-(5)-4496-thumb.jpeg
WD-TNT11,HUB600,HUB SCREEN TENT - 366 X 366 X 218 CM,https://alrimaya.com/image/cache/catalog/product/4826/%20WD-TNT11-4826-thumb-600x600.jpg
WD-TNT12,,WANDER FOLDABLE CANOPY TENT BEIGE,https://alrimaya.com/image/cache/catalog/product/5245/WD-TNT12-(1)---Main-Cover-5245-thumb-600x600.jpg
WD-TNT14,,INFLATABLE CAMPING TENT WITH CANOPY,https://alrimaya.com/image/catalog/product/5312/tent-color-change-5312-thumb.jpg
WD-TNT15,,WANDER FOLDABLE CANOPY TENT NAVY BLUE,https://alrimaya.com/image/cache/catalog/product/5246/WD-TNT15-(1)---Main-Cover-5246-thumb-600x600.jpg
WD-TNT21,WD-TNT21,"WANDER CAMPING TENT ""BLOOMTEC"" 200x300x110CM",https://i.postimg.cc/xTyjh3dM/WD-TNT21.jpg
WD-TNT22,WD-TNT22,"WANDER CAMPING TENT ""TRIHUB INSTANT"" 310x270x135CM",https://i.postimg.cc/jS0qkkKK/WD-TNT22.jpg
WD-TNT23,WD-TNT23,"WANDER CAMPING TENT ""AIRFLOW 2X"" 210x180x125CM",https://i.postimg.cc/fLBkG7Cq/WD-TNT23.jpg
WD-TNT26,TENT1012,WANDER AIR TENT 3*2.70M,https://alrimaya.com/image/catalog/product/5842/main-WD-TNT26-5842-thumb.jpg
WD-TNT33,TENT1012,WANDER CANOPY WITH SIDE WALLS 3*3M DuoCanopy Pro,https://alrimaya.com/image/catalog/product/5473/WD-TNT33-(1)-5473-thumb.jpg
WD-TVL10,,TRAVEL NECK PILLOW - GRAY,https://alrimaya.com/image/catalog/product/4523/WD-TVL10-(2)-4523-thumb.jpg
WD-TVL11,,TRAVEL TOILETRY BAG - GREEN + BLACK,https://alrimaya.com/image/cache/catalog/product/4524/WD-TVL11-(3)-4524-thumb-800x800.jpg
WD-TVL12,UMB-1,UMBRELLA WITH POUCH AND EVA CASE - BLUE,https://alrimaya.com/image/cache/catalog/product/4423/WD-TVL12-(8)-min-4423-thumb-800x800.jpg
WD-TVL13,,COMPRESSED TOWEL H71 x W146CM,https://alrimaya.com/image/cache/catalog/product/4140/WD-TVL13-(4)-min-4140-thumb-800x800.jpg
WD-TVL14,JY-308MAX,UNIVERSAL TRAVEL ADAPTER WITH 45W PD QUICK CHARGE,https://alrimaya.com/image/catalog/product/4426/WD-TVL14-(7)-4426-thumb.jpg
WD-TVL15BK,,VACUUM INSULATED MUG 600ML - BLACK,https://alrimaya.com/image/cache/catalog/product/4443/WD-TVL15BK-(1)-4443-thumb-800x800.jpg
WD-TVL15PI,,VACUUM INSULATED MUG 600ML - PISTACHIO,https://alrimaya.com/image/cache/catalog/product/4443/WD-TVL15PI-(1)-4443-thumb-800x800.jpg
WD-TVL15WH,,VACUUM INSULATED MUG 600ML - WHITE,https://alrimaya.com/image/cache/catalog/product/4443/WD-TVL15WH-(1)-4443-thumb-800x800.jpg
WD-TVL16BK,,VACUUM INSULATED MUG 900ML - BLACK,https://alrimaya.com/image/cache/catalog/product/4444/WD-TVL16BK-(2)-4444-thumb-800x800.jpg
WD-TVL16PI,,VACUUM INSULATED MUG 900ML - PISTACHIO,https://alrimaya.com/image/cache/catalog/product/4444/WD-TVL16PI-(1)-4444-thumb-800x800.jpg
WD-TVL16WH,,VACUUM INSULATED MUG 900ML - WHITE,https://alrimaya.com/image/catalog/product/4444/WD-TVL16BK-(1)-4444-thumb.jpg
WD-TVL17BU,,SPORTS WATER BOTTLE 2.5L - BLUE,https://alrimaya.com/image/catalog/product/4442/WD-TVL17BU-(1)-4442-thumb.jpg
WD-TVL18,GLORY-3,ANTI-FLEECE TRAVEL BLANKET 150x180CM - ARMY GREEN,https://alrimaya.com/image/catalog/product/4425/WD-TV118-(3)-4425-thumb.jpg
WD-TVL19,PC601,WANDER PORTABLE BIDET 600ML/BLUE+WHITE,https://alrimaya.com/image/catalog/product/4522/PC601-BL-01-4522-thumb.png
WD-TVL20,,DISPOSABLE TOILET SEAT COVER 10PCS / PACK,https://alrimaya.com/image/cache/catalog/product/4622/WD-TVL20-(1)-4622-thumb-800x800.jpg
WD-TVL21,,COMPRESSED TOWEL - 10PCS,https://alrimaya.com/image/cache/catalog/product/4525/WD-TVL21-(2)-4525-thumb-800x800.jpg
WD-TVL22,JP-2201,WANDER RECHARGEABLE BIDET SPRAYER 2.30L,https://alrimaya.com/image/cache/catalog/product/4595/WD-TVL22%20(3)%20copy-4595-thumb-800x800.jpg
WD-TVL23,UMB-2,UMBRELLA WITH POUCH AND EVA CASE - GREEN,https://alrimaya.com/image/catalog/product/4821/WD-TVL23-(5)-4821-thumb.jpg
WD-TVL24,UMB-3,UMBRELLA WITH POUCH AND EVA CASE - BROWN,https://alrimaya.com/image/catalog/product/4822/WD-TVL24-(4)-4822-thumb.jpg
WD-TVL25,WD-TVL25,WANDER PORTABLE BIDET WITH WATER BOTTLE,https://alrimaya.com/image/catalog/product/4688/WD-TVL25-4688-thumb.jpg
WD-TVL28,HJ12,PORTABLE BIDET WITH BOTTLE,https://alrimaya.com/image/catalog/product/5061/WD-TVL28-(1)-5061-thumb.jpg
WD-TVL29,,HANDY BIDET WITH BOTTLE - BLUE,https://alrimaya.com/image/cache/catalog/product/4940/WD-TVL29-(2)-4940-thumb-800x800.jpg
WD-TVL30,,HANDY BIDET WITH BOTTLE - WHITE,https://alrimaya.com/image/cache/catalog/product/4940/WD-TVL30-(3)-4940-thumb-800x800.jpg
WD-TVL34,,WANDER TRAVEL NECK PILLOW DEED BLUE,https://alrimaya.com/image/cache/catalog/product/4952/WD-TVL23-(2)-4952-thumb-800x800.jpg
WD-TVL37,WD-TVL37,WANDER - THERMAL SLIPPER LARGE (42-43) ,https://i.postimg.cc/1Xm5MgZf/WD-TVL37.jpg
WD-TVL38,WD-TVL38,WANDER - THERMAL SLIPPER X-LARGE (44-45) ,https://i.postimg.cc/cCx4TKNC/WD-TVL38.jpg
WD-TVL39,WD-TVL39,WANDER PORTABLE SINGLE DOSE COFFEE GRINDER,https://alrimaya.com/image/catalog/product/5139/WD-TVL39-(2) cover-5139-thumb.jpg
WD-TVL41,WD-TVL41,TRAVEL PILLOW - 70X40X12CM,https://alrimaya.com/image/cache/catalog/product/5262/WD-TVL41(02)-5262-thumb-600x600.jpg
WD-TVL42,,WANDER RECHARGEABLE TRAVEL BIDET 400ML,https://alrimaya.com/image/cache/catalog/product/5218/WD-TVL42-02-5218-thumb-600x600.jpg
WD-TVL44,,WANDER TOWEL 80*160CM,https://i.postimg.cc/nzYhv4Nc/WD-TVL44.jpg
WD-TVL46,,WANDER MEMORY FOAM PILLOW 70x40x10CM,https://alrimaya.com/image/catalog/product/5344/WD-TVL46 (2)-5344-thumb.jpg
WD-TVL49,,WANDER RECHARGEABLE BIDET SPRAYER 2.50L,https://alrimaya.com/image/catalog/product/5289/WD-TVL49-(2) COVER-5289-thumb.jpg
WD-VAC14,,CAR INVERTER WITH REMOTE,https://alrimaya.com/image/catalog/product/5004/WD-VAC14-(1)-main-5004-thumb.jpg
WD-VAC15,F015-1,PORTABLE VACCUM CLEANER AND BLOWER,https://alrimaya.com/image/cache/catalog/product/4941/%20WD-VAC15-4941-thumb-600x600.jpg
WD-VAC22,,WANDER OFF-ROAD RECOVERY TRACTION BOARD 2PCS,https://i.postimg.cc/sXsCptpw/WD-VAC22.png
WD-VAC24,,WANDER OFF-ROAD RECOVERY TRACTION BOARD NYLON 10T,https://i.postimg.cc/NG2cq7dF/WD-VAC24.jpg
WD-WST20,MY19-2123,PORTABLE BIDET SPRAYER WITH WATER TANK-5L,https://alrimaya.com/image/catalog/product/4942/WD-WST20-(2)-4942-thumb.jpg
WD-WST24,,WANDER WATER GALLON WITH DISPENSER 12L,https://alrimaya.com/image/catalog/product/5221/WD-WST24-01-5221-thumb.jpg
WD-WST25,,WANDER WATER GALLON WITH DISPENSER 18L,https://i.postimg.cc/zGQ8BnGs/WD-WST25.png
WM8139,31108000000100,7410-2PC LOW/ ZERO OPTION 2PC 1MEDIUM AAZO82,https://m.media-amazon.com/images/I/51W+xypAf6L._AC_SL1200_.jpg
WSM8521,901380900000,"Warne 1 inch CZ, QD, Med Matte Rings / 1B1LM",https://alrimaya.com/image/catalog/product/3091/1B1LM_Warne_CZ-527-Rings-min-3091-thumb.jpg
WSM8522,901380900000,"Warne 30mm CZ, QD, High Matte Rings / 15B1LM",https://alrimaya.com/image/catalog/product/3092/15B1LM_Warne_CZ527-Rings-min-3092-thumb.jpg
WSM8523,901380900000,"Warne 30mm CZ 550, PA, High Matte Rings / 15BM",https://alrimaya.com/image/catalog/product/3093/15BM_Warne_CZ550-Rings-min-3093-thumb.jpg
WSM8524,901380900000,"Warne 1 inch CZ 550, QD, High Matte Rings / 2BLM",https://alrimaya.com/image/catalog/product/3094/2BLM_Warne_CZ-Rings-3094-thumb.jpg
WSM8525,901380900000,"Warne 30mm, Rimfire High Matte Rings / 732M",https://alrimaya.com/image/catalog/product/3095/732M_Warne_Rimfire-Rings-min-3095-thumb.jpg
WSM8526,901380900000,"Warne 1 inch, Rimfire QD, High Matte Rings / 722LM",https://alrimaya.com/image/catalog/product/3096/722LM_Warne_Rimfire-Rings-min-3096-thumb.jpg
ZB8177,31108000000134,8X40 B T* VICTORY BINOCULAR w/pouch,https://www.allbinos.com/lornetki_image/2679_vic40.jpg
ZB818,31108000000014,10 X 25 BT - NO. 522053 mono,https://www.adorama.com/images/XLarge/zs1025m_2.jpg
ZB8194,31108000000149,8X56 B T* VICTORY BINOCULAR,https://static.bhphoto.com/images/images500x500/1232619704_200751.jpg
ZB8195,31108000000150,10x56 B T* P* Victory Waterproof & Fogproof,https://www.allbinos.com/lornetki_image/2674_vic56bt.jpg
ZB8206,31108000000159,NIGHT VISION,https://images.zeiss.com/consumer-products/images/hunting/products/binoculars/specials/victory-nv-5-6x62/product-slideshow/victory-nv-5-6x62-product-01.ts-1569571237278.jpg?auto=compress%2Cformat&fm=png&ixlib=java-1.1.11&w=640&s=2724308bf122ba424c8626494a81f458
ZB8237,31108000000189,CONQUEST BINOCULAR 15x45 B T* (DC),https://nimax-img.de/Produktbilder/zoom/5260_1/ZEISS-Binoculars-Conquest-15x45-T%2A.jpg
ZB8238,31108000000190,CONQUEST BINOCULAR 10x30 B T* (DC),https://alrimaya.com/image/catalog/Product-Binoculars/ZB8238-(12)-ZIESS.png
ZB8239,31108000000191,CONQUEST BINOCULAR 12x45 B T*,https://alrimaya.com/image/catalog/Product-Binoculars/ZB8239-(14)-ZIESS.png
ZB8240,31108000000192,CONQUEST BINOCULAR 8x30 B T*  (DC),https://alrimaya.com/image/catalog/Product-Binoculars/ZB8240-(19)-ZIESS.png
ZB825,31108000000021,BINOCULAR 7X50 B/GA T*ET,https://alrimaya.com/image/catalog/product/453/ZB825-1-min-453-thumb.jpg
ZB8269,31108000000221,VICTORY BINOCULAR 10X42 T* FL BLACK (DC),https://alrimaya.com/image/catalog/Product-Binoculars/ZB8269-(1)-ZIESS.png
ZB8270,31108000000222,VICTORY BINOCULAR 7 X 42 T* FL BLACK,https://alrimaya.com/image/catalog/product/1962/ZB8270-1962-thumb.jpg
ZB8304,31108000000256,VICTORY BINOCULAR 8 x 32 T* FL BLACK,https://m.media-amazon.com/images/I/61QEo1702PL._AC_SL1480_.jpg
ZB8305,31108000000257,VICTORY BINOCULAR 10X32 T* FL BLACK,https://alrimaya.com/image/catalog/Product-Binoculars/ZB8305-(8)-ZIESS.png
ZB8306,31108000000258,VICTORY BINOCULAR 8 x 42 T* FL Black,https://www.optics-trade-static.eu/media/catalog/product/cache/4/image/800x/9df78eab33525d08d6e5fb8d27136e95/7/-/7-8-10x42_2.jpg
ZB8307,31108000000259,CONQUEST 10X40T*  BINOCULAR (DC),https://www.blackovis.com/media/catalog/product/cache/6c90c2de6951cb0c50711d087bd3dbd9/z/e/zeiss_conquest-bino-10x40.jpg
ZB8347,31108000000299,BINOCULAR VICTORY COMPACT 10X25 T*,https://alrimaya.com/image/catalog/Product-Binoculars/ZB8347-(4)-ZIESS.png
ZB8349,31108000000300,VICTORY BINOCULAR 10X56 T* FL BLACK (DC),https://alrimaya.com/image/catalog/product/1963/ZB8349-1963-thumb.jpg
ZB8402,31108000000354,CONQUEST HD 8X32 BINOCULAR,https://alrimaya.com/image/catalog/Product-Binoculars/ZB8402-(1)-ZIESS.png
ZB8403,31108000000355,CONQUEST HD 10X42 BINOCULAR,https://alrimaya.com/image/catalog/product/1964/ZB8403-1964-thumb.jpg
ZB8404,31108000000356,CONQUEST HD 10X32 BINOCULAR,https://alrimaya.com/image/catalog/Product-Binoculars/ZB8404-(2)-ZIESS.png
ZB8407,31108000000359,VICTORY BINOCULAR 10 X 56 T* RF,https://alrimaya.com/image/catalog/product/2018/ZB-8407-(1)-min-2018-thumb.jpg
ZB8408,31108000000360,VICTORY HT 8X42 BINOCULARS,https://alrimaya.com/image/catalog/Product-Binoculars/ZB8408-(15)-دريبل-زايس.png
ZB8409,31108000000361,VICTORY HT 10X42 BINOCULARS,https://alrimaya.com/image/catalog/Product-Binoculars/ZB8409-(1)-دربيل-زايس.png
ZB8419,31108000000371,BINOCULAR TERRA ED 10 X 42 BLUE,https://alrimaya.com/image/catalog/Product-Binoculars/ZB8419-(1)-دريبل-زايس.png
ZB8420,31108000000372,BINOCULAR TERRA ED 10 X 42 GRAY,https://alrimaya.com/image/catalog/Product-Binoculars/ZB8420-(22)-دريبل-زايس.png
ZB8421,31108000000373,CONQUEST BINOCULAR 10 X 56 T*,https://alrimaya.com/image/catalog/Product-Binoculars/ZB8421-(32)-دريبل-زايس.png
ZB8423,31108000000375,VICTORY DIASCOPE 85 T* FL angled style,https://www.blackovis.com/media/catalog/product/cache/f024de0c6d075b60515a222a6c5a71cd/z/e/zeiss_victory-diascope-85-angled.jpg
ZB8424,31108000000376,BINOCULAR CONQUEST HD 15x56,https://alrimaya.com/image/catalog/Product-Binoculars/ZB8424-(12)-دريبل-زايس.png
ZB8425,31108000000377,BINOCULAR TERRA ED 10 X 42 BLACK,https://alrimaya.com/image/catalog/Product-Binoculars/ZB8425-(4)-دريبل-زايس.png
ZB8426,31108000000378,BINOCULAR TERRA ED 8 X 42 BLACK,https://alrimaya.com/image/catalog/Product-Binoculars/ZB8426-(22)-دريبل-زايس.png
ZB8431,31108000000383,CONQUEST HD 10x56 BINOCULAR,https://alrimaya.com/image/catalog/Product-Binoculars/ZB8431-(22)-دريبل-زايس.png
ZB8461,31108000000413,VICTORY HT BINOCULAR 10x54,https://alrimaya.com/image/catalog/Product-Binoculars/ZB8461-(46)-دريبل-زايس.png
ZB8484,31108000000436,"ZEISS BINOCULAR VICTORY SF 8x42, BLACK",https://alrimaya.com/image/catalog/product/1968/ZB8484-1968-thumb.jpg
ZB8485,31108000000437,"ZEISS BINOCULAR VICTORY SF 10x42, BLACK",https://alrimaya.com/image/catalog/product/1965/ZB8485-1965-thumb.jpg
ZB8501,31108000000455,8X56T* FL VICTORY BINOCULAR,https://m.media-amazon.com/images/I/51JkPEzeItL._AC_SL1200_.jpg
ZB8507,31108000000459,ZEISS VICTORY RF 10X42 Binocular,https://alrimaya.com/image/catalog/product/1969/ZB8507-1969-thumb.jpg
ZB8529,,ZEISS Conquest Mono 8x20 B T* / 522052,https://static.bhphoto.com/images/images500x500/1648210850_119355.jpg
ZB853,526000,ZEISS 20X60 CLASSIC S IMAGE STABILIZATION BINOCULA,https://alrimaya.com/image/catalog/product/1967/ZB853-1967-thumb.jpg
ZB8530,,ZEISS Conquest Gavia 85 HD incl.30-60x Vario-Eyepc,https://alrimaya.com/image/catalog/product/3166/ZB8530-1-3166-thumb.jpg
ZB8531,,ZEISS Victory RF 8x42 / 524548,https://images.zeiss.com/consumer-products/images/hunting/products/binoculars/victory-rf/victory-rf-8x42/product-slideshow/zeiss-victory-rf-8x42-product-01.ts-1559544520444.jpg?auto=compress%2Cformat&fm=png&ixlib=java-1.1.11&w=640&s=89a13dc512e77ffb37fe70b25faafc5c
ZB8532,,ZEISS Victory RF 8x54 / 525648,https://m.media-amazon.com/images/I/51AvdgiBD6L._AC_SL1000_.jpg
ZB8533,,"ZEISS Terra ED 10x25, black-grey / 522503-9907",https://static.bhphoto.com/images/multiple_images/images500x500/1660839442_IMG_558854.jpg
ZB8534,,"ZEISS Terra ED 8x32, black-black / 523203-9901",https://m.media-amazon.com/images/I/51-WAgudrkL._AC_SL1200_.jpg
ZB8535,,"ZEISS Terra ED 8x32, black-grey / 523203-9907",https://m.media-amazon.com/images/I/81rcUzDIKXL._SL1500_.jpg
ZB8536,,"ZEISS Terra ED 10x32, black-black / 523204-9901",https://m.media-amazon.com/images/I/71XPbGjl0PL._SL1500_.jpg
ZB-8546,524203-9901,"ZEISS TERRA ED 8X42, BLACK",https://alrimaya.com/image/catalog/product/4438/001-4438-thumb.jpg
ZB-8547,524204-9901,"ZEISS TERRA ED 10X42, BLACK",https://alrimaya.com/image/catalog/product/4439/001-4439-thumb.jpg
ZMA8446,31108000000398,VICTORY MONOCULAR 3X12B WITH ADAPTER,https://static.bhphoto.com/images/images500x500/1302793232_679067.jpg
ZRS8166,31108000000124,"1,1-4x24T Varipoint (521605-00) RIFLESCOPE",https://www.adorama.com/images/Large/zsrv14x24mv.jpg
ZRS8168,31108000000126,"2,5-10x50T Diavari (521625-44) RIFLESCOPE",https://www.optics-trade-static.eu/media/catalog/product/cache/4/thumbnail/800x/9df78eab33525d08d6e5fb8d27136e95/2/_/2_5-10x50_5_3.jpg
ZRS8169,31108000000127,"3,12x56T Diavari (521630-04) RIFLESCOPE",https://www.optics-trade-static.eu/media/catalog/product/cache/4/thumbnail/800x/9df78eab33525d08d6e5fb8d27136e95/3/-/3-12x56_2.jpg
ZRS8369,31108000000321,VICTORY RIFLESCOPE DIARANGE M 3 -12x56 T*,https://media.mwstatic.com/product-images/src/Primary/581/581720.jpg?imwidth=680
ZRS8383,31108000000335,"DURALYT RIFLESCOPE 2-8X42,RET06",https://static.bhphoto.com/images/images500x500/1328178054_839901.jpg
ZRS8410,31108000000362,VICTORY HT RIFLESCOPE 1.5-6X42 RET 60,https://alrimaya.com/image/catalog/product/1966/ZRS8410-1966-thumb.jpg
ZRS8411,31108000000363,DURALYT RIFLESCOPE 1.2-5X36 RET 06,https://static.bhphoto.com/images/images500x500/1393933198_1034384.jpg
ZRS8412,31108000000364,DURALYT RIFLESCOPE 1.2-5X36 RET 60 (illuminated),https://alrimaya.com/image/catalog/product/1204/ZRS8412-(2)-1204-thumb.jpg
ZRS8413,31108000000365,DURALYT RIFLESCOPE 2-8X42 RET 60 (illuminated),https://alrimaya.com/image/catalog/product/3160/317KTR-+hbL._AC_-3160-thumb.jpg
ZRS8414,31108000000366,CONQUEST HD5 3-15X42 LOCKAB  PLEX RIFLESCOPE,https://op1.0ps.us/978-550-ffffff-no-upscale/opplanet-zeiss-conquest-hd5-3-15x42-rifle-scope-w-plex-reticle-matte-black-522621-9920-000.jpg
ZRS8418,31108000000370,VICTORY HT 3-12*56 REC.60 ILLUMINATED RIFLESCOPE,https://nimax-img.de/Produktbilder/zoom/71388_1/ZEISS-Riflescope-Victory-HT-3-12-x-56-M-60-.jpg
ZRS8427,31108000000379,RS TERRA RIFLESCOPE 3X 3-9x42,https://www.opticsplanet.com/i/978-550-ffffff-no-upscale/opplanet-open-box-dealer-demo-zeiss-terra-3-9x42-rifle-scope-w-reticle-rz6-hunting-turret-matte-main@2x.webp
ZRS8428,31108000000380,RS TERRA RIFLESCOPE 3X 4-12x42,https://op1.0ps.us/978-550-ffffff-no-upscale/opplanet-zeiss-terra-4-12x42-rifle-scope-w-reticle-20-hunting-turret-52-27-21-9920.jpg
ZRS8429,31108000000381,CONQUEST HD5 2-10x42 Hunting Plex RIFLESCOPE,https://alrimaya.com/image/catalog/product/2017/ZRS-8429-(3)-min-2017-thumb.jpg
ZRS8430,31108000000382,CONQUEST HD5 3-15x42 Hunting Plex RIFLESCOPE,https://i5.walmartimages.com/seo/New-Zeiss-Conquest-HD5-3-15X42-Rifle-Scope-w-Plex-Reticle-Matte-Black-522621-9_b592b12a-0632-49f0-bc60-0d29a5b5e59c.c57fa96911e3b680a2f4a38a6769bb1b.jpeg?odnHeight=640&odnWidth=640&odnBg=FFFFFF
ZRS8441,31108000000393,VICTORY COMPACT POINT,https://static.bhphoto.com/images/images500x500/1306857647_767384.jpg
ZRS8443,31108000000395,CONQUEST HD5 2-10X42 RZ600 RIFLESCOPE,https://alrimaya.com/image/catalog/00001/ZRS8443-(4).jpg
ZRS8466,31108000000418,CONQUEST DL 3-12x50 #6 ASV  RIFLESCOPE,https://www.adorama.com/images/XLarge/zscdl312506a_1.jpg
ZRS8473,31108000000425,CONQUEST HD5 5-25X50 HUNTING RZ800 RIFLESCOPE,https://cdn.shopify.com/s/files/1/0064/9704/2484/products/Zeiss-Conquest-5-25_900x.jpg?v=1548885963
ZRS8474,31108000000426,CONQUEST HD5 3-15x42 HUNTING RZ800  RIFLESCOPE,https://www.sportoptics.com/media/amasty/webp/catalog/product/cache/2de61315b882ad2a724b9a4a4927c628/5/2/5226219982_zeiss_conquest_hd5_3-15x42_d6_700_1_jpg.webp
ZRS8475,31108000000427,CONQUEST HD 5-25x50 LOCKAB RZ1000 RIFLESCOPE,https://alrimaya.com/image/catalog/Product-Binoculars/ZRS8475-(1).png
ZRS8496,31108000000448,Conquest V6 2-12X50 (60) ASV V6 Elevation,https://cdn-bgice.nitrocdn.com/rdXvqfBgEWpAmMDoEUFZTWpfgrFwafbR/assets/images/optimized/rev-36862e8/wp-content/uploads/2021/07/zeiss-conquest-v6-2-12x50-product-01.ts-1557996096933_1__47542.1612306159-scaled.jpg
ZSP8380,31108000000332,REVERSABLE EYE CUP LEFT BLACK 8X30 B M C DIAFUN,https://www.optics4birding.com/media/images/zeiss/600/eyecup-for-8x30-b-mc-diafun-left-eyepiece-600.jpg
ZSP8471,31108000000423,EYEPIECE FOR CONQUEST HD BINOCULAR,https://i.ibb.co/V24DBg7/ZSP8471-4-Large.jpg
ZSP8527,,ZEISS Conquest. V4 4-16X44 (ZBR-2),https://alrimaya.com/image/catalog/product/3026/zeiss-conquest-v4-4-16x44-product-02.ts-1558076018070-min-3026-thumb.jpg
ZSP8528,,ZEISS Conquest. V4 6-24X50 (ZBR-1) RIFLESCOPE,https://alrimaya.com/image/catalog/product/3027/zeiss-conquest-v4-4-16x44-product-02.ts-1558076018070-min-3027-thumb.jpg
ZTP8537,,ZEISS Tripod Professional / 000000- 2169-972,https://alrimaya.com/image/catalog/product/3167/61oMcGoCQbL._AC_SL1463_-3167-thumb.jpg
AR-KNF31,,STAINLESS STEEL KNIFE WITH CUTTER SLEEVE,https://alrimaya.com/image/catalog/product/5917/main-AR-KNF31 -5917-thumb.jpg
FMA-T252314,,Silver Perforated Metal Teardrop Candle Holder Vin,https://alrimaya.com/image/catalog/product/5773/FMA-T252312-FMA-T252314-5773-thumb.jpg
FMA-T252488,,Crescent Moon Candle Holder Vintage Bronze,https://alrimaya.com/image/catalog/product/5776/FMA-T252488-FMA-T252489 (1)-5776-thumb.jpg
FMA-T252489,,Crescent Moon Candle Holder,https://alrimaya.com/image/catalog/product/5774/FMA-T252488-FMA-T252489 (1)-5774-thumb.jpg
FMA-T252740,,Serving Platter -Grid Pattern,https://alrimaya.com/image/catalog/product/5775/FMA-T252740 (1)-5775-thumb.jpg
ARB-10910154,10910154,DISPLAY PANEL TOUCHPAD DECAL,https://alrimaya.com/image/catalog/product/5537/ARB-10910154-(1)-5537-thumb.jpg
ARB-10910157,10910157,DISPLAY PANEL PCB ZERO,https://alrimaya.com/image/catalog/product/5538/arb-10910157(1)-5538-thumb.jpg
ARB-10910161,10910161,COMPRESSOR CONTROL UNIT ZERO,https://alrimaya.com/image/catalog/product/5539/ARB-10910161(1)-5539-thumb.jpg
ARB-180409,180409,WIRING LOOM CKMA12/24,https://alrimaya.com/image/catalog/product/5911/ARB-180409-5911-thumb.jpg
ARB-180414,180414,WIRING LOOM CKMTX SUPPLY,https://alrimaya.com/image/catalog/product/5912/ARB-180414-5912-thumb.jpg
ARB-180905SP,180905SP,SP RELAY 12V 40A SEALED,https://alrimaya.com/image/catalog/product/5536/ARB-180905SP-(1)-5536-thumb.jpg
ARB-2918,2918,COIL MITS PAJERO NM-HD-R(L),https://alrimaya.com/image/catalog/product/5855/ARB-2918-5855-thumb.jpg
ARB-300501,300501,AIR FILTER ASSY CKS,https://alrimaya.com/image/catalog/product/5892/ARB-300501-5892-thumb.jpg
ARB-3119,3119,COIL SPRING WK2 FRONT,https://alrimaya.com/image/catalog/product/5860/ARB-3119-5860-thumb.jpg
ARB-320301,320301,O RING SET (8) CKMA/P,https://alrimaya.com/image/catalog/product/5861/ARB-320301-5861-thumb.jpg
ARB-3323,3323,COIL SPRING (PAIR) REAR,https://alrimaya.com/image/catalog/product/5862/ARB-3323-5862-thumb.jpg
ARB-3324,3324,COIL SPRING (PAIR) REAR,https://alrimaya.com/image/catalog/product/5863/ARB-3324-5863-thumb.jpg
ARB-4008,4008,COIL SPRING FRONT,https://alrimaya.com/image/catalog/product/5857/ARB-4008-5857-thumb.jpg
ARB-63001,63001,NITROCHARGER PLUS SHOCK,https://alrimaya.com/image/catalog/product/5899/ARB-63001-5899-thumb.jpg
ARB-63003,63003,NITROCHARGER PLUS SHOCK,https://alrimaya.com/image/catalog/product/5900/ARB-63003-5900-thumb.jpg
ARB-63013,63013,NITROCHARGER PLUS SHOCK,https://alrimaya.com/image/catalog/product/5902/ARB-63013-5902-thumb.jpg
ARB-63015,63015,NITROCHARGER PLUS SHOCK,https://alrimaya.com/image/catalog/product/5903/ARB-63015-5903-thumb.jpg
ARB-63019,63019,NITROCHARGER PLUS SHOCK,https://alrimaya.com/image/catalog/product/5904/ARB-63019-5904-thumb.jpg
ARB-63033,63033,NITROCHARGER PLUS SHOCK,https://alrimaya.com/image/catalog/product/5905/ARB-63033-5905-thumb.jpg
ARB-63063,63063,NITROCHARGER PLUS SHOCK,https://alrimaya.com/image/catalog/product/5906/ARB-63063-5906-thumb.jpg
ARB-63064,63064,NITROCHARGER PLUS SHOCK,https://alrimaya.com/image/catalog/product/5907/ARB-63064-5907-thumb.jpg
ARB-63160,63160,NITROCHARGER PLUS SHOCK,https://alrimaya.com/image/catalog/product/5908/ARB-63160-5908-thumb.jpg
ARB-63167,63167,NITROCHARGER PLUS SHOCK,https://alrimaya.com/image/catalog/product/5909/ARB-63167-5909-thumb.jpg
ARB-63168,63168,NITROCHARGER PLUS SHOCK,https://alrimaya.com/image/catalog/product/5898/ARB-63168-5898-thumb.jpg
ARB-93045,93045,NITROCHARGER PLUS STRUT,https://alrimaya.com/image/catalog/product/5910/ARB-93045-5910-thumb.jpg
ARB-ARB4201V2,ARB4201V2,ARB COMPACT SLEEPING BAG II,https://alrimaya.com/image/catalog/product/5894/ARB-ARB4201V2-5894-thumb.jpg
ARB-ARB510A,ARB510A,ARB E-Z DEFLATOR,https://alrimaya.com/image/catalog/product/5895/ARB-ARB510A-5895-thumb.jpg
ARB-ARB601A,ARB601A,ARB DIGITAL TYRE INFLATOR,https://alrimaya.com/image/catalog/product/5896/ARB-ARB601A-5896-thumb.jpg
ARB-BP5190022L,BP5190022L,C/OVER: TOYOTA LC300 LH,https://alrimaya.com/image/catalog/product/5533/main-ARB-BP5190022L-5533-thumb.jpg
ARB-FK134,FK134,BRAKE LINE SPACER KIT,https://alrimaya.com/image/catalog/product/5913/ARB-FK134-5913-thumb.jpg
ARB-FK137,FK137,LC250 SWAY BAR BRKT KIT,https://alrimaya.com/image/catalog/product/5914/old-man-emu-sway-bar-spacer-kit-rear-fk137__46256-5914-thumb.jpg
ARB-OMEB40,OMEB40,SHOCK B/KIT-,https://alrimaya.com/image/catalog/product/5535/main-ARB-OMEB40-5535-thumb.jpg
ARB-OMETH002,OMETH002,TOP HAT,https://alrimaya.com/image/catalog/product/5534/main-ARB-OMETH002-5534-thumb.jpg
AR-LIT69,LIGHT1011,LED CAMPING LANTERN & FLASHLIGHT,https://alrimaya.com/image/catalog/product/5835/AR-LIT69-main-5835-thumb.jpg
AR-LIT70,LIGHT1011,LED CAMPING LANTERN,https://alrimaya.com/image/catalog/product/5924/AR-LIT70-(Cover)-5924-thumb.jpg
AR-LIT71,LIGHT1011,LED CAMPING LANTERN,https://alrimaya.com/image/catalog/product/5918/main-AL-LIT71-5918-thumb.jpg
GK-LIT72,LIGHT1011,GOKAMP CAMPING LIGHT ,https://alrimaya.com/image/catalog/product/5935/main-GK-LIT72 -5935-thumb.jpg
NC-NL1823,NL1823,NITECORE LI-ION RECHARGEABLE BATTERY 2300mAh,https://alrimaya.com/image/catalog/product/5431/main-5431-thumb.jpg
WD-VAC37,,WANDER PORTABLE VACCUM CLEANER AND BLOWER,https://alrimaya.com/image/catalog/product/5834/WD-VAC37-(main-5834-thumb.jpg
GLE-GH-7DC,,Rechargeable Insect Zapper IP24 5000mA battery,https://alrimaya.com/image/catalog/product/5460/GLE-GH-7DC-5460-thumb.jpg
GLE-GLT-20A,,"Solar Insect Killer IPX4, Solar Panel, 3.7V 8000m",https://alrimaya.com/image/catalog/product/5462/GLE-GLT-20A-5462-thumb.jpg
GLE-GLT-2B,,"Solar Insect Killer IPx4 Solar Panel, 3.7V 8000mAH",https://alrimaya.com/image/catalog/product/5461/GLE-GLT-2B-5461-thumb.jpg
NA-56051,NA-56051,Cast Iron Sauce Pan with Lid,https://alrimaya.com/image/catalog/product/4880/NA-56051-(1)-4880-thumb.jpg
TLR2546,TLR2546,مدة ازرق واحمر 100-67سم مع مركا,https://alrimaya.com/image/catalog/product/5785/TLR2546 (4)-5785-thumb.jpg
TLR2547,TLR2547,مدة بني مقلم 100-67سم مع مركا,https://alrimaya.com/image/catalog/product/5784/TLR2547 (4)-5784-thumb.jpg
WD-FAN10,FAN1022,WANDER HYDROFLOW FAN,https://alrimaya.com/image/catalog/product/5836/WD-FAN10--main-5836-thumb.jpg
2-54,LCL-2-54,500 PCS - رصاص ريتارجت 7.87 جرين عيار 4.5,https://alrimaya.com/image/catalog/product/5709/002-5709-thumb.jpg
2-55,LCL-2-55,500 PCS - رصاص ريتارجت 10.34 جرين عيار 4.5,https://alrimaya.com/image/catalog/product/5710/001-5710-thumb.jpg
2-56,LCL-2-56,500 PCS - رصاص ريتارجت 8.46 جرين عيار 4.5,https://alrimaya.com/image/catalog/product/5711/003-5711-thumb.jpg
WD-FUR105,CHR1001,WANDER FOLDING CHAIR,https://alrimaya.com/image/catalog/product/5919/main-WD-FUR105-5919-thumb.jpg
WD-FUR106,CHR1001,WANDER DOUBLE SEAT CAMPING CHAIR,https://alrimaya.com/image/catalog/product/5837/WD-FUR106-(main)-5837-thumb.jpg
ARB-17912010,17912010,ARB Base Rack Mount with Deflector,https://alrimaya.com/image/catalog/product/5666/Screenshot 2026-04-13 102804-5666-thumb.png
NA-PRO285E-BK,NA-PRO285E-BK,Napoleon Travelq Portable Electrical Grill,https://alrimaya.com/image/catalog/product/4776/NA-PRO285E-BK-(2)-4776-thumb.jpg
WD-LIT75,LIGHT1011,WANDER LIGHT STRING - RollGlow 12,https://alrimaya.com/image/catalog/product/5920/main-WD-LIT75-5920-thumb.jpg
WD-LIT76,LIGHT1011,WANDER STRING LAMP 20M,https://alrimaya.com/image/catalog/product/5925/Main-WD-LIT76-1-5925-thumb.jpg
AR-SLB35,AMAT1039,AIR MATTRESS 200*132*10CM,https://alrimaya.com/image/catalog/product/5926/AR-SLB35-(1)-5926-thumb.jpg
WD-TVL22ORG,BIDET1014,WANDER RECHARGEABLE BIDET SPRAYER 2.30L ORANGE,https://alrimaya.com/image/catalog/product/5927/WD-TVL22ORG-main-5927-thumb.jpg
WD-PWR22,PST1040,WANDER ADVANCE PORTABLE POWER STATION 2000W,https://alrimaya.com/image/catalog/product/5934/WD-PWR22-5934-thumb.jpg
WD-WST31,WATERG1015,WANDER WATER GALLON WITH FOLDABLE STAND 20L,https://alrimaya.com/image/catalog/product/5952/WD-WST31-5952-thumb.jpg
NA-55213,,Napoleon Carving Knife,https://alrimaya.com/image/catalog/product/4869/NA-55213-(1)-4869-thumb.jpg
WD-FUR87BN,TBL1002,WANDER FOLDING TABLE 63X51.5X45CM BROWN,https://alrimaya.com/image/catalog/product/5933/WD-FUR87BN(01)-5933-thumb.jpg